"","X","huc12","states","name","areasqkm","areaacres"
"1102","1102","090203161304","CN,ND","Windygates-Pembina River",106.6,26340.5
"1103","1103","090203140702","CN","Lower Vita Drain",142.12,35118.83
"5174","5174","090203160802","CN,ND","Township of Mount Carmel",36.39,8992.14
"5175","5175","090203160803","CN,ND","Township of Dresden",83.52,20637.39
"5176","5176","090203110803","CN,MN","Bradley Coulee",42.07,10396.06
"5177","5177","090203161305","CN,ND","Elkwood Cemetery-Pembina River",59.72,14756.78
"5178","5178","090203140808","CN,MN","Upper Main Drain",55.8,13789.44
"5179","5179","090203140701","CN","Upper Vita Drain",275.36,68042.69
"5180","5180","090203110804","CN,MN,ND","City of Pembina-Red River",67.42,16659.23
"5181","5181","090203160203","CN,ND","Crystal City-Cypress Creek",120.92,29880.48
"5182","5182","090203140803","CN","090203140803-Roseau River",45.62,11273.72
"7218","7218","170101060103","CN","Aldridge Creek",51.97,12841.34
"7220","7220","170101060104","CN","Bleasdell Creek-Elk River",107.57,26580.96
"7221","7221","170101060105","CN","Quarrie Creek",62.03,15327.88
"7223","7223","170101060107","CN","Miller Creek-Elk River",68.84,17011.14
"7224","7224","170101060201","CN","Henretta Creek",48.73,12042.18
"7225","7225","170101060202","CN","Headwaters Fording River",38.72,9567.68
"7226","7226","170101060203","CN","Kilmarnock Creek",43.86,10837.48
"7227","7227","170101060204","CN","Clode Creek-Fording River",42.77,10569.38
"7229","7229","170101060207","CN","Swift Creek-Fording River",58.69,14503.27
"7264","7264","170101060402","CN","Crossing Creek",41.92,10359.56
"7265","7265","170101060303","CN","Outlet Fording River",128.34,31712.74
"7266","7266","170101060404","CN","Boivin Creek",62.48,15437.98
"7267","7267","170101060405","CN","Weigert Creek",45.49,11242
"7268","7268","170101060406","CN","Brûlé Creek",86.63,21406.99
"7269","7269","170101060407","CN","Fording Mountain-Elk River",105.2,25994.25
"7270","7270","170101060504","CN","Marten Creek",41.92,10358.76
"7271","7271","170101060505","CN","Leach Creek",84.15,20794.82
"7272","7272","170101060509","CN","Erickson Creek",32.53,8038.63
"7286","7286","170101060602","CN","Grave Creek",41.95,10365.81
"7290","7290","170101060510","CN","Outlet Michel Creek",53.72,13273.26
"7291","7291","170101060601","CN","Harmer Creek",38.98,9630.97
"7292","7292","170101060603","CN","Headwaters Cummings Creek",101.32,25036.88
"7294","7294","170101060604","CN","Outlet Cummings Creek",32.46,8021.91
"7295","7295","170101060605","CN","Dalzell Creek-Elk River",111.27,27494.24
"7297","7297","170101060801","CN","Lladnar Creek",39.2,9686.87
"7298","7298","170101060802","CN","McCool Creek-Elk River",88.3,21820.6
"7299","7299","170101060803","CN","Hartley Creek-Elk River",103.9,25675.36
"7300","7300","170101060804","CN","Coal Creek",118.74,29341.16
"7301","7301","170101060805","CN","Fairy Creek-Elk River",59.88,14797.59
"7303","7303","170101060806","CN","Lizard Creek",45.16,11158.47
"7304","7304","170101060807","CN","Morrissey Creek",84.13,20789.81
"7305","7305","170101060808","CN","Cokato Creek-Elk River",104.45,25810.78
"7306","7306","170101060809","CN","Raymond Creek-Elk River",111.06,27444.66
"7307","7307","170102060101","CN","McEvoy Creek",44.88,11089.47
"7308","7308","170102060102","CN","Flathead Ridge-Flathead River",76.11,18808.25
"7532","7532","170102060103","CN","McLatchie Creek-Flathead River",144.26,35646.57
"7533","7533","170102060104","CN","Packhorse Creek-Flathead River",101.55,25092.71
"7680","7680","170102060202","CN","Commerce Creek",55.28,13660.39
"7682","7682","170102060105","CN","Harvey Creek",41.73,10311.32
"7683","7683","170102060106","CN","Cate Creek-Flathead River",73.59,18183.6
"7684","7684","170102060201","CN","Middlepass Creek",48.21,11913.41
"7685","7685","170102060203","CN","Leslie Creek",38.33,9472.03
"7687","7687","170102060204","CN","Cabin Creek",96.08,23741.51
"7688","7688","170102060205","CN","Howell Creek",104.69,25868.47
"7689","7689","170102060206","CN","Beryl Creek-Flathead River",101.51,25082.91
"7690","7690","170102160501","CN","Craigtown Creek",37.99,9387.89
"7694","7694","170102160803","CN","Outlet Salmo River",89.13,22025.37
"7709","7709","170101030301","CN","Norge Creek-Yahk River",63.36,15657.18
"7712","7712","170101030302","CN","North Gilnockie Creek",43.26,10689.08
"7715","7715","170102160601","CN","Clearwater Creek",50.98,12597.19
"7716","7716","170102160502","CN","Upper Erie Creek",77.03,19035.31
"7717","7717","170102160503","CN","Grassy Creek",31.28,7730.43
"7718","7718","170102160504","CN","Lower Erie Creek",88.85,21956.14
"7719","7719","170102160602","CN","Hall Creek",51.07,12619.33
"7720","7720","170102160603","CN","Barrett Creek",32.96,8143.73
"7721","7721","170102160604","CN","Ymir Creek",81.9,20237.36
"7722","7722","170102160605","CN","Porcupine Creek",68.66,16965.16
"7723","7723","170102160606","CN","Headwaters Salmo River",125.23,30944.27
"7724","7724","170102160607","CN","Hidden Creek",56.69,14009.56
"7725","7725","170102160608","CN","Boulder Mill Creek-Salmo River",50.85,12566
"7726","7726","170102160703","CN","Lime Creek-Lost Creek",61.79,15267.98
"7727","7727","170102160801","CN","Sheep Creek",135.08,33378.67
"7728","7728","170102160802","CN","Hellroaring Creek-Salmo River",68.26,16868.13
"7729","7729","170102161001","CN","Tillicum Creek-Pend d'Oreille River",59.42,14682.1
"7730","7730","170102161002","CN","Nine Mile Creek-Pend d'Oreille River",46.85,11576.97
"7970","7970","170102060309","CN,MT","Outlet Kishinena Creek",75.95,18766.68
"8139","8139","170101010101","CN","Mount Mike-Bull River",46.87,11580.72
"8140","8140","170101010104","CN","Norboe Creek-Bull River",116.52,28792.64
"8141","8141","170101010105","CN","Headwaters Quinn (Queen) Creek",87.17,21539.73
"8142","8142","170101010106","CN","Outlet Quinn (Queen) Creek",77.59,19171.78
"8143","8143","170101010107","CN","Burns Creek-Bull River",71.09,17567.84
"8144","8144","170101010203","CN","North Galbraith Creek",67,16555.48
"8175","8175","090400020603","CN","Hartleyville-Waterton River",65.14,16096.13
"8258","8258","090400020803","CN","090400020803",108.05,26700.56
"8379","8379","090400020103","CN,MT","Deer Lake-Belly River",71.75,17730.42
"8392","8392","090400020602","CN","Lower Foothill Creek",54.53,13475.2
"8426","8426","170101041201","CN","Headwaters Cultus Creek",60.6,14974.22
"8462","8462","170101041106","CN","Duck Lake",100.54,24844.36
"8466","8466","170101041103","CN","Upper Corn Creek",56.28,13905.95
"8468","8468","170101041303","CN","Headwaters Midge Creek",43.74,10808.86
"8469","8469","170101041304","CN","Outlet Midge Creek",97.91,24194.48
"8490","8490","090400021102","CN","Henderson Lake-Oldman River",73.1,18063.12
"8492","8492","090203180000","CN","Rat River-Tourond Creek",3228.91,797880.41
"8493","8493","170101040805","CN","Kianuko Creek",127.29,31454.17
"8507","8507","090400020202","CN","Upper Layton Creek",55.66,13754.58
"8512","8512","170101010205","CN","Lower Galbraith Creek",72.14,17826.81
"8513","8513","170101010305","CN","Iron Creek",110.57,27321.26
"8514","8514","170101010306","CN","Lime Creek-Bull River",145.92,36056.81
"8515","8515","170101010301","CN","Mount Kuleski-Sulphur Creek",102.02,25210.32
"8516","8516","170101010302","CN","Sulphur Creek",110.59,27326.37
"8517","8517","170101010401","CN","Haha Creek",75.12,18561.75
"8519","8519","170101010402","CN","Plumbob Creek",53.28,13166.22
"8520","8520","170101010403","CN","Upper Sand Creek",107,26440.4
"8522","8522","170101010404","CN","Little Sand Creek",125.17,30931.21
"8523","8523","170101010405","CN","Lower Sand Creek",57.41,14186.71
"8524","8524","170101010406","CN","Kikomun Creek",107.04,26451.14
"8528","8528","170101040803","CN","Kuttat Creek-Goat River",75.76,18720.11
"8529","8529","170101040804","CN","Skelly Creek",80.65,19928.54
"8530","8530","170101040806","CN","Leadville Creek",77.48,19145.83
"8531","8531","170101040807","CN","Cameron Creek-Goat River",159.18,39333.27
"8532","8532","170101040901","CN","Kid Creek",139.52,34475.29
"8533","8533","170101040902","CN","Headwaters Kitchener Creek",81.56,20154.67
"8534","8534","170101040903","CN","Outlet Kitchener Creek",57.31,14162.57
"8535","8535","170101040904","CN","Arrow Creek",108.02,26693.19
"8536","8536","170101040905","CN","Crackerjack Creek-Goat River",88,21744.31
"8537","8537","170101040906","CN","Dodds Creek-Goat River",87.12,21527.76
"8538","8538","170101041001","CN","Bayonne Creek",45.23,11177.55
"8539","8539","170101041002","CN","Upper Summit Creek",47.67,11779.88
"8540","8540","170101041003","CN","Blazed Creek",54.11,13371.6
"8541","8541","170101041004","CN","Middle Summit Creek",73.24,18097.73
"8542","8542","170101041005","CN","Lower Summit Creek",82.22,20317.85
"8544","8544","090400040000","CN","Oldman River-Willow Creek",4036.43,997423.81
"8546","8546","170101041107","CN","Boulder Creek",27.98,6914.59
"8547","8547","170101041108","CN","Leach Lake-Kootenay River",136.85,33816.07
"8548","8548","170101041202","CN","Laib Creek",69.16,17090.44
"8549","8549","170101041203","CN","Outlet Cultus Creek",51.19,12649.85
"8550","8550","170101041101","CN","French Slough",50.71,12531.9
"8551","8551","170101041102","CN","Buckworth Creek",44.39,10968.54
"8552","8552","170101041104","CN","Lower Corn Creek",42.04,10388.14
"8553","8553","170101041105","CN","Duck Creek",65.81,16262.18
"8554","8554","170101041301","CN","Kutetl Creek",53.36,13184.88
"8555","8555","170101041302","CN","Seeman Creek",68.65,16963.26
"8573","8573","170101041810","CN","Smallwood Creek-Kootenay River",383.74,94824.03
"8574","8574","170101041901","CN","Rover Creek",43.52,10753.94
"8575","8575","170101041902","CN","Glade Creek",37.64,9300.41
"8576","8576","170101041903","CN","McPhee Creek",35.85,8857.72
"8577","8577","170101050101","CN","North Moyie Creek-Moyie River",81.71,20191.07
"8589","8589","170101041403","CN","Gillis Creek",50.78,12547.35
"8590","8590","170101041405","CN","Upper Carney Creek",18.63,4602.86
"8593","8593","170101041408","CN","Lillian Creek",26.99,6669.49
"8595","8595","170101041409","CN","Middle Carney Creek",35.71,8823.04
"8596","8596","170101041411","CN","Outlet Fry Creek",109.65,27094.44
"8597","8597","170101041504","CN","Lower Keen Creek",72.32,17871.09
"8598","8598","170101041505","CN","Middle Kaslo River",75.79,18727.71
"8599","8599","170101041506","CN","Lower Kaslo River",35.43,8755.61
"8600","8600","170101041602","CN","Schroeder Creek",37.45,9253.8
"8608","8608","170101050308","CN","Christopher Creek",80.76,19956.17
"8624","8624","170101041606","CN","Lendrum Creek",38.67,9556.07
"8625","8625","170101041607","CN","Woodbury Creek",93.43,23086.8
"8626","8626","170101041608","CN","Coffee Creek",95.21,23526.66
"8627","8627","170101041701","CN","Shaw Creek",52.29,12921.74
"8628","8628","170101041702","CN","Headwaters Next Creek",77.89,19245.79
"8629","8629","170101041703","CN","Outlet Next Creek",82.94,20494.29
"8647","8647","170101041803","CN","Lasca Creek",69.31,17127.72
"8648","8648","170101041711","CN","Irvine Creek-Kootenay Lake",538.1,132967.85
"8649","8649","170101041801","CN","Harrop Creek",44.67,11038.61
"8650","8650","170101041805","CN","Five Mile Creek",53.25,13157.24
"8651","8651","170101041806","CN","Cottonwood Creek",63.62,15720.55
"8652","8652","170101050102","CN","Ridgeway Creek",44.22,10926.3
"8654","8654","170101050103","CN","Wuho Creek",38.08,9410.88
"8671","8671","170101050306","CN","Stone Creek-Moyie River",79.71,19696.46
"8672","8672","170101050303","CN","Sundown Creek",51.43,12708.21
"8673","8673","170101050304","CN","Farrell Creek-Moyie River",164.03,40532.76
"8675","8675","170101050305","CN","Irishman Creek",55.99,13835.01
"8676","8676","170101050307","CN","Englishman Creek",39.56,9774.56
"8677","8677","170101050104","CN","Palmer Bar Creek",86.77,21440.44
"8678","8678","170101050105","CN","Semlin Creek",135.88,33576.45
"8679","8679","170101050301","CN","Peavine Creek",80.31,19845.85
"8682","8682","170101050302","CN","Lamb Creek",120.36,29742.4
"9036","9036","170200010103","CN","Burton (Trout) Creek",82.17,20305.74
"9038","9038","090400020104","CN,MT","North Belly River",62.15,15356.4
"9040","9040","090400020403","CN,MT","Boundary Creek",52.83,13054.85
"9062","9062","170200010403","CN","Galloping Creek",37.73,9322.74
"9065","9065","170200010904","CN","China Creek-Columbia River",153.06,37822.48
"9103","9103","170200011201","CN,WA","Goodeve Creek",35.74,8832.67
"9112","9112","170200010101","CN","Woden Creek",74.92,18514.28
"9113","9113","170200010102","CN","Snow Creek",132.7,32790.69
"9116","9116","170200010202","CN","Lower Caribou Creek",121.03,29908.15
"9117","9117","170200010301","CN","Fife Creek",94.2,23276.14
"9118","9118","170200010302","CN","Upper Whatshan River",91.41,22586.91
"9120","9120","170200010303","CN","Stevens Creek",37.53,9272.73
"9121","9121","170200010304","CN","Middle Whatshan River",116.61,28815.66
"9123","9123","170200010305","CN","Upper Barnes Creek",67.39,16652.42
"9124","9124","170200010306","CN","Lower Barnes Creek",131.23,32427.82
"9125","9125","170200010307","CN","Lower Whatshan River",66.57,16450.27
"9126","9126","170200010401","CN","Upper Inonoaklin Creek",107.03,26448.31
"9127","9127","170200010402","CN","Cortiana Creek",47.4,11713.84
"9129","9129","170200010404","CN","Middle Inonoaklin Creek",126.98,31377.85
"9130","9130","170200010405","CN","Lower Inonoaklin Creek",76.94,19011.7
"9131","9131","170200010501","CN","Reinecker Creek-Columbia River",97.06,23984.37
"9133","9133","170200010502","CN","Stoney Creek-Columbia River",93.99,23225.38
"9134","9134","170200010503","CN","Heart Creek-Columbia River",99.69,24634.34
"9135","9135","170200010504","CN","Taite Creek",87.92,21724.94
"9136","9136","170200010505","CN","Applegrove-Columbia River",53.49,13218.86
"9137","9137","170200010602","CN","Faith Creek",56.6,13985.06
"9138","9138","170200010701","CN","Eagle Creek",108.11,26714.66
"9139","9139","170200010702","CN","Octopus Creek",46.16,11406.23
"9140","9140","170200010601","CN","Peter Creek",43.54,10758.21
"9141","9141","170200010603","CN","Dog Creek",96.91,23947.71
"9142","9142","170200010703","CN","Johnston Creek",81.49,20135.61
"9143","9143","170200010704","CN","Worthington Creek-Columbia River",83.64,20668.01
"9144","9144","170200010705","CN","Van Houten Creek",42.08,10396.98
"9145","9145","170200010706","CN","Hutchison Creek",41.06,10147.36
"9146","9146","170200010707","CN","Bowman Creek",60.59,14972.52
"9147","9147","170200010708","CN","Gladstone Creek-Columbia River",149.36,36908.72
"9148","9148","170200010709","CN","Renata Creek",86.13,21282.97
"9149","9149","170200010710","CN","Sunshine Creek-Columbia River",107.29,26511.19
"9150","9150","170200010801","CN","Deer Creek",82.56,20400.37
"9151","9151","170200010802","CN","Cayuse Creek",48.57,12001.63
"9152","9152","170200010803","CN","Moberly Creek",53.38,13191.22
"9153","9153","170200010804","CN","Little Cayuse Creek-Columbia River",148.11,36598.31
"9155","9155","170200010805","CN","Syringa Creek-Columbia River",102.81,25404.66
"9156","9156","170200010806","CN","Ladybird Creek",89.71,22168.03
"9157","9157","170200010807","CN","Upper Norns Creek",33.12,8183.43
"9159","9159","170200010808","CN","Lower Norns Creek",83.69,20679.98
"9160","9160","170200010809","CN","Rialto Creek-Columbia River",60,14825.14
"9161","9161","170200010901","CN","Blueberry Creek",149.28,36888.5
"9162","9162","170200010902","CN","Champion Creek",74.17,18327.54
"9163","9163","170200010903","CN","Murphy Creek",79.3,19594.39
"9164","9164","170200010905","CN","Hanna Creek",34.54,8535.39
"9166","9166","170200010906","CN","Trail Creek",53.89,13317.05
"9168","9168","170200010907","CN","Bear Creek",42.06,10392.86
"9169","9169","170200010908","CN","Upper Beaver Creek",98.74,24398.7
"9174","9174","170200010909","CN","Kelly Creek",35.38,8743.51
"9175","9175","170200010910","CN","Lower Beaver Creek",129.85,32085.73
"9176","9176","170200010911","CN","Topping Creek-Columbia River",142.77,35279.1
"9183","9183","010500041000","CN,ME","Bay of Fundy-Atlantic Ocean",3423.18,845886.5
"9200","9200","090400020606","CN","Outlet Waterton River",118.35,29244.82
"9202","9202","090400020604","CN","Springridge",58.47,14448.76
"9877","9877","090400020805","CN","090400020805-Belly River",98.13,24247.56
"9884","9884","090400020804","CN","McNab Coulee",84.81,20956.45
"9924","9924","090400021104","CN","Park Lake-Oldman River",139.09,34369.24
"10001","10001","090400021106","CN","Picture Butte-Oldman River",197.65,48839.46
"10013","10013","090400021103","CN","Davy Coulee",135.25,33421.53
"10035","10035","170102060308","CN","Headwaters Kishinena Creek",64.85,16023.71
"10383","10383","090400020203","CN","Lower Layton Creek",156.6,38697.47
"10401","10401","090400021105","CN","Picture Butte Reservoir",40.52,10013.16
"10409","10409","090400021000","CN","Keho Lake",90.71,22414.77
"10450","10450","090400020504","CN","Indian Springs-Waterton River",59.52,14708.82
"10458","10458","090400020508","CN","Waterton Reservoir-Waterton River",116.82,28867.66
"10460","10460","090400020901","CN","Monarch-Oldman River",66.37,16400.52
"10462","10462","090400020902","CN","Kipp-Oldman River",165.72,40950.31
"10464","10464","090400020201","CN","Breast Work Hill",130.46,32236.78
"10466","10466","090400020503","CN","Dungarvan Creek",78.04,19284.84
"10469","10469","090400020807","CN","090400020807-Belly River",57.98,14328.29
"10470","10470","090400020806","CN","090400020806-Belly River",71.11,17570.47
"10473","10473","090400020505","CN","Yarrow Creek",122.73,30327.39
"10474","10474","090400020303","CN","Strawberry Lake-Belly River",150.03,37073.5
"10478","10478","090400020507","CN","Lower Drywood Creek",49.15,12146.2
"10479","10479","090400020506","CN","Upper Drywood Creek",111.99,27672.41
"10482","10482","090400020304","CN","Cochrane Lake-Belly River",67,16556.19
"10484","10484","090400020701","CN","090400020701",48.87,12075.95
"10489","10489","090400020601","CN","Upper Foothill Creek",128.79,31824.35
"10494","10494","090400010601","CN,MT","East Fork Lee Creek",39.43,9742.63
"10495","10495","090400020702","CN","Stand Off",84.87,20972.71
"10499","10499","090400010602","CN,MT","West Fork Lee Creek",54.48,13462.05
"10500","10500","090400020703","CN","090400020703-Belly River",110.25,27244.07
"10503","10503","090400020903","CN","090400020903",93.76,23169.08
"10505","10505","090400021101","CN","Lethbridge County Airport",131.21,32421.51
"10507","10507","090400020405","CN,MT","Waterton Lake-Waterton River",103.31,25529.34
"10508","10508","090400020605","CN","090400020605-Waterton River",58.25,14393.98
"10510","10510","090400020802","CN","McBride Lake",89.18,22037.98
"10512","10512","090400020904","CN","Wild Turnip Hill-Oldman River",108.05,26698.87
"10516","10516","090400020404","CN,MT","Cameron Lake",79.31,19598.36
"10523","10523","090400020407","CN","Lower Waterton Lake-Waterton River",47.9,11835.37
"10524","10524","090400020801","CN","090400020801",94.33,23309.83
"10530","10530","090400020502","CN","Cottonwood Creek",65.36,16150.21
"10534","10534","090400020301","CN","Payne Lake",101,24956.81
"10536","10536","090400020501","CN","Crooked Creek",60.41,14927.59
"10537","10537","090400020406","CN","Blakiston Creek",157.09,38817.8
"10541","10541","170102060401","CN,MT","Kintla Creek",100.88,24927.79
"10543","10543","170102060304","CN","Upper Sage Creek",131.72,32549.43
"10545","10545","170102060307","CN","Akamina Creek",66.04,16319.39
"10546","10546","090400020302","CN","Giants Mirror-Belly River",115.19,28464.84
"10802","10802","170200020613","CN","China Creek-West Kettle River",97.24,24027.5
"10853","10853","171100210902","CN","Parker Creek-Nitinat River",134.76,33300.69
"10862","10862","171100050101","CN","Upper Sumallo River",116.17,28705.3
"10863","10863","171100050102","CN","Lower Sumallo River",96.88,23939.2
"10864","10864","171100050201","CN","Skaist River",109.33,27015.69
"10865","10865","171100050202","CN","Snass Creek",40.14,9920.01
"10866","10866","171100050203","CN","Headwaters Skagit River",113.95,28158.48
"10869","10869","171100210901","CN","Headwaters Nitinat River",115.47,28532.44
"10871","10871","171100210903","CN","Little Nitinat River",110.62,27335.61
"10872","10872","171100210904","CN","Worthless Creek-Nitinat River",83.52,20637.8
"10876","10876","171100211001","CN","Upper Caycuse River",58.77,14522.09
"10915","10915","171100210101","CN","Cragg Creek",36.83,9101.47
"10916","10916","171100210102","CN","West Leech River",63.83,15772.05
"10917","10917","171100210103","CN","Headwaters Sooke River",96.22,23776.59
"10918","10918","171100210104","CN","De Mamiel Creek",40.07,9900.78
"10919","10919","171100210401","CN","Upper Gordon River",93.06,22994.84
"10920","10920","171100210402","CN","Loup Creek",51.71,12778.25
"10921","10921","171100210403","CN","Middle Gordon River",58.46,14444.61
"10922","10922","171100210404","CN","Braden Creek",39.69,9806.48
"10923","10923","171100210501","CN","Headwaters San Juan River",81.21,20068.44
"10924","10924","171100210502","CN","Fleet River",71.32,17623.82
"10925","10925","171100210504","CN","Headwaters Lens Creek",39.58,9779.85
"10926","10926","171100210505","CN","Outlet Lens Creek",83.27,20577.52
"10927","10927","171100210506","CN","Middle San Juan River",79.03,19529.73
"10928","10928","171100210507","CN","Hemmingsen Creek",63.62,15721.5
"10929","10929","171100210508","CN","Harris Creek",81.65,20175.11
"10930","10930","171100210509","CN","Renfrew Creek",50.52,12483.1
"10931","10931","171100210603","CN","Headwaters Jordan River",83.02,20515.3
"10932","10932","171100211002","CN","Hatton Creek",42.47,10495.7
"10933","10933","171100211003","CN","Middle Caycuse River",42.1,10401.94
"10934","10934","171100211004","CN","Lower Caycuse River",48.02,11864.92
"10935","10935","171100211101","CN","Hobiton Creek",42.05,10391.35
"10936","10936","171100211102","CN","Doobah Creek",30.07,7430.12
"11316","11316","170200020706","CN","Outlet West Kettle River",90.1,22264.84
"11317","11317","170200070901","CN","Upper Siwash Creek",45.67,11284.97
"11318","11318","170200020702","CN","Big Goat Creek-West Kettle River",97.44,24077.09
"11319","11319","170200021009","CN","McCarren Creek-Boundary Creek",60.14,14862.13
"11320","11320","170200020703","CN","Kelly River",84.34,20840.92
"11321","11321","170200020704","CN","Taurus Creek-West Kettle River",88.25,21807.36
"11322","11322","170200021105","CN","Hulme Creek-Kettle River",112.04,27685.72
"11323","11323","170200021401","CN","McFarlane Creek",72.72,17969.27
"11324","11324","170200020705","CN","Conkle Creek",79.23,19578.32
"11325","11325","170200020801","CN","Crouse Creek",52.96,13087.62
"11327","11327","170200020802","CN","David Creek",38.1,9415.86
"11329","11329","170200020612","CN","Lower Beaverdell Creek",79.08,19541.95
"11330","11330","170200020701","CN","Tuzo Creek",78.24,19332.46
"11331","11331","170200020803","CN","Lost Horse Creek-Kettle River",107.28,26509.76
"11332","11332","170200020804","CN","Ouellette Creek-Kettle River",99.74,24646.57
"11333","11333","170200070905","CN","Lower Siwash Creek",68.98,17044.45
"11334","11334","170200070902","CN","Galena Creek",34.71,8575.83
"11335","11335","170200020805","CN","Fiva Creek",37.28,9210.96
"11336","11336","170200070903","CN","Middle Siwash Creek",61.82,15277.26
"11337","11337","170200020806","CN","Steep Creek-Kettle River",76.54,18913.75
"11338","11338","170200070904","CN","Simem Creek",42.62,10530.83
"11340","11340","170200071001","CN","Shinish Creek",62.65,15480.88
"11341","11341","170200071002","CN","Spukunne Creek",47.8,11811.07
"11342","11342","170200071003","CN","Grant Creek",50,12354.3
"11343","11343","170200071004","CN","Finnegan Creek",41.36,10219.28
"11344","11344","170200071005","CN","Upper Hayes Creek",83.86,20722.28
"11345","11345","170200021002","CN","Christensen Creek",46.56,11504.15
"11346","11346","170200021001","CN","West Fork Boundary Creek",38.81,9591.23
"11348","11348","170200021003","CN","Henderson Creek",51.09,12624.34
"11349","11349","170200021008","CN","Motherlode Creek-Boundary Creek",109.48,27052.9
"11350","11350","170200071609","CN","Shoemaker Creek-Similkameen River",92.27,22799.57
"11351","11351","170200071606","CN","Cahill Creek-Similkameen River",107.24,26500.02
"11354","11354","170200071607","CN","Winters Creek",54.41,13445.71
"11355","11355","170200071608","CN","Paul Creek",110.27,27248.19
"11356","11356","170200071601","CN","Steven Creek-Similkameen River",110.35,27268.14
"11357","11357","170200071602","CN","Smith Creek",126.53,31265.01
"11358","11358","170200071603","CN","Arcat Creek-Similkameen River",98.68,24383.57
"11359","11359","170200071604","CN","Pettigrew Creek",65.84,16270.35
"11360","11360","170200071605","CN","Whistle Creek",42.4,10477.83
"11361","11361","170200071701","CN","Upper Keremeos Creek",72.29,17864.36
"11362","11362","170200071702","CN","Middle Keremeos Creek",104.27,25764.89
"11363","11363","170200071703","CN","Lower Keremeos Creek",47.05,11625.95
"11369","11369","170200021010","CN,WA","Outlet Boundary Creek",61.28,15143.17
"11370","11370","170200021708","CN,WA","LaFleur Creek-Kettle River",171.88,42471.21
"11372","11372","170200021402","CN","Headwaters Burrell Creek",105.11,25972.67
"11373","11373","170200021403","CN","Gloucester Creek",34.82,8603.54
"11374","11374","170200021404","CN","Upper Burrell Creek",73.65,18198.82
"11375","11375","170200021405","CN","Franklin Creek",52.74,13031.86
"11376","11376","170200021406","CN","Middle Burrell Creek",47.66,11776.18
"11377","11377","170200021407","CN","Bluejoint Creek",50.64,12513.89
"11386","11386","170200021507","CN","Gable Creek",104.51,25824.44
"11387","11387","170200021504","CN","Bluejoint Mountain-Granby River",83.3,20584.2
"11388","11388","170200021505","CN","Howe Creek",46.26,11431.16
"11389","11389","170200021506","CN","Traverse Creek-Granby River",82.16,20301.44
"11390","11390","170200021408","CN","St. Annes Creek",53.15,13133.01
"11391","11391","170200021409","CN","Lower Burrell Creek",127.56,31521.05
"11392","11392","170200021501","CN","Headwaters Granby River",125.38,30981.52
"11393","11393","170200021502","CN","Midway Range-Granby River",123.26,30457.41
"11394","11394","170200021503","CN","Cane Creek-Granby River",53.26,13159.61
"11395","11395","170200021508","CN","Burns Creek-Granby River",85.68,21170.78
"11396","11396","170200021601","CN","Almond Creek",86.66,21413.78
"11641","11641","170200021602","CN","Wisemen Creek-Granby River",45.4,11218.07
"11643","11643","170200021603","CN","Kennedy Creek",39.48,9756.26
"11644","11644","170200021604","CN","Morrell Creek",54.81,13542.92
"11646","11646","170200021605","CN","Headwaters Lynch Creek",80,19767.25
"11647","11647","170200021606","CN","Outlet Lynch Creek",47.75,11798.47
"11648","11648","170200021607","CN","Pass Creek",81.7,20188.5
"11649","11649","170200021609","CN","Brown Creek-Granby River",105.88,26162.41
"11651","11651","170200021805","CN","Sutherland Creek",93.18,23025.64
"11652","11652","170200021806","CN","Christina Creek",188.81,46655.86
"11653","11653","170200060101","CN","Ewer Creek",52.56,12987.78
"11654","11654","170200021608","CN","Miller Creek-Granby River",94.47,23345.17
"11655","11655","170200021610","CN","Outlet Granby River",104.38,25793.96
"11656","11656","170200021801","CN","Sandner Creek",81.1,20039.78
"11657","11657","170200021802","CN","Texas Creek",45.1,11143.65
"11658","11658","170200021803","CN","Upper McRae Creek",62.17,15363.36
"11659","11659","170200021804","CN","Lower McRae Creek",52.43,12955.56
"11660","11660","170200060102","CN","Headwaters Equesis Creek",78.78,19467.27
"11661","11661","170200060103","CN","Outlet Equesis Creek",72.12,17820.28
"11662","11662","170200060201","CN","Headwaters Deep Creek",74.47,18402.33
"11663","11663","170200060202","CN","Outlet Deep Creek",144.66,35745.75
"11664","11664","170200060203","CN","Naswhito Creek",86.54,21385.64
"11665","11665","170200060204","CN","Headwaters Whiteman Creek",88.36,21833.65
"11666","11666","170200060205","CN","Bouleau Creek",72.14,17825.41
"11681","11681","170200060310","CN","Outlet Vernon Creek",26.78,6616.27
"11684","11684","170200060302","CN","Upper Vernon Creek",83.05,20521.3
"11685","11685","170200060206","CN","Outlet Whiteman Creek",41.56,10269.35
"11686","11686","170200060207","CN","Irish Creek-Okanagan Lake",163.37,40368.94
"11687","11687","170200060301","CN","Headwaters Vernon Creek",120.28,29721.9
"11688","11688","170200060303","CN","Oyama Creek",44.02,10877.54
"11690","11690","170200060304","CN","Craster Creek",40.67,10050.42
"11691","11691","170200060704","CN","Joe Rich Creek",49.73,12288.11
"11692","11692","170200060305","CN","Headwaters Coldstream Creek",75.46,18647.62
"11694","11694","170200060306","CN","Outlet Coldstream Creek",89.91,22217.28
"11696","11696","170200060307","CN","Headwaters B.X. Creek",76.1,18803.73
"11704","11704","170200020101","CN","McIntyre Creek",57.95,14320.84
"11706","11706","170200020102","CN","Trapp Creek-Kettle River",107.11,26468.31
"11707","11707","170200020103","CN","Bruer Creek",115.56,28555.87
"11708","11708","170200020104","CN","Strutell Creek-Kettle River",105.26,26009.27
"11709","11709","170200020201","CN","Upper Rendell Creek",63.15,15604.79
"11710","11710","170200020202","CN","Goatskin Creek",106.56,26331.79
"11711","11711","170200020203","CN","Middle Rendell Creek",84.48,20875.18
"11712","11712","170200020204","CN","Cochrane Creek",52.72,13026.44
"11713","11713","170200020205","CN","Lower Rendell Creek",74.84,18492.99
"11714","11714","170200020301","CN","Headwaters Winnifred Creek",77.97,19266.8
"11715","11715","170200020302","CN","Outlet Winnifred Creek",69.95,17285.36
"11716","11716","170200060402","CN","Headwaters Lambly Creek",77.15,19065.02
"11720","11720","170200060401","CN","Terrace Creek",80.92,19995.23
"11721","11721","170200060403","CN","Outlet Lambly Creek",85.89,21224.66
"11722","11722","170200060501","CN","Headwaters Mill Creek",108,26687.09
"11723","11723","170200060308","CN","Outlet B.X. Creek",53.98,13338
"11724","11724","170200060309","CN","Lower Vernon Creek",142.21,35141.51
"11725","11725","170200060502","CN","Scotty Creek",40.25,9947.04
"11727","11727","170200060503","CN","Outlet Mill Creek",75.44,18640.38
"11728","11728","170200060601","CN","Headwaters Shorts Creek",74.36,18375.45
"11729","11729","170200071006","CN","Middle Hayes Creek",74.96,18523.98
"11730","11730","170200071201","CN","Headwaters Hadley Creek",94.69,23398.51
"11731","11731","170200071202","CN","Upper McNulty Creek",86.77,21440.99
"11732","11732","170200071203","CN","Middle McNulty Creek",47.72,11792.48
"11733","11733","170200071007","CN","Red Creek",115.97,28656.06
"11734","11734","170200071008","CN","Lower Hayes Creek",48.08,11881.54
"11735","11735","170200071101","CN","Headwaters Wolfe Creek",74.65,18446.85
"11736","11736","170200071102","CN","Willis Creek",118.37,29249.01
"11737","11737","170200071103","CN","Outlet Wolfe Creek",49.04,12117.19
"11738","11738","170200071204","CN","Lower McNulty Creek",70.46,17411.77
"11739","11739","170200071205","CN","Outlet Hadley Creek",95.93,23704.01
"11740","11740","170200071305","CN","Young Creek",91.61,22636.63
"11741","11741","170200071306","CN","McBride Creek-Ashnola River",81.59,20162.26
"11742","11742","170200071501","CN","Etches Creek-Ashnola River",120.19,29698.52
"11743","11743","170200071502","CN","Lakeview Creek",61.86,15286.26
"11744","11744","170200071503","CN","Spring Creek-Ashnola River",48.72,12038.15
"11745","11745","170200071504","CN","Gillanders Creek-Ashnola River",107.15,26477.18
"11746","11746","170200060605","CN","Brandt Creek",38.44,9498.69
"11748","11748","170200060602","CN","Outlet Shorts Creek",111.21,27479.69
"11749","11749","170200060603","CN","Anderson Brook-Okanagan Lake",135.47,33474.24
"11750","11750","170200060604","CN","Jennie Creek-Okanagan Lake",132.62,32772
"11751","11751","170200060606","CN","Keefe Creek-Okanagan Lake",75.65,18692.76
"11752","11752","170200060701","CN","Headwaters Mission Creek",70.2,17345.58
"11754","11754","170200060702","CN","Upper Mission Creek",107.8,26636.96
"11756","11756","170200060703","CN","Pearson Creek",73.27,18106.3
"11758","11758","170200020306","CN","Outlet Damfino Creek",79.53,19651.38
"11759","11759","170200020303","CN","Haggart Creek-Kettle River",113.81,28121.98
"11760","11760","170200020304","CN","Split Creek",50.75,12540.29
"11761","11761","170200020305","CN","Headwaters Damfino Creek",81.75,20201.83
"11762","11762","170200020307","CN","Nevertouch Creek-Kettle River",95.77,23664.41
"11764","11764","170200020401","CN","Hellroarer Creek",60.01,14828.36
"11765","11765","170200020402","CN","Copperkettle Creek",114.92,28396.19
"11766","11766","170200020403","CN","Grano Creek",39.74,9819.06
"11768","11768","170200020404","CN","Thone Creek",45.64,11277.43
"11769","11769","170200020405","CN","State Creek-Kettle River",98.8,24413.82
"11771","11771","170200020406","CN","Paturages Creek",57.08,14104.27
"11772","11772","170200020407","CN","Dear Creek-Kettle River",56.87,14052.1
"11773","11773","170200061205","CN","Matheson Creek-Okanagan River",136.31,33681.82
"11774","11774","170200020501","CN","Headwaters Wilkinson Creek",91.41,22588.55
"11776","11776","170200020502","CN","Stirling Creek",92.35,22819.2
"11777","11777","170200020503","CN","Dale Creek",66.44,16418.57
"11784","11784","170200060708","CN","Hydraulic Creek",81.79,20209.77
"11785","11785","170200060705","CN","Headwaters Belgo Creek",98.81,24417
"11787","11787","170200060706","CN","Outlet Belgo Creek",80.99,20012.81
"11788","11788","170200060707","CN","Lower Mission Creek",134.47,33227.62
"11790","11790","170200060709","CN","Klo Creek",75.7,18706.4
"11792","11792","170200060710","CN","Outlet Mission Creek",72.35,17878.27
"11793","11793","170200060801","CN","Bellevue Creek",87.77,21689.57
"11794","11794","170200060802","CN","McDougall Creek",53.47,13212.37
"11795","11795","170200060803","CN","Powers Creek",145.31,35907.02
"11796","11796","170200060804","CN","Lebanon Creek-Okanagan Lake",159.92,39517.65
"11797","11797","170200060805","CN","Headwaters Trépanier Creek",121.84,30106.24
"11798","11798","170200060806","CN","Outlet Trépanier Creek",138.21,34151.69
"11799","11799","170200060807","CN","Greata Creek",44.52,11002.35
"11800","11800","170200060808","CN","Peachland Creek",103.85,25662.8
"11801","11801","170200060809","CN","Deeper Creek-Okanagan Lake",116.99,28909.79
"11802","11802","170200060901","CN","North Trout Creek",58.39,14427.47
"11804","11804","170200060902","CN","Headwaters Trout Creek",89.74,22175.79
"11806","11806","170200020507","CN","Outlet Wilkinson Creek",66.97,16548.78
"11807","11807","170200020504","CN","South Saunier Creek",38.78,9583.26
"11809","11809","170200020505","CN","Campbell Creek",69.6,17197.57
"11810","11810","170200061201","CN","Ellis Creek",160.69,39707.11
"11811","11811","170200020506","CN","Saunier Creek",84.82,20960.14
"11812","11812","170200020601","CN","Two John Lake",63.43,15673.03
"11813","11813","170200020602","CN","Headwaters West Kettle River",109.54,27067.06
"11814","11814","170200020603","CN","Campin Creek-West Kettle River",58.45,14444.37
"11815","11815","170200020604","CN","Kallis Creek",69.27,17115.83
"11824","11824","170200060909","CN","Darke Creek",77.66,19191.39
"11825","11825","170200060903","CN","Camp Creek",36.57,9037.81
"11827","11827","170200060904","CN","Upper Trout Creek",124.2,30690.29
"11831","11831","170200060905","CN","Lost Chain Creek",39.93,9867.72
"11833","11833","170200060906","CN","Middle Trout Creek",49.16,12147.7
"11835","11835","170200060907","CN","Bull Creek",47.69,11785.14
"11836","11836","170200060908","CN","Isintok Creek",47.35,11701.52
"11837","11837","170200060910","CN","Lower Trout Creek",103.61,25603.72
"11838","11838","170200060911","CN","Outlet Trout Creek",71.69,17715.95
"11839","11839","170200061001","CN","Chute Creek",77.54,19160.53
"11840","11840","170200061002","CN","Eneas Creek",92.35,22819.24
"11846","11846","170200061006","CN","Outlet Penticton Creek",69.39,17146.37
"11847","11847","170200061003","CN","Frederick Creek-Okanagan Lake",140.04,34603.84
"11848","11848","170200061004","CN","Naramata Creek",41.81,10330.25
"11849","11849","170200020608","CN","Hall Creek",42.78,10572.29
"11850","11850","170200061005","CN","Headwaters Penticton Creek",110.65,27341.96
"11851","11851","170200061007","CN","Turnbull Creek-Okanagan Lake",188.53,46586.73
"11852","11852","170200061101","CN","Headwaters Shingle Creek",79.71,19697.58
"11853","11853","170200061102","CN","Shatford Creek",140.21,34647.4
"11854","11854","170200061103","CN","Outlet Shingle Creek",78.67,19440.2
"11855","11855","170200020606","CN","North Trapping Creek",43.19,10673.29
"11856","11856","170200020607","CN","Trapping Creek",104.77,25890.27
"11858","11858","170200020605","CN","Ptarmigan Creek-West Kettle River",62.75,15507.07
"11866","11866","170200061202","CN","McLean Creek",63.22,15621.34
"11868","11868","170200061203","CN","Marron River",73.84,18245.5
"11869","11869","170200061204","CN","Shuttleworth Creek",89.96,22229.55
"11870","11870","170200061301","CN","Solco Creek",78.8,19472.22
"11871","11871","170200061302","CN","Headwaters Vaseux Creek",123.31,30470.51
"11872","11872","170200061303","CN","Outlet Vaseux Creek",92.2,22783.41
"11873","11873","170200061401","CN","Vaseux Lake-Okanagan River",48.81,12060.2
"11875","11875","170200061402","CN","Kearns Creek",45.49,11241.04
"11876","11876","170200061403","CN","Headwaters Park Rill",96.44,23829.78
"11877","11877","170200061404","CN","Outlet Park Rill",64.89,16035.36
"11878","11878","170200061405","CN","Wolfcub Creek",71.41,17646.53
"11884","11884","170200070201","CN","Fat Dog Creek-Similakameen River",66.83,16514.4
"11885","11885","170200070302","CN","Holding Creek-Tulameen River",81.56,20155.07
"11886","11886","170200070303","CN","Vuich Creek",80.12,19797.88
"11887","11887","170200061406","CN","Testalinden Creek-Okanagan River",155.58,38445.1
"11888","11888","170200070301","CN","Podunk Creek",47.73,11793.14
"11889","11889","170200070304","CN","Squakin Creek-Tulameen River",42.11,10406.5
"11890","11890","170200070401","CN","Headwaters Otter Creek",49.76,12294.89
"11891","11891","170200070402","CN","Upper Otter Creek",92.36,22823.48
"11892","11892","170200070403","CN","McCullough Creek",79.69,19692.51
"11893","11893","170200070404","CN","McPhail Creek",60.52,14955.11
"11894","11894","170200070405","CN","Spearing Creek",71.67,17708.82
"11895","11895","170200070406","CN","Myren Creek",34.56,8540.52
"11896","11896","170200070407","CN","Middle Otter Creek",89.46,22105.86
"11897","11897","170200070408","CN","Thynne Creek",46.09,11388.74
"11898","11898","170200070409","CN","Lower Otter Creek",68.29,16875.82
"11899","11899","170200070410","CN","Outlet Otter Creek",80.26,19832.14
"11900","11900","170200070501","CN","Arrastra Creek",64.08,15835.64
"12131","12131","170200070503","CN","Outlet Granite Creek",100.4,24810.05
"12132","12132","170200070502","CN","Headwaters Granite Creek",103,25450.76
"12133","12133","170200070601","CN","Champion Creek",52.02,12854.33
"12134","12134","170200070602","CN","Britton Creek",68.17,16845.65
"12135","12135","170200070603","CN","Lawless Creek",116.06,28680.24
"12136","12136","170200070604","CN","Olivine Creek-Tulameen River",143.82,35538.13
"12137","12137","170200070605","CN","Asp Creek",65.42,16164.46
"12138","12138","170200070606","CN","Cook Creek-Tulameen River",140.77,34784.62
"12139","12139","170200070701","CN","Placer Creek",73.3,18111.6
"12140","12140","170200070702","CN","Headwaters Copper Creek",101,24956.5
"12141","12141","170200070703","CN","Outlet Copper Creek",64.81,16013.96
"12142","12142","170200070704","CN","Belgie Creek-Similkameen River",110.56,27320.04
"12143","12143","170200070705","CN","Headwaters Whipsaw Creek",101.4,25057.04
"12144","12144","170200070706","CN","Outlet Whipsaw Creek",84.82,20960.39
"12154","12154","170200020609","CN","Carmi Creek",46.2,11417.21
"12159","12159","170200020610","CN","Upper Beaverdell Creek",45.68,11288.19
"12162","12162","170200020611","CN","Middle Beaverdell Creek",48.11,11887.72
"12167","12167","170200070802","CN","Shrimpton Creek",79.85,19732.32
"12168","12168","170200070707","CN","Sunday Creek-Similkameen River",98.53,24348.06
"12169","12169","170200070708","CN","Bromley Creek-Similkameen River",75.52,18661.02
"12170","12170","170200070801","CN","Upper Allison Creek",107.72,26619.4
"12171","12171","170200070803","CN","Dillard Creek",38.75,9576.23
"12172","12172","170200070804","CN","Missezula Lake-Summers Creek",69.83,17254.91
"12174","12174","170200070805","CN","Rampart Creek",51.39,12698.75
"12175","12175","170200070806","CN","Galois Creek-Summers Creek",109.69,27104.34
"12176","12176","170200070807","CN","Middle Allison Creek",94.15,23264.33
"12177","12177","170200070808","CN","Lower Allison Creek",49.1,12133.87
"12182","12182","190103040102","CN","190103040102",118.38,29252.42
"12183","12183","190103040103","CN","190103040103",136.82,33808.69
"12184","12184","190103040304","CN","190103040304",158.34,39126.45
"12185","12185","190103040302","CN","190103040302",124.11,30667.45
"12186","12186","190103040207","CN","190103040207",98.46,24330.72
"12187","12187","190103040204","CN","190103040204",118.04,29167.67
"12189","12189","190102060308","CN","190102060308",83.31,20586.26
"12191","12191","190102070906","AK,CN","Mount Gallatin",27.05,6685.16
"12192","12192","190103040702","AK,CN","Boundary Creek",67.36,16644.47
"12195","12195","190103040605","AK,CN","Demorest Glacier",201.67,49834.81
"12196","12196","190103040502","AK,CN","Wright River",239.6,59206.59
"12197","12197","190103040701","AK,CN","Wilms Creek",103.32,25532.07
"12198","12198","190103040401","AK,CN","190103040401",115.21,28469.58
"12199","12199","190103040305","CN","190103040305",124.69,30812.13
"12200","12200","190103040101","CN","190103040101",99.11,24491.49
"12201","12201","190103040306","CN","190103040306",109.45,27045.6
"12202","12202","190102060605","AK,CN","190102060605-Mount Brundage",72.48,17910.57
"12208","12208","190102060606","AK,CN","Crescent Lake",133.02,32870.41
"12210","12210","190102060903","AK,CN","190102060903-Dawes Glacier",334.27,82598.61
"12211","12211","190102060602","AK,CN","190102060602",99.91,24687.42
"12233","12233","190103020602","AK,CN","Muir Glacier",130.7,32297.04
"12235","12235","190103040303","CN","190103040303",60.26,14890.7
"12236","12236","190103040301","CN","190103040301",49.33,12189.05
"12237","12237","190103040206","CN","190103040206",109.33,27015.97
"12238","12238","190103040202","AK,CN","190103040202",130.37,32215.71
"12239","12239","190103040201","CN","190103040201",136.83,33812.36
"12240","12240","190103040205","CN","190103040205",99.33,24544.98
"12241","12241","190103040307","CN","190103040307",116.4,28763.72
"12242","12242","190103040706","AK,CN","Moose Creek-Taku River",151.88,37530.51
"12243","12243","190102060202","AK,CN","190102060202",105.7,26119.49
"12244","12244","190102060102","CN","190102060102",114.77,28359.47
"12245","12245","190102060403","CN","190102060403",54.96,13580.4
"12247","12247","190102060401","CN","190102060401",47.94,11847.42
"12249","12249","190102060402","CN","190102060402",43.96,10862.49
"12250","12250","190102060405","CN","190102060405",160.11,39563.35
"12253","12253","190102060603","AK,CN","190102060603",95.4,23574.92
"12254","12254","190102060601","CN","190102060601",61.22,15128.58
"12255","12255","190102060404","CN","190102060404",79.59,19667.6
"12256","12256","190102060306","CN","190102060306",69.6,17199.32
"12257","12257","190102060305","CN","190102060305",76.9,19001.52
"12258","12258","190102060303","CN","190102060303",66.54,16442.05
"12259","12259","190102060302","CN","190102060302",67.43,16661.64
"12260","12260","190102060301","CN","190102060301",102.54,25338.57
"12261","12261","190102060304","CN","190102060304",102.23,25262.65
"12262","12262","190102060501","AK,CN","190102060501",60.36,14915.24
"12276","12276","190102070908","AK,CN","Shakes Glacier",113.83,28128.49
"12280","12280","190102071001","AK,CN","190102071001-LeConte Glacier",205.15,50693.66
"12281","12281","190102060307","CN","190102060307",98.9,24439.47
"12282","12282","190102060101","CN","190102060101",75.29,18604.19
"12283","12283","190102061002","AK,CN","190102061002",191.99,47441.13
"12284","12284","190102060103","CN","190102060103",70.95,17533.09
"12285","12285","190102060203","AK,CN","190102060203",72.93,18021.75
"12286","12286","190102060201","CN","190102060201",72.85,18000.5
"12288","12288","190102060502","AK,CN","Speel Glacier-Speel River",118.78,29351.35
"12294","12294","190103020601","AK,CN","Morse Glacier",57.98,14326.73
"12296","12296","190102070905","AK,CN","Ketili Creek",31.8,7857.63
"12299","12299","190102070909","AK,CN","Shakes Slough",101.18,25001.15
"12300","12300","190102070903","AK,CN","Kikahe River",104.84,25906.22
"12303","12303","190102061103","AK,CN","190102061103-Sawyer Glacier",91.98,22728.14
"12348","12348","190103010206","AK,CN","190103010206-Mount Bressler",140.56,34733.52
"12350","12350","190103020103","CN","190103020103",61.37,15165.89
"12351","12351","190103020204","AK,CN","Tarr Inlet",209.24,51703.12
"12353","12353","190102070803","AK,CN","Outlet West Fork Katete River",79.38,19614.6
"12354","12354","190102070907","AK,CN","190102070907",104.25,25759.71
"12357","12357","190102071002","AK,CN","Mount Pratt",158.42,39146.02
"12359","12359","190102070604","CN","190102070604",67.92,16784.48
"12360","12360","190102070503","CN","190102070503",73.36,18127.33
"12361","12361","190101050404","AK,CN","Smith Lake-Lake Creek",150.26,37131.02
"12368","12368","190101050802","AK,CN","Chickamin Glacier",110.26,27245.17
"12584","12584","190102080105","AK,CN","Witches Cauldron",162.38,40125.39
"12588","12588","190102050207","CN","190102050207",57.82,14287.55
"12589","12589","190102050102","CN","190102050102",69.47,17167.44
"12621","12621","190101050702","AK,CN","190101050702-Mount John Jay",62.12,15349.11
"12624","12624","190101050402","AK,CN","Hell Roaring Creek-Unuk River",111.49,27550.46
"12625","12625","190101050701","AK,CN","Upper Leduc River",139.69,34518.79
"12631","12631","190103020102","AK,CN","190103020102",52.9,13071.35
"12636","12636","190102050405","CN","190102050405",88.82,21947.97
"12637","12637","190102050404","AK,CN","190102050404",134.84,33319.42
"12638","12638","190102050403","CN","190102050403",127.51,31507.24
"12639","12639","190102050306","CN","190102050306",90.11,22266.28
"12640","12640","190102050304","CN","190102050304",74.93,18515.7
"12641","12641","190102050402","CN","190102050402",82.75,20448.29
"12642","12642","190102050401","CN","190102050401",120.3,29726.09
"12643","12643","190102070603","CN","190102070603",53.51,13222.52
"12644","12644","190102070601","CN","190102070601",46.19,11414.62
"12645","12645","190102070402","CN","190102070402",50.64,12513.75
"12646","12646","190102070602","CN","190102070602",39.82,9838.64
"12647","12647","190102070304","CN","190102070304",141.04,34851.02
"12648","12648","190102070301","CN","190102070301",60.42,14930.29
"12649","12649","190102070202","CN","190102070202",113.64,28080.84
"12650","12650","190102070201","CN","190102070201",142.25,35150.25
"12651","12651","190102070104","CN","190102070104",170.69,42178.26
"12652","12652","190102070103","CN","190102070103",73.56,18178.17
"12653","12653","190102070102","CN","190102070102",163.04,40286.82
"12654","12654","190102070101","CN","190102070101",154.36,38142.56
"12655","12655","190102070303","CN","190102070303",101.96,25195.47
"12656","12656","190102070302","CN","190102070302",94.81,23427.76
"12657","12657","190102070611","CN","190102070611",154.9,38275.53
"12658","12658","190102070305","CN","190102070305",71.35,17630.07
"12659","12659","190102070610","CN","190102070610",78.89,19494.69
"12660","12660","190102070609","CN","190102070609",59.5,14703.02
"12663","12663","190102050208","CN","190102050208",161.2,39833.43
"12664","12664","190102050103","CN","190102050103",123.79,30588.99
"12665","12665","190102050303","AK,CN","190102050303",94.16,23268.31
"12667","12667","190102070401","AK,CN","190102070401",157.21,38848.1
"12668","12668","190102070608","AK,CN","190102070608",133.2,32913.96
"12669","12669","190102070702","AK,CN","190102070702",119.84,29613.85
"12676","12676","190102050203","CN","190102050203",99.39,24559.01
"12677","12677","190102050204","CN","190102050204",54.78,13536.8
"12678","12678","190102050202","CN","190102050202",70.56,17434.65
"12679","12679","190102050101","CN","190102050101",84.26,20819.88
"12680","12680","190102050201","CN","190102050201",54.46,13457.01
"12681","12681","190102050406","CN","190102050406",306.86,75826.29
"12682","12682","190102050301","AK,CN","190102050301",53.55,13231.7
"12683","12683","190102050309","CN","190102050309",105.96,26183.48
"12684","12684","190102050308","CN","190102050308",54.78,13536.95
"12685","12685","190102050307","AK,CN","190102050307",94.88,23445.54
"12686","12686","190102050305","CN","190102050305",69.13,17083.37
"12687","12687","190102050206","CN","190102050206",85.1,21028.96
"12688","12688","190102050205","CN","190102050205",91.27,22553.78
"12689","12689","190102050302","AK,CN","South Fork Craig River",95.39,23572.08
"12690","12690","190102070506","CN","190102070506",152.7,37731.95
"12691","12691","190102070504","CN","190102070504",144.35,35670.11
"12692","12692","190102070505","CN","190102070505",154.77,38244.06
"12693","12693","190102070606","CN","190102070606",81.44,20124.07
"12694","12694","190102070502","CN","190102070502",78.83,19478.21
"12695","12695","190102070203","CN","190102070203",78.52,19403.33
"12696","12696","190102070501","CN","190102070501",106.32,26273.36
"12697","12697","190102070105","CN","190102070105",95.21,23526.05
"12698","12698","190102070204","CN","190102070204",160.29,39609.26
"12699","12699","190102070403","CN","190102070403",74.89,18504.6
"12700","12700","190102070804","CN","190102070804",42.71,10554.59
"12701","12701","190102070607","CN","190102070607",59.7,14752.88
"12702","12702","190102070902","CN","190102070902-Stikine River",64.22,15868.49
"12703","12703","190102070605","CN","190102070605",141.69,35011.18
"12715","12715","190103031207","AK,CN","Big Boulder Creek",74.68,18454.27
"12749","12749","190102070901","AK,CN","Tasakili River",52.06,12864.91
"12750","12750","190102070911","AK,CN","Ketili River-Stikine River",148.89,36791.78
"12757","12757","190102070701","AK,CN","190102070701",128.62,31782.49
"12758","12758","190102070805","AK,CN","Outlet Katete River",106.48,26310.57
"12789","12789","190103030204","AK,CN","East Fork Skagway River",100.99,24954.84
"12794","12794","190103031204","AK,CN","Jarvis Creek",135.39,33454.84
"12846","12846","190103031205","AK,CN","Glacier Creek",39.91,9860.8
"12851","12851","190103030101","AK,CN","Upper Nourse River",121.51,30025.6
"12853","12853","190103030203","AK,CN","Captain William Moore Creek",41.17,10172.99
"13153","13153","190103010301","AK,CN","Upper Gilkey Glacier",183.75,45405.42
"13155","13155","190103010205","AK,CN","Mount London",135.99,33604.39
"13160","13160","190103020705","AK,CN","Cushing Glacier",79.86,19733.97
"13172","13172","190103030104","AK,CN","Taiya River",162.35,40118.73
"13175","13175","190102060904","AK,CN","190102060904-Dawes Glacier",69.82,17253.63
"13192","13192","190103031201","CN","Seltat Creek",62.75,15505.68
"13193","13193","190103031203","AK,CN","Mount McDonell-Klehini River",87.21,21550.65
"13194","13194","190103031202","CN","Inspector Creek-Klehini River",121.38,29994.04
"13195","13195","190103031101","AK,CN","Chilkat Glacier",178.52,44112.41
"13197","13197","190103031006","CN","Upper Clear Creek",91.68,22655.42
"13198","13198","190103031004","CN","Nadahini Creek",134.55,33246.84
"13199","13199","190103031002","CN","190103031002",37.61,9292.45
"13200","13200","190103031104","CN","190103031104",94.45,23338.09
"13201","13201","190103031103","CN","190103031103",63.39,15663.08
"13202","13202","190103031102","AK,CN","190103031102",86.65,21411.71
"13203","13203","190103030902","AK,CN","Tahini River",150.14,37099.21
"13204","13204","190103031003","CN","Kelsall Lake-Kelsall River",100.92,24937.82
"13205","13205","190103031008","AK,CN","Nataga Creek",87.94,21730.93
"13230","13230","190103030602","AK,CN","190103030602-Snow Top",264.47,65352
"13231","13231","190103031301","AK,CN","Boundary Glacier-Tsirku Glacier",128.48,31748.35
"13232","13232","190103031005","CN","Spula Creek-Kelsall River",144.12,35612.79
"13233","13233","190103031007","AK,CN","Lower Clear Creek",88.3,21818.76
"13235","13235","190103031106","AK,CN","Mount Raymond-Chilkat River",148.49,36692.95
"13236","13236","190103031302","AK,CN","Tsirku Glacier-Tsirku River",142.24,35147.25
"13255","13255","190102080104","AK,CN","190102080104-Baird Glacier",85.3,21077.59
"13293","13293","190103020501","AK,CN","Rendu Glacier",126,31136.29
"13295","13295","190103020702","AK,CN","190103020702-Carroll Glacier",123.29,30466.31
"13302","13302","190103040602","AK,CN","Matthes Glacier",162.94,40264.05
"13310","13310","190102060902","AK,CN","190102060902-Dawes Glacier",185.16,45754.97
"13311","13311","190102061005","AK,CN","190102061005-South Sawyer Glacier",135.3,33434.06
"13312","13312","190102060607","AK,CN","Snow Tower-Whiting River",127.61,31533.57
"13338","13338","190103020703","AK,CN","190103020703-Carroll Glacier",109.46,27048.67
"13342","13342","190103040704","AK,CN","Twin Glacier Lake",209.89,51863.99
"13343","13343","190103040203","AK,CN","190103040203",87.75,21683.4
"13349","13349","190102061001","AK,CN","190102061001-South Sawyer Glacier",439.94,108712.63
"16471","16471","170200210000","CN","Upper Arrow Lake-Columbia River",6480.51,1601367.69
"16472","16472","170200190000","CN","McNaughton Lake-Columbia River",7871.11,1944990.86
"16473","16473","170200180000","CN","Canoe River-McNaughton Lake",3169.05,783088.12
"16598","16598","170200200000","CN","Goldstream River-Columbia River",5633.34,1392026.85
"18617","18617","170200010201","CN","Upper Caribou Creek",118.28,29227.99
"20453","20453","090100032004","CN,ND","090100032004",53.83,13302.78
"20455","20455","090100070610","CN","City of Weyburn-Souris River",121.07,29917.94
"20456","20456","090100080205","CN","090100080205",142.94,35321.15
"20457","20457","090100070608","CN","090100070608",79.43,19627.33
"20458","20458","090100032202","CN","Upper Jackson Creek",66.18,16353.79
"20459","20459","090100070607","CN","090100070607",69.57,17190.41
"20460","20460","090100031203","CN","Town of Parkman-Antler River",139.36,34437.8
"20461","20461","090100080203","CN","090100080203",159.44,39398.16
"20462","20462","090100031201","CN","Beaverdam Lake",62.43,15426.04
"20463","20463","090100070606","CN","Town of McTaggart-Souris River",127.06,31398.25
"20464","20464","090100080502","CN","Kenosee Lake",38.61,9540.76
"20465","20465","090100031701","CN","090100031701",77.57,19167.68
"20466","20466","090100080202","CN","Town of Creelman",192.25,47506.2
"20467","20467","090100070605","CN","Town of Yellow Grass-Yellow Grass Ditch",110.85,27392.16
"20468","20468","090100070205","CN","090100070205-Souris River",72.02,17795.42
"20469","20469","090100070405","CN","Town of Ibsen",50.16,12394.52
"20470","20470","090100070204","CN","Town of Worcester-Souris River",97.79,24163.83
"20471","20471","090100070601","CN","090100070601-Yellow Grass Ditch",91.45,22598.21
"20504","20504","090100030803","CN,ND","Boundary Creek 3 Dam",157.59,38940.6
"20507","20507","090100070103","CN","090100070103",64.21,15867.57
"20508","20508","090100070102","CN","Town of Fillmore",63.97,15806.16
"20509","20509","090100080201","CN","090100080201",112.93,27904.79
"20510","20510","090100070106","CN","090100070106-Colfax Creek",57.63,14240.82
"20511","20511","090100070105","CN","090100070105",57.98,14326.32
"20512","20512","090100070207","CN","090100070207-Souris River",72.4,17891.15
"20513","20513","090100070402","CN","Lennox Lake",95.39,23570.26
"20514","20514","090100070404","CN","090100070404",161.6,39932.74
"20515","20515","090100070303","CN","090100070303",118.65,29318.62
"20516","20516","090100070302","CN","Town of Bechard",81.31,20091.04
"20517","20517","090100070401","CN","090100070401",120.8,29850.66
"20518","20518","090100070301","CN","Town of Riceton",71.7,17717.7
"20519","20519","090100071309","CN,ND","090100071309",94.09,23249.92
"20520","20520","090100060803","CN,ND","Outlet Long Creek",83.39,20606.62
"20654","20654","090100070701","CN","Upper Jewel Creek",49.71,12283.43
"20657","20657","090100031103","CN","090100031103",75.9,18754.17
"20660","20660","090100070501","CN","090100070501-Rinfret Brook",63.18,15611.77
"20661","20661","090100031205","CN","090100031205-Antler River",61.95,15307.67
"20664","20664","090100031404","CN","090100031404",68.69,16974.38
"20665","20665","090100080207","CN","090100080207",78.21,19325.73
"20668","20668","090100031801","CN","Town of Frys",62.02,15325.6
"20669","20669","090100032203","CN","Middle Jackson Creek",107.42,26544.42
"20671","20671","090100080206","CN","090100080206",121.2,29950.02
"20672","20672","090100060106","CN","Outlet Gibson Creek",77.36,19115.81
"20673","20673","090100070502","CN","Headwaters Rinfret Brook",53.64,13255.54
"20674","20674","090100080401","CN","090100080401",165.41,40873.28
"20675","20675","090100060304","CN","Larsen Reservoir-Long Creek",132.58,32761.99
"20676","20676","090100071302","CN","090100071302",118.97,29399.17
"20677","20677","090100070804","CN","Nickle Lake-Souris River",64,15814.4
"20698","20698","090100080807","CN","05NDAHG",60.14,14860.9
"20699","20699","090100060712","CN,ND","Long Creek Dam-Long Creek",100.95,24946.29
"20700","20700","090100080808","CN","090100080808-Souris River",49.18,12152.04
"20701","20701","090100031905","CN","090100031905",121.94,30131.22
"20702","20702","090100031504","CN","Town of Carnduff",83.61,20660
"20703","20703","090100071303","CN","090100071303",181.37,44817.36
"20704","20704","090100080707","CN","090100080707",60.36,14915.76
"20705","20705","090100070808","CN","Town of Holloway-Souris River",114.02,28175.28
"20706","20706","090100070705","CN","090100070705",73.46,18152.2
"20708","20708","090100032201","CN","Headwaters Jackson Creek",90.16,22278.61
"20709","20709","090100070203","CN","Town of Talmage",91.97,22725.61
"20761","20761","090100070604","CN","090100070604",49.52,12235.84
"20762","20762","090100070602","CN","090100070602",48.53,11991.16
"20763","20763","090100070104","CN","090100070104",61.69,15243.79
"20767","20767","090100050304","CN,ND","City of Sherwood-Cut Bank Creek",78.89,19493.87
"20769","20769","090100030805","CN,ND","090100030805-Boundary Creek",76.56,18919.14
"20792","20792","090100030802","CN,ND","Flossie Lake-Boundary Creek",67.62,16708.91
"20794","20794","090100040501","CN,ND","Metigoshe Lake-Mud Lake",159.5,39412.68
"20854","20854","090100020302","CN,ND","Town of Northgate",46.36,11456.66
"21031","21031","090100071008","CN","Town of Outram",72.7,17963.85
"21032","21032","090100071007","CN","Town of Torquay",53,13095.5
"21033","21033","090100060702","CN","090100060702-Long Creek",107.7,26614.42
"21034","21034","090100080901","CN","090100080901-Souris River",101.71,25133.98
"21035","21035","090100032301","CN","Baxters Lake",99.79,24658.52
"21037","21037","090100071308","CN","Town of Shand",105.55,26081.87
"21038","21038","090100031906","CN","Town of Pierson",90.05,22251.73
"21039","21039","090100071009","CN","090100071009",35.44,8756.93
"21040","21040","090100071311","CN","Village of Roche Percee-Souris River",55.1,13614.29
"21085","21085","090100031605","CN,ND","Hulse Coulee",149.44,36928.58
"21093","21093","090100080904","CN,ND","Edson Church-Souris River",100.13,24742.19
"21098","21098","090100031606","CN,ND","090100031606",62.39,15416.11
"21099","21099","090100031607","CN,ND","Antler Creek Dam-Antler River",98.34,24299.56
"21100","21100","090100020301","CN,ND","090100020301",64.82,16017.07
"21101","21101","090100050305","CN,ND","Upper West Cut Bank Creek",200.93,49649.68
"21102","21102","090100080905","CN,ND","Sevenmile Coulee",92,22732.78
"21103","21103","090100032002","CN,ND","090100032002",35.24,8708.96
"21132","21132","090100031705","CN","Town of Ryerson-Gainsborough Creek",100.25,24772.6
"21133","21133","090100070609","CN","090100070609",42.29,10449.4
"21134","21134","090100080301","CN","090100080301",107.57,26581.41
"21135","21135","090100080701","CN","Morrison Creek",117.57,29051.15
"21136","21136","090100080204","CN","090100080204",196.1,48457.38
"21139","21139","090100031101","CN","Headwaters Auburnton Creek",93.09,23002.98
"21140","21140","090100032101","CN","Headwaters Graham Creek",126.1,31160.09
"21141","21141","090100031302","CN","Town of Mair-Lightning Creek",151.28,37381.03
"21142","21142","090100031703","CN","090100031703",111.74,27610.66
"21143","21143","090100070406","CN","090100070406-Souris River",73.42,18143.42
"21144","21144","090100070206","CN","Town of Cedoux-Souris River",96.27,23789.45
"21145","21145","090100070107","CN","Colfax Creek",94.23,23284.81
"21146","21146","090100071301","CN","Town of Halkett-Souris River",71.22,17600.06
"21147","21147","090100031505","CN","Town of Carnduff-Antler River",82.22,20317.61
"21148","21148","090100031804","CN","Town of Gainsborough-Gainsborough Creek",78.57,19414.26
"21163","21163","090100032304","CN","Reddaways Lake-Souris River",58.08,14351.99
"21164","21164","090100060405","CN","Town of Oungre-Long Creek",57.78,14278.7
"21165","21165","090100080104","CN","Town of Hirsch",143.19,35383.53
"21189","21189","090100071205","CN,ND","Town of Rival",65.85,16270.99
"21190","21190","090100050303","CN,ND","Sherwood Municipal Airport-Cut Bank Creek",54,13344.58
"21191","21191","090100071104","CN,ND","West Branch Short Creek",49.61,12258.03
"21192","21192","090100020303","CN,ND","Headwaters Des Lacs River",49.65,12268.89
"21193","21193","090100031406","CN","Town of Alida",108.06,26703.39
"21194","21194","090100060105","CN","090100060105",113.76,28110.38
"21195","21195","090100080402","CN","Town of Willmar",145.36,35920.28
"21196","21196","090100070807","CN","090100070807-Souris River",43.49,10746.9
"21269","21269","100600030508","CN","100600030508-Girard Creek",76.23,18837.59
"21322","21322","090300110201","CN","Powawassan Creek",176.33,43571.67
"21354","21354","090100070806","CN","Town of Halbrite",65,16062.9
"21355","21355","090100080306","CN","090100080306",74.91,18510.44
"21356","21356","090100031802","CN","090100031802-Gainsborough Creek",122.2,30197.45
"21357","21357","090100070704","CN","Upper Roughbark Creek",52.74,13032.69
"21358","21358","090100070603","CN","090100070603",51.22,12656.42
"21359","21359","090100031301","CN","090100031301",127.83,31587.25
"21360","21360","090100031202","CN","Weatherald Creek-Antler River",98.93,24446.24
"21361","21361","090100070202","CN","Town of Brough",144.92,35809.39
"21362","21362","090100031702","CN","Town of Walpole-Gainsborough Creek",147.39,36421.64
"21363","21363","090100032005","CN,ND","090100032005",111.62,27582.22
"21364","21364","090100031604","CN","Town of Lyleton",88.77,21934.67
"21365","21365","090100050302","CN,ND","Town of Elmore",58.27,14397.94
"21366","21366","090100030801","CN,ND","Goodlands Marsh-Boundary Creek",128.92,31855.63
"21367","21367","090100080805","CN,ND","City of Portal",81.75,20199.85
"21368","21368","090100071207","CN,ND","East Branch Short Creek-Short Creek",130.17,32165.04
"21420","21420","090300110103","CN","Falcon River",76.31,18857.5
"21428","21428","090100031601","CN","090100031601",81.92,20243.15
"21438","21438","090300110101","CN","Falcon Lake",113.11,27951.26
"21439","21439","090300110202","CN","Ash Rapids-Shoal Lake",608.51,150366.18
"21443","21443","090300110102","CN","High Creek",53.6,13245.15
"21456","21456","100600030507","CN","100600030507-Girard Creek",88.09,21766.89
"21459","21459","090100050301","CN","090100050301",129.99,32121.25
"21462","21462","100600030302","CN,MT","Silver Lake-Middle Fork Poplar RIver",101.35,25043.46
"21463","21463","090100031608","CN","Outlet Antler River",76.24,18839.17
"21464","21464","090100080803","CN","090100080803",125.89,31107.79
"21465","21465","090100032007","CN","Outlet Waskada Creek",111.93,27658.79
"21466","21466","090100080902","CN,ND","090100080902",152.79,37755.13
"21467","21467","090100031602","CN","090100031602-Antler River",127.91,31606.55
"21468","21468","090100031903","CN","090100031903-Gainsborough Creek",90.42,22342.41
"21469","21469","090100031907","CN","Outlet Gainsborough Creek",29,7166.14
"21470","21470","090100032006","CN","Headwaters Waskada Creek",104.52,25827.44
"21471","21471","090100032008","CN,ND","Town of Coulter-Souris River",106.29,26264.92
"21478","21478","090100032302","CN","Headwaters Blind River",60.93,15056.85
"21479","21479","090100080806","CN","090100080806-Souris River",65.42,16165.23
"21480","21480","090100080804","CN","090100080804-Souris River",67.67,16722.72
"21481","21481","090100060802","CN,ND","Boundary Diversion Channel",79.17,19562.27
"21537","21537","090100032303","CN","Outlet Blind River",140.63,34750.57
"21538","21538","090100060707","CN","090100060707",34.76,8590.18
"21539","21539","090100060801","CN,ND","090100060801",114.37,28262.12
"21540","21540","090100071310","CN","090100071310-Souris River",103.12,25480.69
"21541","21541","090100060706","CN,ND","090100060706-Long Creek",93.02,22986.61
"21542","21542","090100080801","CN","090100080801-Souris River",139.4,34445.95
"21543","21543","090100080802","CN","090100080802",57.11,14112.88
"21544","21544","090100080903","CN","090100080903-Souris River",132.55,32754.34
"21545","21545","090100060406","CN","090100060406",96.79,23917.02
"21595","21595","090100060301","CN","Headwaters Long Creek",59.83,14784.45
"21596","21596","090100070802","CN","Town of Ralph",50.2,12404.94
"21597","21597","090100070801","CN","090100070801",41.48,10250.88
"21598","21598","090100080703","CN","Cowper Creek",118.05,29169.85
"21599","21599","090100032105","CN","Outlet Graham Creek",40.41,9985.72
"21601","21601","090100080710","CN","090100080710-Moose Mountain Creek",30,7412.09
"21602","21602","090100071012","CN","Rafferty Reservoir-Souris River",174.39,43093.25
"21603","21603","090100031902","CN","090100031902",87.5,21621.04
"21604","21604","090100060407","CN","090100060407-Long Creek",48.62,12014.89
"21629","21629","100600030602","CN","100600030602",132.62,32770.69
"21756","21756","090100080405","CN","Town of Frobisher",148.38,36664.51
"21757","21757","090100080809","CN","090100080809-Souris River",75.89,18753.51
"21820","21820","100600030601","CN,MT","Town of East Poplar-East Poplar River",78.99,19520.07
"21832","21832","100600030501","CN","100600030501",114.88,28388.18
"21854","21854","090100080709","CN","Alameda Dam-Moose Mountain Creek",55.87,13804.67
"21855","21855","090100080103","CN","090100080103",132.11,32644.39
"21856","21856","090100031408","CN","090100031408",91,22485.64
"21857","21857","090100071006","CN","090100071006-Souris River",155.53,38432.54
"21871","21871","090100080404","CN","090100080404",101.87,25173
"21872","21872","090100032205","CN","090100032205",44.42,10975.75
"21873","21873","090100071307","CN","City of Estevan",115.23,28472.77
"21929","21929","090100070201","CN","090100070201",83.03,20517.94
"21930","21930","090100070403","CN","090100070403-Souris River",55.82,13793.06
"21934","21934","090100032206","CN","Outlet Jackson Creek",90.48,22359.19
"21935","21935","090100071011","CN","Town of Hitchcock",54.75,13529.99
"21936","21936","090100031502","CN","090100031502",147.76,36513.06
"21937","21937","090100031409","CN","090100031409-Lightning Creek",72.59,17936.64
"21938","21938","090100071010","CN","090100071010-Souris River",44.8,11071.45
"21939","21939","090100032104","CN","Lower Graham Creek",171.52,42383.76
"21940","21940","090100071001","CN","090100071001",63.04,15578.58
"21941","21941","090100060404","CN","Town of Tribune",45.9,11342.06
"21942","21942","090100031603","CN","Town of Carievale",181.14,44760.21
"21943","21943","090100031503","CN","090100031503-Antler River",96.7,23896.06
"21944","21944","090100080603","CN","Town of Alameda",65.35,16147.59
"21945","21945","090100070904","CN","Town of Bromhead",132.38,32711.91
"21954","21954","090100071005","CN","090100071005-Souris River",77.81,19228.09
"21955","21955","090100080308","CN","Town of Lampman",93.35,23066.18
"21961","21961","100600040101","CN","Johnson Creek",49.23,12163.81
"22010","22010","090100070901","CN","090100070901",99.75,24648.81
"22011","22011","090100080102","CN","090100080102",110.93,27410.96
"22012","22012","090100070905","CN","090100070905",48.62,12013.87
"22013","22013","090100031501","CN","090100031501",76.75,18966.44
"22014","22014","090100080101","CN","090100080101",134.26,33176.84
"22015","22015","090100060307","CN","Town of Maxim-Long Creek",104.13,25730.68
"22016","22016","090100071304","CN","Town of Bryant",125.1,30912.31
"22017","22017","090100070902","CN","090100070902",80.93,19997.9
"22018","22018","090100031803","CN","090100031803-Gainsborough Creek",97.64,24128.33
"22019","22019","090100080403","CN","090100080403",194.37,48030.67
"22020","22020","090100080601","CN","090100080601",138.35,34185.97
"22021","22021","090100031901","CN","Town of Storthoaks",135.45,33470.44
"22022","22022","090100071305","CN","Town of Cullen",89.88,22210.79
"22023","22023","090100032204","CN","Lower Jackson Creek",76.03,18787.33
"22025","22025","100600040103","CN","Horne Creek",74.57,18426.24
"22051","22051","100600060702","CN,MT","Town of Daleview-Big Muddy Creek",101.44,25066.62
"22052","22052","100600060301","CN","100600060301",127.54,31515.67
"22055","22055","100600030509","CN","Town of Hart-Girard Creek",101.81,25157.41
"22056","22056","100600030503","CN","100600030503",58.37,14423.64
"22059","22059","100600030102","CN,MT","Middle Coal Creek",87.56,21635.92
"22062","22062","100600030401","CN","Clark Bridge-East Poplar River",143.22,35391.14
"22064","22064","100600030505","CN","Town of Little Woody",58.42,14435.91
"22073","22073","100600070002","CN,MT,ND","Clear Lake",2556.34,631684.76
"22075","22075","100600060202","CN","Reserve Creek",107.52,26569.39
"22097","22097","090100060703","CN,ND","Goose Lake",98.72,24394.4
"22098","22098","090100060701","CN,ND","090100060701",67.27,16621.76
"22106","22106","090100060203","CN","Skinner Lake",196.17,48474.95
"22134","22134","100600060101","CN","100600060101",64.9,16037.33
"22149","22149","090100060401","CN","Town of Ratcliffe",78.37,19366.83
"22150","22150","090100060402","CN","090100060402-Long Creek",56.49,13958.51
"22151","22151","100600060102","CN","100600060102",161.28,39852.82
"22153","22153","100600060302","CN","Upper Jim Creek",121.68,30067.25
"22154","22154","100600060204","CN,MT","West Coteau Lake",119.35,29493.1
"22162","22162","100600060303","CN,MT","100600060303",125.33,30969.14
"22163","22163","100600060304","CN","Lower Jim Creek",63.87,15781.5
"22164","22164","100600060201","CN,MT","East Coteau Lake",122.19,30194.35
"22165","22165","100600060203","CN,MT","Town of Regway-Raymond Port of Entry",50.47,12472.35
"22180","22180","090100060403","CN","Town of Hoffer",81.59,20161.94
"22184","22184","090100060102","CN","Headwaters Gibson Creek",57.16,14125.39
"22186","22186","090100060101","CN","Town of Ceylon",47.32,11692.34
"22188","22188","090100060705","CN,ND","Town of Colgan",110.21,27234.25
"22189","22189","100600030208","CN,MT","100600030208",63.58,15711.63
"22192","22192","100600030301","CN,MT","100600030301",47.57,11754.64
"22194","22194","100600030510","CN","Town of Coronach-Girard Creek",99.16,24503.52
"22196","22196","100600030506","CN","Fife Lake",161.65,39943.75
"22255","22255","100600030303","CN,MT","Outlet Middle Fork Poplar River",154.94,38286.81
"22321","22321","100600030502","CN","Hay Meadow Creek",115.2,28467.12
"22322","22322","100600030504","CN","Town of Twin Valley",95.16,23515.58
"22332","22332","100600060404","CN","100600060404",103.8,25648.69
"22334","22334","100600060401","CN","Bullkin Lake",160.15,39573.78
"22403","22403","100600030402","CN","100600030402-East Poplar River",199.41,49275.4
"22407","22407","100600030603","CN,MT","Outlet Creek",170.03,42014.95
"22422","22422","100600030103","CN,MT","Lower Coal Creek",96.06,23738.1
"22423","22423","100600030604","CN,MT","100600030604-East Fork Poplar River",125.94,31119.84
"22425","22425","100600030209","CN,MT","100600030209-Middle Poplar River",32.78,8099.74
"22426","22426","100600030206","CN,MT","Town of Lacordaire-Middle Poplar River",154.4,38152.74
"22427","22427","100600030205","CN","100600030205",89.96,22230.38
"22428","22428","100600030202","CN","Lost Child Creek-Middle Poplar River",129.1,31902.27
"22429","22429","100600030207","CN","100600030207",132.18,32662.15
"22457","22457","100600030204","CN","Bolster Creek",146.51,36203.24
"22460","22460","090100060204","CN","090100060204",94.56,23366.44
"22461","22461","090100060202","CN","090100060202",88.3,21819.14
"22462","22462","090100060201","CN","Marjorie Lake",195.04,48195.63
"22463","22463","090100060103","CN","Town of Hardy",138.02,34106.64
"22464","22464","100600060405","CN","Big Muddy Creek",57.69,14256.27
"22465","22465","100600030203","CN","Quantock Creek-Middle Poplar River",136.04,33616.24
"22468","22468","100600030201","CN","Gilford Creek",44.97,11112.86
"22472","22472","100600060501","CN","100600060501",74.08,18305.74
"22473","22473","100600060701","CN,MT","Town of Big Muddy-Big Muddy Creek",88.36,21833.74
"22478","22478","100600060504","CN,MT","North Beaver Creek",69.82,17254.06
"22482","22482","100600060503","CN,MT","Loomis Coulee-West Beaver Creek",133.72,33044.02
"22487","22487","100600040302","CN,MT","Mosquito Creek-West Fork Poplar River",90.26,22304.46
"22494","22494","100600040301","CN,MT","Stewart Creek",116.16,28703.81
"22495","22495","100600030101","CN,MT","Upper Coal Creek",159.48,39408.4
"22496","22496","100600060403","CN","100600060403",27.14,6706.9
"22498","22498","100600060402","CN","100600060402",38.24,9448.88
"22499","22499","100600060406","CN","Big Muddy Lake",378.22,93459.68
"22507","22507","100600060502","CN","Town of Big Beaver",147.08,36345.11
"22508","22508","100600060506","CN,MT","Outlet Beaver Creek",52.55,12985.85
"22518","22518","100600060505","CN,MT","West Beaver Creek-Beaver Creek",53.1,13121.43
"22695","22695","090100070903","CN","090100070903",117.08,28931.38
"22696","22696","090100031403","CN","Town of Storthoaks-Lightning Creek",58.56,14470.69
"22697","22697","090100070708","CN","Lower Jewel Creek",97.26,24034.37
"22698","22698","090100031105","CN","Outlet Auburnton Creek",111.89,27649.3
"22700","22700","090100080602","CN","090100080602",46.25,11428.52
"22701","22701","090100031206","CN","Town of Cantal-Antler River",120.75,29838.71
"22702","22702","090100060306","CN","Neptune Lake-Long Creek",156.48,38667.8
"22703","22703","090100080705","CN","090100080705",56.1,13862.19
"22704","22704","090100080307","CN","090100080307",117.54,29044.73
"22705","22705","090100080304","CN","090100080304",172.6,42650.34
"22707","22707","090100071003","CN","Town of Macoun",140.8,34792.19
"22708","22708","090100070906","CN","Dead Lake-Souris River",129.05,31889.42
"22709","22709","090100032103","CN","Middle Graham Creek",141.06,34857.8
"22710","22710","090100071306","CN","090100071306",75.57,18674.93
"22711","22711","090100031405","CN","Town of Nottingham",118.28,29227.3
"22763","22763","090100031407","CN","090100031407",121.9,30121.33
"22764","22764","090100071002","CN","090100071002",108.13,26718.75
"22765","22765","090100031104","CN","Lower Auburnton Creek",48.06,11875.59
"22766","22766","090100031904","CN","Town of Fertile",197.82,48881.17
"22767","22767","090100060305","CN","090100060305-Long Creek",107.44,26548.8
"22768","22768","090100070702","CN","Middle Jewel Creek",86.64,21408.3
"22769","22769","090100031402","CN","090100031402",56.25,13900.33
"22770","22770","090100070707","CN","Lower Roughbark Creek",89.6,22141.7
"22771","22771","090100080708","CN","090100080708-Moose Mountain Creek",119.15,29442.5
"22772","22772","090100071004","CN","Town of Midale",68.65,16963.09
"22773","22773","090100080706","CN","090100080706",127.3,31457.15
"22774","22774","090100031401","CN","Town of St Antoine-Lightning Creek",60.69,14997.62
"22775","22775","090100080303","CN","090100080303",188.16,46495.52
"22776","22776","090100080704","CN","090100080704-Moose Mountain Creek",54.13,13375.52
"22777","22777","090100032102","CN","Upper Graham Creek",126.86,31348.28
"22782","22782","090100070706","CN","Middle Roughbark Creek",82.77,20452.25
"22855","22855","090100070803","CN","090100070803",40.86,10097.84
"22891","22891","090100080702","CN","090100080702",80.89,19987.71
"22893","22893","090100070703","CN","Headwaters Roughbark Creek",43.96,10861.66
"22894","22894","090100070504","CN","090100070504",74.32,18365.81
"22895","22895","090100031102","CN","Upper Auburnton Creek",115.55,28552.41
"22899","22899","090100060303","CN","Radville Reservoir-Long Creek",96.02,23726.2
"22900","22900","090100060104","CN","Tucker Lake",100.37,24802.38
"22901","22901","090100080302","CN","090100080302",119.91,29630.02
"22905","22905","090100080305","CN","090100080305",141.2,34891.37
"22906","22906","090100031704","CN","Town of Mair",82.52,20392.33
"22907","22907","090100070505","CN","Talagwa Lake",108.41,26787.66
"22908","22908","090100070503","CN","Town of Yeoman",102.32,25283.53
"22909","22909","090100031204","CN","090100031204",144.6,35732.09
"22910","22910","090100080504","CN","Swift Creek",131.62,32523.2
"22911","22911","090100080503","CN","White Bear (Carlyle) Lake",40.46,9997.67
"22924","22924","090100060302","CN","090100060302",62.38,15415.18
"22925","22925","090100070506","CN","Outlet Rinfret Brook",97.77,24158.54
"22926","22926","090100070805","CN","090100070805",131.44,32478.48
"24358","24358","190104041202","CN","190104041202",64.32,15894.87
"24402","24402","100500131102","CN","100500131102",43.93,10856.04
"24413","24413","100500131104","CN","100500131104",41.49,10251.58
"24426","24426","090400011007","CN","090400011007-Pothole Creek",77.02,19032.91
"24430","24430","090400011101","CN","090400011101",76.75,18965.45
"24447","24447","100500110507","CN","100500110507",67.66,16719.53
"24509","24509","100500070503","CN","Town of Senate",54.02,13349.13
"24531","24531","100500150501","CN","100500150501",66.01,16310.53
"24534","24534","100500130604","CN","Eastbrook Coulee",109.93,27165.23
"24542","24542","100500131001","CN","Garden Creek-Frenchman River",65.35,16147.14
"24567","24567","090400011010","CN","Outlet Pothole Creek",66.18,16354.63
"24576","24576","100500080306","CN","Rangeview Creek",85.95,21239.12
"24579","24579","100500080302","CN","Town of Consul-Battle Creek",68.56,16940.94
"24585","24585","100500080206","CN","100500080206",40.67,10049.35
"24591","24591","100500070404","CN","100500070404",43.27,10691.05
"24593","24593","100500020201","CN","100500020201",113.45,28034.58
"24624","24624","100500020606","CN","100500020606-Milk River",105.41,26048.33
"24748","24748","100500080207","CN","100500080207",46.96,11604.11
"24756","24756","100500110110","CN","100500110110",67.79,16752.21
"24776","24776","100500070401","CN","100500070401",49.83,12314.32
"24807","24807","100500080411","CN,MT","Thretening Times Dam",91.97,22726.73
"24808","24808","100500070703","CN,MT","Lower Creedman Coulee",63.37,15659.55
"24847","24847","100500070704","CN,MT","Stanley Steamer Dam-Lodge Creek",109.77,27124.42
"24903","24903","100500020105","CN,MT","100500020105",44.12,10902.09
"24935","24935","100500010602","CN,MT","100500010602",69.98,17293.52
"24937","24937","100500020301","CN","100500020301",51.47,12719.04
"25018","25018","100500070101","CN","Thelma Creek",60.92,15054.64
"25070","25070","100500130902","CN","Upper Denniel Creek",109,26934.88
"25098","25098","100500150503","CN","100500150503",70.83,17501.76
"25111","25111","100500150201","CN","Upper Horse Creek",59.8,14777.63
"25155","25155","100500130907","CN","Lower Denniel Creek",59.62,14731.45
"25157","25157","100500131101","CN","Soda Lake",48.7,12034.8
"25158","25158","100500150602","CN,MT","Crow Creek",117.85,29120.43
"25226","25226","100500131007","CN","Town of Val Marie-Frenchman River",85.01,21005.33
"25242","25242","100500131401","CN,MT","Steelman Coulee-Frenchman Creek",40.1,9909.92
"25302","25302","100500110206","CN","Town of Climax",77.72,19204.03
"25323","25323","100500080305","CN","100500080305",39.89,9857.1
"25331","25331","100500070505","CN","Outlet Middle Creek",70.78,17490.82
"25402","25402","100500110202","CN","Town of Loomis",66.5,16431.73
"25430","25430","100500080304","CN","Stenhouse Creek-Battle Creek",84.23,20812.44
"25494","25494","100500020902","CN,MT","Middle Spring Coulee",75.86,18746.02
"25534","25534","100500130502","CN","Blacktail Creek-Frenchman River",55.77,13781.87
"25610","25610","090400011102","CN","090400011102",84.3,20831.82
"25661","25661","100500130801","CN","100500130801",85.4,21103.43
"25672","25672","100500080404","CN,MT","Lower Coteau Creek",107.97,26680.11
"25673","25673","100500080503","CN,MT","100500080503-Battle Creek",71.64,17703.38
"25674","25674","100500020805","CN,MT","Kennedy Coulee",91.88,22704.45
"25675","25675","100500030401","CN,MT","Brown Paper Bag Dam",78.82,19477.63
"25678","25678","100500130602","CN","100500130602",85.64,21160.99
"25680","25680","100500070606","CN,MT","100500070606-Lodge Creek",39.72,9815.32
"25681","25681","100500130605","CN","Duncan Coulee-Frenchman River",157.68,38963.7
"25682","25682","100500080502","CN,MT","Lower Woodpile Creek",83.49,20632.03
"25683","25683","100500130703","CN","White Creek",106.33,26273.65
"25684","25684","100500130702","CN","Gunn Creek",56,13838.53
"25685","25685","100500130601","CN","Galliene Coulee",99.89,24684.38
"25689","25689","100500131301","CN","Upper Little Breed Creek",84.7,20929.73
"25690","25690","100500110506","CN","Town of Bracken-Whitewater Creek",88.25,21805.8
"25692","25692","100500131201","CN","Town of Masefield-Frenchman River",229.99,56831.75
"25694","25694","100500131205","CN","100500131205-Frenchman River",135.95,33594.22
"25697","25697","100500110505","CN","100500110505",123.96,30631.32
"25698","25698","100600040105","CN,MT","Border Creek-West Poplar River",89.32,22070.3
"25704","25704","100500131203","CN","100500131203-Frenchman River",121.04,29909.82
"25705","25705","100500131204","CN","100500131204",79.81,19722.55
"25712","25712","100500150507","CN,MT","Lower McEachern Creek",58.44,14441.78
"25713","25713","100500150601","CN,MT","East Fork Crow Creek",71.46,17658.32
"25715","25715","100500150103","CN,MT","Lowerr Morgan Creek",99.5,24587.99
"25716","25716","100500150405","CN,MT","Lower Rock Creek",74.28,18354.04
"25720","25720","100500150702","CN,MT","Snake Creek",106.09,26215.57
"25722","25722","100500150902","CN,MT","Bluff Creek",123.38,30487.38
"25726","25726","100500131103","CN","Upper Breed Creek",102.75,25389.56
"25727","25727","100500130701","CN","Mule Creek",98.5,24340.79
"25728","25728","100500130603","CN","McNichol Creek",109.25,26995.14
"25729","25729","100500130401","CN","Rose Creek",46.03,11373.79
"25730","25730","100500110701","CN,MT","Big Coulee-Whitewater Creek",76.45,18891.06
"25731","25731","100500131202","CN","100500131202",67.3,16630.23
"25732","25732","100500110602","CN,MT","Clausen Dam",116.78,28857.31
"25733","25733","100500080402","CN","Upper Coteau Creek",77.38,19121.68
"25734","25734","100500131006","CN","Newton Lake-Frenchman River",99.72,24641.36
"25735","25735","100500080102","CN","Town of Olga",49.36,12196.86
"25736","25736","100500110105","CN","100500110105",40.8,10081.22
"25737","25737","100500150403","CN","Lower Boggy Creek",35.45,8760.09
"25740","25740","100500150404","CN,MT","Upper Rock Creek",70.43,17403.56
"25742","25742","100500110503","CN","100500110503",113.7,28096.97
"25743","25743","100500110103","CN","100500110103",61.59,15220.09
"25744","25744","100500110404","CN,MT","Town of Caldwell",99.84,24671.44
"25746","25746","100500110508","CN,MT","Town of Monchy-Whitewater Creek",55.17,13631.85
"25747","25747","100500130906","CN","Town of Coriander",118.69,29329.41
"25748","25748","100500130903","CN","100500130903",76.11,18806.9
"25749","25749","100500110106","CN","Town of Staynor Hall",77.12,19056.16
"25752","25752","100500100304","CN,MT","Alkali Lake",130.61,32274.53
"25753","25753","100500100303","CN,MT","100500100303",110.32,27261.37
"25754","25754","100500150203","CN,MT","Lower Horse Creek",83.33,20590.8
"25755","25755","100500150401","CN","Spring Creek",46.62,11520.24
"25756","25756","100500131304","CN,MT","100500131304-Frenchman River",126.7,31307.78
"25758","25758","100500110405","CN,MT","Cottonwood Coulee",146.23,36134.49
"25759","25759","100500131303","CN","Otter Creek",42.49,10499.68
"25760","25760","100500150901","CN,MT","Headwaters Bluff Creek",107.31,26516.4
"25761","25761","100500110401","CN,MT","Port of Turner",129.11,31903.23
"25762","25762","100500150505","CN,MT","LaBerge Creek",122.01,30149.38
"25763","25763","100500131005","CN","100500131005-Frenchman River",103.94,25683.6
"25764","25764","100500130503","CN","Eastend Reservoir-Frenchman River",85.27,21070.36
"25766","25766","100500131004","CN","Huff Lake-Frenchman River",107.57,26580.22
"25769","25769","100500150504","CN","Flaata Creek-Rausch Creek",45.41,11220.99
"25770","25770","100500110605","CN,MT","Kohola Reservoir",147.37,36416.38
"25771","25771","100500150202","CN","Middle Horse Creek",54.99,13589.02
"25772","25772","100500131003","CN","100500131003-Frenchman River",104.18,25742.9
"25776","25776","100500150506","CN,MT","Middle McEachern Creek",83.38,20603.17
"25778","25778","100500110604","CN,MT","Titan Reservoir-East Whitewater Creek",159.5,39412.97
"25781","25781","100500130905","CN","Middle Deniiel Creek",93.48,23098.26
"25784","25784","090400011201","CN","090400011201",68.11,16829.63
"25788","25788","100500130904","CN","Town of Hilldale",150.94,37298.4
"25789","25789","100500080307","CN","100500080307",81.79,20211.09
"25790","25790","100500131002","CN","Rattlesnake Creek-Frenchman River",159.37,39380.25
"25791","25791","100500130901","CN","100500130901",68.2,16851.69
"25792","25792","100500021203","CN,MT","100500021203-Milk River",104.03,25706.98
"25794","25794","100500150502","CN","Upper McEachern Creek",51.39,12698.19
"25803","25803","100500150102","CN","Upper Morgan Creek",126.52,31264.24
"25810","25810","100500131302","CN","Lower Little Breed Creek",78.49,19394.12
"25812","25812","100500030402","CN,MT","Wild Horse Lake",209.61,51795.79
"25813","25813","100500150101","CN","Hellfire Creek",115.03,28425.1
"25814","25814","100500020806","CN","100500020806",59.75,14763.67
"25817","25817","100500080501","CN","Upper Woodpile Creek",115.77,28606.76
"25818","25818","100500020807","CN,MT","100500020807-Milk River",91.8,22684.13
"25819","25819","100500070702","CN,MT","Upper Creedman Coulee",91.12,22516.66
"25820","25820","100500150402","CN","Upper Boggy Creek",97.32,24047.46
"25821","25821","100500131105","CN","Lower Breed Creek",66.23,16366.2
"25823","25823","100500070701","CN,MT","Schotish Dam",46.44,11474.44
"25824","25824","100500080309","CN","100500080309-Battle Creek",78.22,19327.78
"25827","25827","100500080308","CN","100500080308-Battle Creek",86.05,21262.38
"25828","25828","100500080406","CN,MT","100500080406",44.11,10898.9
"25829","25829","100500060103","CN,MT","Lost Coulee-Sage Creek",92.25,22796.42
"25830","25830","100500080405","CN","Upper Lyon Coulee",83.6,20658.66
"25831","25831","100500080407","CN,MT","Middle Lyons Coulee",90.51,22365.57
"25832","25832","100500060101","CN,MT","Laird Creek",137.42,33956.93
"25833","25833","100500030203","CN,MT","Lower Sage Creek",97.74,24151.83
"25834","25834","100500070604","CN","100500070604",137.06,33868.11
"25835","25835","100500110102","CN","100500110102",87.22,21551.69
"25836","25836","100500020804","CN,MT","Kennedy Creek",78.3,19347.19
"25837","25837","100500020702","CN,MT","Upper Bear Creek",87.48,21615.78
"25838","25838","100500020803","CN","100500020803-Milk River",106.6,26341.91
"25839","25839","100500130402","CN","Upper Conglomerate Creek",81,20015.32
"25840","25840","100500130301","CN","Sucker Creek",91.59,22631.96
"25841","25841","100500130803","CN","Van Allen Creek-Frenchman River",62.54,15454
"25842","25842","100500110104","CN","Border Creek",115.46,28531.37
"25843","25843","100500130805","CN","Horsecamp Creek-Frenchman River",146.11,36105.51
"25844","25844","100500110101","CN","100500110101",100.48,24828.66
"25845","25845","100500020703","CN,MT","Lower Bear Creek",82.64,20421.3
"25846","25846","100500020403","CN,MT","Macdonald Creek",97.54,24102.78
"25847","25847","100500020802","CN","100500020802-Milk River",82.38,20355.87
"25848","25848","100500070201","CN","Upper Bare Creek",133.59,33010.71
"25849","25849","100500020503","CN,MT","Lower Breed Creek",81.78,20208.48
"25850","25850","100500020706","CN","100500020706-Milk River",122.26,30210.94
"25851","25851","100500070601","CN","100500070601-Lodge Creek",79.29,19592.45
"25852","25852","100500080301","CN","100500080301",92.6,22881.46
"25853","25853","100500080108","CN","100500080108",71.97,17783.44
"25854","25854","100500070104","CN","100500070104-Lodge Creek",113.05,27934.43
"25855","25855","100500130201","CN","Upper Fairwell Creek",94.96,23464.58
"25856","25856","100500080208","CN","Town of Merryflat-Battle Creek",146.69,36248.3
"25857","25857","100500130802","CN","100500130802-Frenchman River",45.02,11125.6
"25858","25858","100500070405","CN","100500070405-Middle Creek",98.2,24265.53
"25859","25859","100500030301","CN","100500030301",53.26,13161.3
"25860","25860","100500130202","CN","Caton Creek",104.98,25940.34
"25861","25861","100500130302","CN","Belanger Creek",121.37,29990.45
"25862","25862","100500130804","CN","Nerada Creek-Frenchman River",117.64,29069.71
"25863","25863","100500070504","CN","100500070504-Middle Creek",57.53,14216.59
"25864","25864","100500070103","CN","Suiste Coulee-Lodge Creek",111.73,27608.04
"25865","25865","100500070203","CN","Lower Bare Creek",90.58,22381.99
"25867","25867","100500110403","CN,MT","100500110403",109,26933.51
"25868","25868","100500130304","CN","Upper Davis Creek",64.96,16051.79
"25869","25869","100500030303","CN,MT","Cutbank Creek",114.85,28380.25
"25870","25870","100500070605","CN","McRea Creek",149.79,37013.17
"25871","25871","100500030102","CN","Cripple Creek",96.66,23884.93
"25872","25872","100500080201","CN","Headwaters Battle Creek",109.02,26938.94
"25873","25873","100500110305","CN","100500110305",86.08,21269.79
"25874","25874","100500110402","CN","100500110402",68.38,16896.65
"25875","25875","100500030201","CN","100500030201",77.73,19208.01
"25876","25876","100500030202","CN","100500030202",68.28,16871.75
"25877","25877","100500080101","CN","100500080101",285.73,70605.75
"25878","25878","100500070403","CN","Grant Creek",74.13,18317.49
"25879","25879","100500110301","CN","100500110301",96.47,23839.47
"25880","25880","100500020607","CN","100500020607-Milk River",127.18,31428.01
"25881","25881","100500080205","CN","Mull Creek-Battle Creek",126.67,31300.81
"25882","25882","100500030105","CN","Middle Sage Creek",145.32,35909.66
"25883","25883","100500110306","CN","100500110306",74.39,18381.37
"25884","25884","100500110302","CN","100500110302",65.43,16169.14
"25885","25885","100500110109","CN","100500110109",51.87,12816.44
"25886","25886","100500080105","CN","Town of Robsart",74.01,18287.15
"25887","25887","100500070301","CN","100500070301",103.45,25562.23
"25888","25888","100500020701","CN","100500020701",163.2,40328.11
"25889","25889","100500110303","CN","100500110303",58.71,14507.6
"25890","25890","100500130101","CN","Oxarat Creek",141.51,34967.89
"25891","25891","100500070402","CN","Headwaters Middle Creek",96.65,23882.96
"25892","25892","100500080107","CN","100500080107",130.37,32214.76
"25893","25893","100500080210","CN","100500080210-Battle Creek",120.45,29764.75
"25894","25894","100500070102","CN","Headwaters Lodge Creek",118.18,29201.78
"25895","25895","100500080202","CN","Nine Mile Creek-Battle Creek",94.72,23404.86
"25896","25896","100500110111","CN","100500110111",77.05,19038.24
"25897","25897","100500110108","CN","Tatis Lake",87.73,21678.75
"25898","25898","100500070502","CN","Patterson Creek-Middle Creek",113.4,28021.83
"25899","25899","100500070501","CN","Middle Creek Reservoir-Middle Creek",50.73,12534.93
"25900","25900","100500080203","CN","Adams Creek",106.64,26350.32
"25901","25901","100500110501","CN","100500110501",49.87,12324.14
"25902","25902","100500110502","CN","Town of Canuck-Whitewater Creek",104.42,25803.35
"25903","25903","100500030104","CN","100500030104",39.07,9654.3
"25904","25904","100500020801","CN,MT","100500020801",72.27,17858.42
"25905","25905","100500020901","CN,MT","Upper Spring Coulee",103.92,25678.28
"25906","25906","100500030101","CN","Headwaters Sage Creek",106.41,26294.08
"25907","25907","100500080204","CN","Underdahl Creek",82.95,20497.58
"25909","25909","100500130501","CN","100500130501-Frenchman River",84.89,20976.34
"25910","25910","100500110107","CN","Town of Claydon",78.95,19509.39
"25911","25911","100500020705","CN,MT","Police Creek-Philp Coulee",142.24,35148.52
"25913","25913","100500130306","CN","Moirvale Creek-Frenchman River",127.05,31395.53
"25914","25914","100500130102","CN","Cypress Lake",135.32,33439.45
"25915","25915","100500110504","CN","100500110504",91.36,22575.71
"25916","25916","100500080303","CN","Kompan Creek-Battle Creek",64.36,15904.92
"25917","25917","100500130403","CN","Lower Conglomerate Creek",118.95,29393.24
"25927","25927","100500130204","CN","Lower Fairwell Creek",54.38,13438.2
"25943","25943","100500110201","CN","100500110201",97.39,24065.71
"25945","25945","100500110203","CN","Wrightville Coulee",70.99,17542
"25953","25953","100500130203","CN","Middle Fairwell Creek",93.19,23028.31
"25955","25955","090400011004","CN","Spring Coulee",75.96,18769.86
"25976","25976","100500020402","CN,MT","Lower Miners Coulee",96.25,23782.85
"25982","25982","100500030302","CN","100500030302",54.84,13551.52
"25985","25985","100500130305","CN","Lower Davis Creek",53.75,13281.3
"25986","25986","100500110304","CN","Island Lake",115.93,28647.69
"25987","25987","100500110205","CN","Town of Frontier",72.75,17977.11
"25988","25988","100500110204","CN","Frontier Airport",150.77,37255.97
"25989","25989","100500070602","CN","100500070602",44.45,10983.38
"25990","25990","100500021201","CN,MT","Lost River",174.39,43091.71
"25993","25993","100500070603","CN","100500070603-Lodge Creek",70.04,17308.16
"25994","25994","100500080104","CN","100500080104",62.36,15409.43
"25995","25995","100500130303","CN","Lonepine Creek",42.36,10468.26
"25996","25996","090400010903","CN","Lower Pinepound Creek",65.85,16270.95
"26002","26002","090400010604","CN","Beazer-Lee Creek",43.9,10848.72
"26005","26005","090400010501","CN,MT","Upper Rolph Creek",87.11,21526.16
"26007","26007","090400011008","CN","090400011008",44.75,11058.9
"26010","26010","090400010503","CN,MT","Middle Rolph Creek",46.14,11401.21
"26011","26011","090400010800","CN","St.Mary Reservoir-St. Mary River",196.39,48529.35
"26015","26015","090400010502","CN,MT","Taylorville",47.3,11687.08
"26016","26016","090400010301","CN,MT","Upper Boundary Creek",56.19,13885.45
"26017","26017","090400010701","CN,MT","Coal Mine Coulee-Saint Mary River",94.19,23275.63
"26019","26019","090400010302","CN,MT","Lower Boundary Creek",118.6,29307.29
"26020","26020","090400010603","CN","Tough Creek",41.21,10183.31
"26021","26021","090400011202","CN","090400011202-St. Mary River",131.54,32504.14
"26023","26023","090400010505","CN","Lower Rolph Creek",91.97,22727.44
"26024","26024","090400010504","CN","090400010504",42.12,10408.95
"26029","26029","090400010702","CN","Aetna Creek",48.34,11945.27
"26031","26031","090400011001","CN","Ross Lake",103.66,25614.7
"26037","26037","090400010605","CN","Ockey Ridge-Lee Creek",67.58,16698.21
"26038","26038","090400010901","CN","Upper Pinepound Creek",76.58,18924.28
"26039","26039","090400010703","CN","090400010703-St. Mary River",89.63,22146.85
"26040","26040","090400010902","CN","Middle Pinepound Creek",80.29,19840.43
"26067","26067","090400011005","CN","Jensen Reservoir-Pothole Creek",48.43,11967.01
"26068","26068","100302030205","CN,MT","Willshaw Flats",120.65,29813.69
"26091","26091","090400011003","CN","Headwaters Pothole Creek",80.58,19912.26
"26092","26092","090400011006","CN","090400011006-Pothole Creek",45.32,11198.7
"26093","26093","090400010606","CN","Cardston-Lee Creek",97.45,24079.24
"26094","26094","090400011002","CN","090400011002",91.98,22729.9
"26100","26100","100500020203","CN","Verdigris Coulee",123.73,30573.1
"26102","26102","190104030302","CN","190104030302",44,10872.88
"26104","26104","190104040304","CN","190104040304",117.65,29072.38
"26106","26106","100500020303","CN","100500020303-Milk River",81.24,20073.7
"26109","26109","100500080106","CN","Town of Vidora",100.69,24880.29
"26112","26112","100500080103","CN","Palisade Creek",82.57,20402.86
"26116","26116","100500070302","CN","100500070302-Lodge Creek",102.42,25307.88
"26117","26117","100500020304","CN","100500020304",104.86,25911.81
"26119","26119","100500020104","CN,MT","Headwaters Red River",67.22,16611.01
"26120","26120","100500020109","CN,MT","Lower Red River",83.05,20521.86
"26121","26121","100500020602","CN,MT","Van Cleeve Coulee",142.33,35170.49
"26122","26122","100500020202","CN","Verdigris Lake",194,47939.59
"26123","26123","100500020108","CN,MT","Middle Red River",50.17,12398.39
"26124","26124","100500010303","CN,MT","Bish Coulee-North Fork Milk River",68.7,16975.62
"26125","26125","100500020604","CN,MT","Deer Creek-Milk River",125.64,31045.18
"26126","26126","100500010402","CN,MT","Shanks Creek",141.08,34860.67
"26127","26127","100500020306","CN,MT","100500020306",83.49,20630.29
"26128","26128","100500010401","CN,MT","Peters Creek-North Fork Milk River",141.09,34863.08
"26130","26130","100500020603","CN,MT","Police Creek",70.19,17343.58
"26131","26131","100500020605","CN","100500020605",65.14,16097.4
"26135","26135","100500070202","CN","100500070202",54.85,13554.6
"26136","26136","100500010403","CN","100500010403-North Fork Milk River",91.44,22595.2
"26137","26137","100500010505","CN","Knight Creek-North Fork Milk River",116.92,28890.99
"26138","26138","100500010501","CN","Lonely Valley Creek",164.61,40677.14
"26141","26141","100500080209","CN","100500080209",169.82,41964.09
"26142","26142","100500020302","CN","Milk River Ridge-Milk River",102.53,25335.36
"26143","26143","100500010504","CN","Mackie Creek",98.84,24423.95
"26144","26144","100500010503","CN","100500010503",123.52,30521.5
"26148","26148","100500080408","CN,MT","Lower Lyons Coulee",56.6,13985.89
"26150","26150","100500010204","CN,MT","Antelope Spring-Milk River",127.29,31454.5
"26152","26152","100600040104","CN","Lonesome Butte-West Poplar River",98.05,24228.33
"26153","26153","100500010601","CN,MT","Boundary Lake",41.32,10211.04
"26154","26154","100500010502","CN,MT","100500010502",115.85,28627.77
"26156","26156","100500010603","CN,MT","100500010603-Milk River",110.87,27397.66
"26158","26158","100500010203","CN,MT","Coal Bank Coulee-Milk River",143.47,35452.18
"26159","26159","100500020107","CN,MT","Upper Red River",65.85,16271.24
"26163","26163","090400011009","CN","090400011009",132.53,32749.82
"26164","26164","090400011103","CN","Prairie Blood Coulee",77.08,19046.45
"26165","26165","100600040102","CN","Headwaters West Poplar River",66.52,16436.63
"26176","26176","190104040908","CN","190104040908",141.61,34992.36
"26179","26179","090400011203","CN","090400011203-St. Mary River",96.8,23918.78
"26195","26195","100500020307","CN","100500020307-Milk River",84.55,20892.48
"26209","26209","100500080409","CN,MT","Middle East Fork Battle Creek",87.51,21624.16
"26217","26217","190104040603","CN","190104040603",105.07,25963.06
"26218","26218","100500080403","CN,MT","Mundell Ccreek",42.95,10611.94
"26220","26220","100500070706","CN,MT","Hay Coulee",82.1,20288.17
"26221","26221","100500030103","CN","Upper Sage Creek",98.56,24355.74
"26223","26223","100500020305","CN","Milk River Airport-Milk River",92.88,22951.1
"26224","26224","100500020704","CN","100500020704-Milk River",80.93,19999.32
"26236","26236","190104040303","CN","190104040303",107.44,26548.06
"26305","26305","190104040906","CN","190104040906",110.15,27219.86
"26335","26335","190104040505","CN","190104040505",86.13,21282.11
"26805","26805","190104040301","CN","190104040301",86.16,21291.16
"26808","26808","190104030408","CN","190104030408",80.68,19935.87
"26817","26817","190104040307","CN","190104040307",88.47,21861.51
"26820","26820","190104040305","CN","190104040305",45.75,11306.1
"26822","26822","190104040402","CN","190104040402",43.14,10658.91
"26823","26823","190104030510","CN","190104030510",139.3,34422
"26951","26951","190104040903","CN","190104040903",59.84,14786.41
"29971","29971","190104040204","CN","190104040204",67.17,16597.51
"29994","29994","190104041102","CN","190104041102",58.43,14437.67
"30357","30357","190104040206","CN","190104040206",75.04,18542.93
"30527","30527","190104040104","CN","190104040104",109.65,27095.53
"30529","30529","190104041101","CN","190104041101",54.48,13462.76
"30531","30531","190104030505","CN","190104030505",79.05,19534.2
"30532","30532","190104030407","CN","190104030407",62.41,15421.12
"30533","30533","190104030406","CN","190104030406",61.86,15285.34
"30534","30534","190104030403","CN","190104030403",114.85,28380.9
"30535","30535","190104030402","CN","190104030402",47.45,11725.19
"30536","30536","190104030401","CN","190104030401",58.53,14463.8
"30537","30537","190104031104","CN","190104031104",198.63,49082.2
"30538","30538","190104031002","CN","190104031002",275.51,68081.03
"30539","30539","190104031001","CN","190104031001",164.08,40546.07
"30540","30540","190104031103","CN","190104031103",123.46,30508.83
"30541","30541","190104031102","CN","190104031102",116.67,28830.12
"30542","30542","190104030905","CN","190104030905",90.06,22253.72
"30562","30562","190104041106","CN","190104041106",67.18,16601.35
"30563","30563","190104041404","CN","190104041404",66.67,16474.34
"30564","30564","190104040101","CN","190104040101",125.79,31084.59
"30565","30565","190104041001","CN","190104041001",68.51,16929.49
"30566","30566","190104030504","CN","190104030504",44.34,10957.25
"30567","30567","190104030508","CN","190104030508",36.53,9026.87
"30568","30568","190104030506","CN","190104030506",105.68,26113.3
"30569","30569","190104030904","CN","190104030904",51.76,12789
"30571","30571","190104030903","CN","190104030903",41.48,10249.27
"30572","30572","190104031101","CN","190104031101",88.76,21934.18
"30574","30574","190104041706","AK,CN","190104041706",131.15,32406.74
"30575","30575","190104030703","CN","190104030703",110.24,27241.01
"30576","30576","190104040103","CN","190104040103",92.58,22877.08
"30577","30577","190104040202","CN","190104040202",147.16,36364.65
"30578","30578","190104041104","CN","190104041104",82.5,20386.15
"30579","30579","190104041105","CN","190104041105",54.76,13531.91
"30580","30580","190104041107","CN","190104041107",131.55,32507
"30581","30581","190104030705","CN","190104030705",97.69,24138.61
"30582","30582","190104030706","CN","190104030706",139.62,34501.62
"30583","30583","190104030608","CN","190104030608",69.71,17225.59
"30584","30584","190104030507","CN","190104030507",88.32,21825.07
"30585","30585","190104030704","CN","190104030704",103.51,25578.83
"30586","30586","190104030404","CN","190104030404",106.04,26202.97
"30587","30587","190104030103","CN","190104030103",141.61,34993.59
"30588","30588","190104030202","CN","190104030202",82.18,20307.79
"30589","30589","190104030901","CN","190104030901",56.87,14053.85
"30590","30590","190104030902","CN","190104030902",99.88,24681.72
"30591","30591","190104040105","CN","190104040105",79.24,19580.99
"30592","30592","190104040102","CN","190104040102",61.15,15111.14
"30593","30593","190104041103","CN","190104041103",163.27,40345.71
"30594","30594","190104040704","CN","190104040704",66.26,16371.99
"30595","30595","190104040701","CN","190104040701",133.57,33005.31
"30596","30596","190104030410","CN","190104030410",67.08,16575.54
"30597","30597","190104030303","CN","190104030303",136.41,33706.6
"30723","30723","190104040201","CN","190104040201",103.56,25591.39
"30724","30724","190104040703","CN","190104040703",105.29,26018.93
"30725","30725","190104040707","CN","190104040707",57.68,14253.97
"30726","30726","190104030204","CN","190104030204",50.65,12514.7
"30727","30727","190104030201","CN","190104030201",163.81,40479.42
"30728","30728","190104040705","CN","190104040705",125.67,31053.46
"30730","30730","190104040308","CN","190104040308",113.54,28056.45
"30733","30733","190104030409","CN","190104030409",75.86,18744.23
"30734","30734","190104040205","CN","190104040205",47.12,11643.59
"30735","30735","190104030203","CN","190104030203",90.34,22322.93
"30736","30736","190104040106","CN","190104040106",132.28,32688.01
"30737","30737","190104030503","CN","190104030503",126.24,31193.75
"30738","30738","190104030411","CN","190104030411",47.74,11795.84
"30739","30739","190104030405","CN","190104030405",70.45,17407.33
"30740","30740","190104030501","CN","190104030501",57.24,14145.14
"30741","30741","190104030603","CN","190104030603",114.7,28342.79
"30742","30742","190104030701","CN","190104030701",156.86,38760.3
"30743","30743","190104030702","CN","190104030702",92.05,22746.81
"30744","30744","190104030707","CN","190104030707",91.35,22574.03
"30745","30745","190104030805","CN","190104030805",92.04,22744.79
"30746","30746","190104030804","CN","190104030804",147.8,36523.37
"30747","30747","190104031004","CN","Melt Creek",67.42,16659.87
"30748","30748","190104040306","CN","190104040306",122.45,30257.52
"30749","30749","190104040401","CN","190104040401",160.7,39708.65
"30750","30750","190104030502","CN","190104030502",60.93,15054.97
"30751","30751","190104030803","CN","190104030803",161.37,39874.8
"30752","30752","190104030509","CN","190104030509",50.66,12517.49
"30753","30753","190104030806","CN","190104030806",175.31,43319.6
"30754","30754","190104040302","CN","190104040302",207.74,51333.97
"30755","30755","190104040706","CN","190104040706",46.63,11522.58
"30756","30756","190104030412","CN","190104030412",127.32,31462.52
"30757","30757","190104040601","CN","190104040601",136.68,33773.7
"30758","30758","190104030102","CN","190104030102",78.89,19495.11
"30760","30760","190104040605","CN","190104040605",41.37,10222.05
"30761","30761","190104040801","CN","190104040801",144.01,35585.16
"30762","30762","190104040403","CN","190104040403",137.89,34073.64
"30763","30763","190104041002","CN","190104041002",106.05,26205.51
"30764","30764","190104040501","CN","190104040501",47.77,11803.94
"30766","30766","190104041401","CN","190104041401",106.65,26353.89
"30768","30768","190104030301","CN","190104030301",90.49,22361.61
"30769","30769","190104040506","CN","190104040506",138.38,34195.56
"30770","30770","190104040602","CN","190104040602",118.87,29372.93
"30771","30771","190104041705","AK,CN","190104041705",72.55,17927.03
"30773","30773","190104041201","CN","190104041201",248.91,61507
"30774","30774","190104041702","CN","190104041702",107.28,26509.78
"30775","30775","190104041901","AK,CN","190104041901",83.52,20636.99
"30776","30776","190104041502","CN","190104041502",106.37,26284.16
"30777","30777","190104041301","CN","190104041301",130.87,32337.66
"30779","30779","190104041804","CN","190104041804",139.37,34437.91
"30780","30780","190104041604","CN","190104041604",68.87,17017.01
"30781","30781","190104041703","CN","190104041703",189.07,46719.42
"30782","30782","190104041801","CN","190104041801",137.72,34032.35
"30783","30783","190104041903","AK,CN","190104041903",90.39,22336.44
"30784","30784","190104041902","AK,CN","190104041902",79.27,19587.89
"30785","30785","190104041707","CN","190104041707",78.11,19300.81
"30786","30786","190104041302","CN","190104041302",163.78,40469.9
"30787","30787","190104041501","CN","190104041501",142.39,35185.77
"30788","30788","190104040606","CN","190104040606",111.33,27510.48
"30789","30789","190104042003","AK,CN","190104042003",159.16,39328.58
"30790","30790","190104031003","AK,CN","Konamoxt Glacier",147.85,36535.25
"30791","30791","190104040803","CN","190104040803",176.78,43684.13
"30792","30792","190104041603","CN","190104041603",46.78,11560.39
"30793","30793","190104041601","AK,CN","190104041601",60.31,14904.11
"30794","30794","190104041605","CN","190104041605",248.86,61494.6
"30795","30795","190104040802","CN","190104040802",138.88,34319.2
"30796","30796","190104040804","CN","190104040804",52.2,12899.71
"30798","30798","190104040805","CN","190104040805",209.05,51658.13
"30799","30799","190104041806","CN","190104041806",139.04,34356.47
"30801","30801","190104040504","CN","190104040504",166.14,41052.94
"30802","30802","190104040502","CN","190104040502",155.08,38320.2
"30803","30803","190104040907","CN","190104040907",77.53,19157.3
"30804","30804","190104041602","CN","190104041602",193.71,47867.37
"30805","30805","190104041203","CN","190104041203",233.16,57614.76
"30806","30806","190104040901","CN","190104040901",65.64,16220.21
"30807","30807","190104040404","CN","190104040404",142.8,35287.11
"30808","30808","190104040702","CN","190104040702",184.3,45542.37
"30809","30809","190104040604","CN","190104040604",136.67,33771.62
"30811","30811","190104040902","CN","190104040902",128.96,31867.23
"30812","30812","190104040909","CN","190104040909",145.15,35867.84
"30813","30813","190104040203","CN","190104040203",134.21,33164.88
"30817","30817","190103030901","AK,CN","Flemer River",106.38,26286.89
"30818","30818","190103031009","AK,CN","Outlet Kelsall River",118.02,29164.45
"30819","30819","190103031208","AK,CN","Little Boulder Creek-Klehini River",145.84,36038.37
"30821","30821","190104041003","CN","190104041003",95.77,23665.49
"30822","30822","190104040904","CN","190104040904",118.19,29206.46
"30823","30823","190104041005","CN","190104041005",147.49,36444.6
"30824","30824","190104040503","CN","190104040503",127.34,31465.37
"30827","30827","190104041803","CN","190104041803",48.54,11995.05
"30828","30828","190104041704","CN","190104041704",59.42,14683.16
"30829","30829","190104041807","CN","190104041807",154.26,38118.52
"30830","30830","190104041805","CN","190104041805",73.62,18192.93
"30831","30831","190104040905","CN","190104040905",140.22,34648.34
"30832","30832","190104041905","AK,CN","190104041905-Alsek River",232.38,57422.1
"30833","30833","190104030606","CN","190104030606",49.34,12192.23
"30834","30834","190104041802","CN","190104041802",45.15,11155.63
"30835","30835","190104041403","CN","190104041403",109.55,27070.39
"30836","30836","190104041402","CN","190104041402",77.36,19116.44
"30837","30837","190104041808","CN","190104041808",141.33,34922.53
"30838","30838","190104041701","AK,CN","190104041701",101.34,25041.38
"30839","30839","190104030605","CN","190104030605",100.74,24893.83
"30840","30840","190104030604","CN","190104030604",54.57,13484.31
"30841","30841","190104030602","CN","190104030602",110.05,27194.72
"30842","30842","190104030601","CN","190104030601",137.3,33927.77
"30843","30843","190104030802","CN","190104030802",164.73,40706.25
"30844","30844","190104030607","CN","190104030607",49.76,12294.87
"30846","30846","190104041006","CN","190104041006",125.23,30945.21
"30848","30848","190104041004","CN","190104041004",124.07,30657.72
"30963","30963","190104030801","CN","190104030801",129.48,31995.57
"31339","31339","170101041705","CN","Akokli Creek",51.54,12736.12
"31340","31340","170101041707","CN","La France Creek",56.07,13854.13
"31341","31341","170101041710","CN","Outlet Crawford Creek",77.33,19108.7
"31347","31347","170101041706","CN","Lockhart Creek",37.43,9249.29
"31348","31348","170101041708","CN","Gray Creek",42.02,10383.05
"31353","31353","170101041802","CN","Kokanee Creek",96.03,23728.39
"31357","31357","170101041804","CN","Duhamel Creek",57.09,14106.57
"31359","31359","170101041808","CN","Sproule Creek",52.22,12903.31
"31361","31361","170101070000","CN","Headwaters Kootenai River",5393.14,1332672.09
"31433","31433","170101010102","CN","Headwaters Bull River",99.85,24672.49
"31434","31434","170101010103","CN","Mount Herchmer-Bull River",58.12,14361.42
"31435","31435","170101010201","CN","Upper Galbraith Creek",44.62,11024.61
"31436","31436","170101010202","CN","Summer Creek",64.6,15963.55
"31437","31437","170101010204","CN","Tanglefoot Creek",123.32,30471.82
"31438","31438","170101010303","CN","Van Creek",38.25,9452
"31440","31440","170101010304","CN","Dibble Creek",33.9,8377.08
"31441","31441","170101010307","CN","Outlet Bull River",67.55,16692.76
"31442","31442","170101010407","CN","Suzanne Creek-Kootenay River",226.15,55883.21
"31443","31443","170101010501","CN","Headwaters Gold Creek",101.09,24980.05
"31444","31444","170101040802","CN","Kamma Creek",97.94,24200.66
"31445","31445","170101041404","CN","Pork Creek",47.1,11639.59
"31446","31446","170101040801","CN","Mallandaine Creek",99.47,24579.74
"31447","31447","170101041401","CN","Pinnacle Creek",93.05,22992.79
"31448","31448","170101041407","CN","Greasy Rocks Creek",48,11860.27
"31449","31449","170101041410","CN","Lower Carney Creek",99.11,24491.66
"31450","31450","170101041503","CN","Middle Keen Creek",53.49,13218.71
"31451","31451","170101041601","CN","Davis Creek",63.72,15745.76
"31452","31452","170101041603","CN","Campbell Creek",96.28,23792.2
"31453","31453","170101041604","CN","Powder Creek",49.14,12143.15
"31454","31454","170101041605","CN","Bernard Creek",60.33,14909.03
"31455","31455","170101041609","CN","Queens Creek-Kootenay Lake",667.67,164983.89
"31456","31456","170101041704","CN","Sanca Creek",110.01,27183.08
"31457","31457","170101041809","CN","Falls Creek",33.81,8354.07
"31458","31458","170101041904","CN","Little McPhee Creek-Kootenay River",133.36,32953.99
"31459","31459","170101060101","CN","Cadorna Creek",126.64,31293.45
"31460","31460","170101060102","CN","Headwaters Elk River",145.9,36053.57
"31461","31461","170101060106","CN","Forsyth Creek",113.41,28024.61
"31462","31462","170101060206","CN","Ewin Creek",86.68,21418.49
"31463","31463","170101060301","CN","South Line Creek",40.2,9934.59
"31464","31464","170101060302","CN","Line Creek",97.72,24147.5
"31475","31475","170101060401","CN","Bingay Creek",52.57,12991.33
"31476","31476","170101060501","CN","Andy Good Creek",33.95,8390.15
"31477","31477","170101060502","CN","Headwaters Michel Creek",67.63,16712.41
"31478","31478","170101060503","CN","Upper Michel Creek",49.45,12220.47
"31479","31479","170101060403","CN","Lowe Creek-Elk River",149.46,36932.05
"31481","31481","170101060506","CN","Headwaters Alexander Creek",69.58,17193.95
"31482","31482","170101060507","CN","Outlet Alexander Creek",115.33,28498.42
"31483","31483","170101060508","CN","Lower Michel Creek",97.9,24192.55
"31484","31484","170101041807","CN","Canada",89.06,22007.71
"31490","31490","170101090000","CN","Duncan River",4763.41,1177063.06
"32979","32979","010100110508","CN","Mactaquac Park Arm",69.28,17120.29
"32982","32982","010100110501","CN","Coac Stream-Saint John River",68.72,16980.55
"33452","33452","010100110401","CN","Sullivan Creek-Saint John River",120.84,29860.2
"33540","33540","010100080908","CN","Beaver Creek",33.4,8252.71
"33544","33544","010100070409","CN,ME","Trout River-Big Black River",93.22,23035.49
"33546","33546","010100080910","CN","Saint John Lake-Sisime des Aigles River",116.42,28767.08
"33547","33547","010100080805","CN","Clear Brook",64.7,15986.93
"33548","33548","010100070701","CN","Riviere des Pointes",81.43,20121.02
"33549","33549","010100080903","CN","Sisime Brook",59.78,14772.4
"33550","33550","010100070408","CN,ME","Riviere Gobeil",43.94,10856.74
"33551","33551","010100080907","CN","Biencourt Lake-Horton River",60.46,14938.83
"33552","33552","010100080906","CN","Riviere de l'Orient",45.02,11124.85
"33553","33553","010100080909","CN","Stony Brook-Horton River",82.93,20492.18
"33555","33555","010100080902","CN","Headwaters Horton River",59.09,14601.13
"33556","33556","010100080904","CN","Green River",48.22,11915.5
"33557","33557","010100080911","CN","Eagle Lake-Eagle River",94.99,23471.96
"33558","33558","010100080905","CN","Echo Lake-Riviere de l'Orient",80.26,19832.99
"33559","33559","010100080503","CN","Lower Little River",36.47,9011.78
"33560","33560","010100070304","CN,ME","Lower Depot Stream",69.32,17128.76
"33561","33561","010100070405","CN","Ruisseau Mort",44.14,10907.21
"33562","33562","010100080604","CN","Jerry Branch-Baker Brook",38.17,9430.83
"33563","33563","010100070404","CN","Riviere Ratsoul",62.43,15426.96
"33564","33564","010100070406","CN","Riviere de la Savane",45.2,11168.14
"33565","33565","010100070410","CN,ME","Charles Pond-Big Black River",91.3,22560.15
"33568","33568","010100070804","CN,ME","Pocwock Stream",69.99,17294.47
"33569","33569","010100081202","CN,ME","Patrick Brook-Saint John River",105.94,26178.72
"33571","33571","010100070802","CN,ME","West Branch Pocwock Stream",42.79,10572.42
"33573","33573","010100070702","CN,ME","East Lake",97.65,24129.8
"33575","33575","010100070905","CN,ME","Campbell Branch",61.48,15191.29
"33578","33578","010100070407","CN","Riviere Grand Calder",77.31,19102.71
"33580","33580","010100080501","CN","Rocky Brook",47.66,11777.78
"33582","33582","010100070902","CN,ME","Upper Little Black River",120.1,29677.66
"33585","33585","010100070903","CN","010100070903",67,16555.1
"33587","33587","010100080504","CN,ME","Hunnewell Island-Saint John River",170.97,42248.78
"33588","33588","010100070904","CN,ME","West Branch Little Black River",81.09,20037.87
"33590","33590","010100080409","CN,ME","Saint Francis River",70.89,17517.17
"33591","33591","010100070901","CN,ME","Beaver Branch",49.28,12177.44
"33592","33592","010100080405","CN,ME","Jones Brook",42.64,10536.16
"33593","33593","010100080502","CN","Upper Little River",91.57,22627.95
"33595","33595","010100080505","CN,ME","Vasseur Stream-Saint John River",103.7,25624.77
"33596","33596","010100080701","CN","Dry Creek",44.77,11063.38
"33598","33598","010100080401","CN,ME","Wildcat Brook",70.65,17458.1
"33600","33600","010100081201","CN,ME","Caron Brook",95.62,23628.33
"33601","33601","010100080406","CN,ME","Beau Lake-Saint Francis River",100.2,24759.25
"33603","33603","010100080404","CN,ME","Ruisseau des Sources-Saint Francis River",47.73,11795.29
"33604","33604","010100080602","CN","Kitchen Brook-Baker Lake",71.01,17547.81
"33605","33605","010100081203","CN,ME","Gagnon Brook-Saint John River",116.47,28779.26
"33607","33607","010100080702","CN","Lac Long",122.15,30183.79
"33608","33608","010100080206","CN,ME","Pohenegamook Lake-Saint Francis River",67.54,16688.3
"33609","33609","010100080402","CN","Providence Brook",53.7,13269.29
"33610","33610","010100080205","CN","Boucanee River",78.86,19486.02
"33611","33611","010100080304","CN","Southwest Blue River",37.83,9347.7
"33613","33613","010100080605","CN","Baker Brook",96.05,23733.81
"33614","33614","010100080305","CN","Lower Little Blue River",49.55,12244.14
"33615","33615","010100080603","CN","North Baker Brook",123.22,30449.05
"33621","33621","010100080306","CN","Lower Blue River",80.99,20013.26
"33623","33623","010100081104","CN","Trout River",116.87,28879.14
"33624","33624","010100080302","CN","Upper Little Blue River",68.21,16855.13
"33641","33641","010100081007","CN","Creuse River",42.8,10575.4
"33642","33642","010100080204","CN","Willows Creek-Saint Francis River",60.45,14937.83
"33643","33643","010100080704","CN","Lower Cabano River",72.45,17901.84
"33644","33644","010100080601","CN","Jerry Branch-Meruimticook Lake",142.46,35203.1
"33647","33647","010100080703","CN","Upper Cabano River",85.08,21024.54
"33648","33648","010100080303","CN","Ruisseau Sec",49.34,12191.15
"33649","33649","010100081101","CN","Perch River",95.5,23597.69
"33651","33651","010100080802","CN","Beaver Brook",51.85,12813.11
"33652","33652","010100060308","CN","Middle Daaquam River",51.21,12654.19
"33653","33653","010100081006","CN","Little Savane River",74.41,18386.45
"33666","33666","010100080202","CN","Armstrong Brook",56.59,13982.71
"33667","33667","010100080301","CN","Upper Blue River",99.89,24684.57
"33669","33669","010100060205","CN,ME","Doucet Stream-Southwest Branch Saint John River",127.3,31456.27
"33671","33671","010100080203","CN","Headwaters Saint Francis River",58.87,14545.91
"33672","33672","010100081102","CN","Bouleax River",46.69,11537.58
"33673","33673","010100081103","CN","Lizotte Brook-Madawaska River",94.45,23339.82
"33674","33674","010100081008","CN","Bay Brook",44.34,10957.68
"33676","33676","010100060303","CN","Upper Daaquam River",49.91,12332.54
"33677","33677","010100060304","CN","Riviere Blanche",63.44,15676.23
"33680","33680","010100060306","CN","Riviere Noire",94.72,23404.76
"33681","33681","010100081004","CN","Chain River",49.96,12345.61
"33682","33682","010100060307","CN","Rivierre Shidgel",57.34,14168.59
"33683","33683","010100060206","CN,ME","Dead Brook-Southwest Branch Saint John River",142.5,35211.98
"33685","33685","010100060309","CN,ME","Lower Daaquam River",86.24,21309.33
"33689","33689","010100060305","CN","Riviere aux Originaux",118.84,29365.22
"33690","33690","010100060406","CN","Ruisseau Bolduc-Riviere Noire Nord-Ouest",68.88,17020.69
"33692","33692","010100080201","CN","Saint Francis Lake",67.54,16688.99
"33693","33693","010100060403","CN","Petite Riviere Noire",37.35,9230.45
"33695","33695","010100060407","CN,ME","Riviere a la Loutre",80.72,19946.39
"33698","33698","010100060401","CN","Lac Talon-Riviere Noire Nord-Ouest",96.49,23842.05
"33699","33699","010100060408","CN,ME","Lac Frontiere-Northwest Branch Saint John River",68.17,16845.93
"33700","33700","010100080912","CN","Ti-Fred Creek-Sutherland Brook",46.65,11528.37
"33702","33702","010100081005","CN","Sload Lake-Caldweel River",80.31,19846.03
"33703","33703","010100060402","CN","Riviere Devost",86.9,21474.56
"33707","33707","010100070505","CN,ME","Saint Roch Riviere-Shields Branch",60.04,14836.01
"33708","33708","010100060404","CN","Riviere Gauthier",34.78,8593.5
"33710","33710","010100070503","CN,ME","Riviere des Gagnon",103.44,25560.56
"33712","33712","010100081002","CN","Sutherland Brook",55.02,13596.3
"33713","33713","010100081003","CN","Sable Point Brook",34.77,8592.25
"33714","33714","010100080804","CN","Great Squatec Lake-Squatec River",120.01,29655.51
"33715","33715","010100081009","CN","Temiscouata Lake",242.03,59805.75
"33716","33716","010100080913","CN","Touladi Lake-Touladi River",125.25,30950.81
"33717","33717","010100080803","CN","Owen River",139.57,34489.61
"33718","33718","010100080806","CN","Isidore Brook-Squatec River",73.52,18168.17
"33719","33719","010100080807","CN","Small Squatec Lake-Squatec River",66.09,16331.75
"33721","33721","010100081001","CN","Ashberish River",133.9,33088.41
"33723","33723","010100060405","CN,ME","Riviere Leverrier",68.09,16825.91
"33724","33724","010100070302","CN,ME","Glazier Brook",50.89,12574.54
"33726","33726","010100070402","CN","East Big Black River",45.82,11321.89
"33727","33727","010100070502","CN","Saint-Roch Ouest Riviere",35.36,8737.47
"33728","33728","010100070401","CN","Riviere Rocheuse",51.08,12621.43
"33729","33729","010100070303","CN,ME","Middle Depot Stream",42.41,10479.92
"33731","33731","010100070403","CN","Buckley River-Big Black River",43.43,10731.67
"33733","33733","170101040602","CN,ID","Blue Joe Creek-Boundary Creek",68.28,16871.12
"33735","33735","010100070601","CN,ME","Fivemile Brook",113.78,28116.46
"33737","33737","010100070501","CN","Saint-Roch Riviere",53.98,13339.7
"33933","33933","010100070602","CN,ME","Twomile Brook",111.44,27538.11
"33935","33935","010100070504","CN,ME","Little Saint Roch River",134.08,33132.85
"33937","33937","010100070703","CN,ME","Chimenticook Stream",107.89,26659.2
"34275","34275","010100110304","CN","Quigg Brook-Nackawic Stream",61.57,15213.88
"34717","34717","171100210503","CN","Upper San Juan River",61.34,15158.57
"34718","34718","041600040000","CN","Jackpine River-Frontal Lake Superior",1826.54,451347.94
"34719","34719","041600020000","CN","Black Sturgeon River-Frontal Lake Superior",5088.96,1257508.26
"34723","34723","041700040000","CN","Magpie River-Frontal Lake Superior",9360.36,2312992.71
"34913","34913","010100041405","CN,ME","East Branch Limestone Stream",49.81,12307.36
"34927","34927","010100110305","CN","Outlet Nackawic Stream ",66.27,16376.06
"34932","34932","010100110204","CN","Lilly Brook-Saint John River",61.01,15075.83
"34938","34938","010100110507","CN","Mactaquac Stream",76.6,18927.86
"34943","34943","010100110607","CN","McCullough Brook-Keswick River ",69.55,17185.7
"34944","34944","010100110104","CN,ME","Mud Brook-Bull Creek",126.37,31225.52
"35181","35181","042100010000","CN","Upper Wanapitei River",2548.06,629639.62
"35182","35182","042000090000","CN","Killarney Lake-Frontal Lake Huron",1795.93,443784.73
"35183","35183","042000060000","CN","Serpent River-Frontal Lake Huron",2647.48,654206.62
"35184","35184","042100040000","CN","French River-Frontal Lake Huron",8832.36,2182521.58
"35185","35185","042100020000","CN","Lower Wanapitei River",1220.93,301697.22
"35186","35186","042100030000","CN","Sturgeon River",6920.89,1710188.84
"35187","35187","042000080000","CN","Spanish River-Frontal Lake Huron",9475.58,2341464.58
"35261","35261","042000070000","CN","Vermillion River",4392.61,1085437.71
"35401","35401","010100090807","CN,ME","Coombes Brook-Saint John River",33.65,8315.66
"35455","35455","010100110602","CN","West Branch Keswick River",84.49,20878.67
"35664","35664","010100050309","CN","Marven Brook-Meduxnekeag River",125.21,30940.24
"35717","35717","010100110302","CN","Headwaters Nackawic Stream ",132.4,32717.89
"35883","35883","010100110601","CN","Howard Brook-Keswick River ",134.6,33260.84
"37203","37203","043300000000","CN","Long Lake-Kenogami River",4383.92,1083289.67
"37431","37431","010100090803","CN","Riviere Siegas",120.61,29802.74
"37433","37433","010100090801","CN,ME","Thibodeau Brook-Saint John River",138.71,34276.96
"37441","37441","010100090401","CN","Grande Fourche Riviere Quisibis",98.76,24405.07
"37461","37461","010100110203","CN","Peabody Brook-Saint John River",41.89,10351.1
"37553","37553","010100100503","CN","Harper Book-Saint John River",219.53,54246.93
"37679","37679","010500010707","CN,ME","King Brook-Saint Croix River",71.2,17594.65
"37680","37680","010500010708","CN,ME","Enoch Brook-Saint Croix River",54.29,13414.66
"37681","37681","010500010802","CN,ME","Woodland Flowage-St. Croix River",64.34,15897.56
"37682","37682","010500010806","CN,ME","Magurrewock Stream-Saint Croix River",102.58,25347.71
"37683","37683","010500010810","CN,ME","Flowed Lands Ponds-Saint Croix River",109.07,26951.93
"37684","37684","010500040701","CN,ME","Islands of Passamaquoddy Bay",20.02,4946.73
"37719","37719","010500040702","CN,ME","Passamaquoddy Bay",216.82,53577.12
"38156","38156","010100100401","CN","South Branch Becaguimec Stream",140.16,34634.71
"38169","38169","010100110301","CN","West Branch Nackawic Stream",101.14,24991.3
"38171","38171","010100110202","CN","Gibson Creek",107.08,26460.48
"38173","38173","010100110604","CN","North Forks",58.74,14515.66
"38174","38174","010100050307","CN,ME","Cook Brook-Meduxnekeag River",103.1,25475.43
"38177","38177","010100100403","CN","Upper Becaguimec Stream",43.66,10787.4
"38184","38184","010100100501","CN","Little Presque Island Stream",145.36,35920.18
"38208","38208","010100090201","CN","Wild Goose Branch",120.26,29716.36
"38209","38209","010100090203","CN","Lake Branch",234.51,57949.4
"38211","38211","010100100502","CN","Hales Brook-Saint John River",92.68,22902.34
"38214","38214","010100100402","CN","North Branch Becaguimec Stream",166.64,41176.37
"38220","38220","010100110505","CN","Peter Smith Brook-Saint John River",48.88,12077.94
"38221","38221","010100110407","CN","Little Pokiok Stream",46.06,11381.26
"38223","38223","010100110408","CN","Outlet Pokiok Stream",86.36,21339.12
"38229","38229","010100110704","CN","Garden Creek-Saint John River",107.02,26444.72
"38231","38231","010100110502","CN","Joslin Creek Basin-Saint John River",105.68,26114.72
"38233","38233","010100110109","CN","Four Mile Brook-Eel River",61.48,15191.22
"38235","38235","010100110703","CN","Nashwaaksis Stream",53.13,13128.88
"38249","38249","010100110405","CN","Magundy Stream",48.55,11997.47
"38252","38252","010100110108","CN","Risteen Brook",37.95,9378.29
"38292","38292","010100110503","CN","Jewetts Creek",76.07,18797.91
"38294","38294","010100110406","CN","Headwaters Pokiok Stream",43.98,10868.49
"38299","38299","010100110509","CN","Kellys Creek Basin-Saint John River",118.65,29319.23
"38363","38363","042300020000","CN","Bruce Peninsula-Frontal Lake Huron",1793.96,443296.13
"38492","38492","042300050000","CN","Maitland River-Frontal Lake Huron",2636.52,651497.23
"38493","38493","042300040000","CN","Penetangore River-Frontal Lake Huron",1149.85,284134.51
"38890","38890","040101010204","CN,MN","Stump River",63.95,15801.95
"38896","38896","040101010105","CN","Sunset Creek",47.87,11828.03
"39066","39066","010500010102","CN,ME","East Grand Lake",192.91,47668.95
"39067","39067","010500010702","CN,ME","Trout Brook-Saint Croix River",92.46,22848.17
"39068","39068","010500010705","CN,ME","Simsquish Brook-St. Croix River",80.88,19986.65
"39190","39190","042600000101","CN,MI,OH,PA","Pelee Island",106.77,26382.94
"39866","39866","041800000101","CN,MI,MN,WI","Isle Royale",1717.77,424470.78
"39868","39868","090300010102","CN","Whistle Creek-Brush Creek",61.34,15157.44
"39869","39869","090300010101","CN","Flatrock Lake-Weikwabinonaw River",99.33,24544.38
"39871","39871","090300010304","CN,MN","Gunflint Lake",104.59,25845.38
"39887","39887","041800000102","CN,MI,MN","Nodaway Point-Frontal Lake Superior",1223.86,302422.08
"39891","39891","090300010301","CN,MN","North Lake",87.58,21641.86
"39899","39899","041600010000","CN","Dog River-Frontal Lake Superior",8896.19,2198294.73
"39911","39911","040101010206","CN,MN","Swamp River",128.5,31753.25
"39912","39912","040101010101","CN,MN","Rose Lake-Arrow River",118.43,29265.42
"39913","39913","040101010208","CN,MN","Outlet Pigeon River",67.7,16728.36
"39914","39914","040101010205","CN,MN","Portage Brook",42.44,10488.29
"39915","39915","040101010207","CN,MN","Prout Lake-Pigeon River",106.47,26309.21
"39916","39916","040101011504","CN","Little Pine River-Frontal Lake Superior",85.16,21043.88
"39917","39917","040101010202","CN,MN","Royal River",61.6,15221.81
"39918","39918","040101010203","CN,MN","Fowl Lake-Pigeon River",106.27,26260.03
"39920","39920","040101011403","CN","Crystal Creek",56.72,14016.76
"39922","39922","040101010108","CN","Devon-Arrow River",137.95,34087.57
"39923","39923","040101010107","CN","Wabindon Lake-Arrow River",147.69,36494.29
"39924","39924","040101011404","CN","Brandi Falls-Pine River",82.64,20420.51
"39925","39925","040101011503","CN","Cloud River",79.6,19670.8
"39926","39926","040101011502","CN","Jarvis River",110.43,27287.16
"39927","39927","040101010103","CN","Arrow Lake-Arrow River",136.13,33637.49
"39928","39928","040101010106","CN","Little Whitefish River",66.34,16392.28
"39930","39930","040101011401","CN","Fraleigh",73.85,18247.82
"39931","39931","040101010104","CN","Whitefish Lake",90.08,22258.43
"39932","39932","040101011402","CN","Fallingsnow Lake-Pine River",190.58,47092.7
"39933","39933","040101010102","CN","Sandstone Creek",135.12,33389.17
"39934","39934","040101011501","CN","Lomond River",83.94,20741.07
"40811","40811","010100100404","CN","Cold Stream",146.69,36247.47
"40821","40821","010100100303","CN","Little Shikatehawk Stream-Saint John River",111.43,27534.35
"40836","40836","010100100302","CN","Shikatehawk Stream",201.24,49728.44
"40839","40839","010100100104","CN","Lower Guisiguit Brook-Saint John River",129.43,31982.27
"40857","40857","010100100207","CN,ME","Big Presque Isle Stream",152.99,37803.71
"40858","40858","010100100301","CN","Monquart Stream",189.85,46913.11
"40874","40874","010100100206","CN,ME","Young Brook-Prestile Stream",60.29,14897.94
"40884","40884","010100100103","CN,ME","Upper Guisiguit Brook ",39.01,9639.78
"40890","40890","010100100101","CN,ME","River de Chute",69.06,17064.25
"40895","40895","010100041404","CN,ME","Pattee Brook",99.74,24645.49
"40896","40896","010100100102","CN","Bobie Brook-Saint John River",200.02,49425.23
"40898","40898","010100041408","CN,ME","McDonald Brook-Aroostook River",38.21,9441.66
"40902","40902","010100090810","CN","Little River-Saint John River",126.62,31289.24
"40903","40903","010100110603","CN","McKiel Brook",40.57,10025.73
"40904","40904","010100110702","CN","Middle Branch Nashwaaksis Stream",74.83,18490.15
"40905","40905","010100110701","CN","West Branch Nashwaaksis Stream",65.89,16280.84
"40907","40907","010100041407","CN,ME","Lower Limestone Stream",66.17,16351.1
"40912","40912","010100110409","CN","Bulls Creek-Saint John River",76.8,18978.08
"40916","40916","010100110106","CN","Pocomoonshine Brook-Eel River",56.57,13978.89
"40918","40918","010100041406","CN,ME","Upper Limestone Stream",86.7,21425.22
"40919","40919","010100090809","CN,ME","Rapide de Femme Stream-Saint John River",114.4,28268.32
"40924","40924","010100090805","CN,ME","Septiemel Island-Saint John River",55.45,13703.14
"40925","40925","010100090500","CN","Grande Riviere",382.9,94617.53
"40927","40927","010100090808","CN,ME","Martin Brook-Saint John River",175.31,43320.68
"40928","40928","010100090804","CN,ME","Violette Stream",168.4,41612.3
"40929","40929","010100090802","CN,ME","La Grande Island-Saint John River",50.48,12472.97
"40930","40930","010100110303","CN","East Branch Nackawic Stream",115.76,28604.35
"40932","40932","010100050308","CN,ME","Britton Lake-Meduxnekeag River",59.54,14711.77
"40933","40933","010100090600","CN","Little River",384.68,95056.6
"40934","40934","010100090700","CN","Salmon River",571.34,141179.99
"40935","40935","010100090403","CN","Lower Riviere Quisibis",97.04,23978
"40936","40936","010100090303","CN","Petit Ruisseau Belone-Green River",205.08,50677.51
"40937","40937","010100090202","CN","Pemouet Branch",100.04,24719.79
"40938","40938","010100110201","CN","Debec Brook-Bulls Creek",118.74,29340.58
"40940","40940","010100110605","CN","Morehouse Pond-Keswick River",70.48,17415.64
"40942","40942","010100110606","CN","Jones Forks",63.81,15768.58
"40944","40944","010100050206","CN,ME","Carters Brook-North Branch Meduxnekeag River",60.45,14937.96
"40946","40946","010100100405","CN","Lower Becaguimec Stream",30.86,7626.39
"40950","40950","010100090402","CN","Upper Riviere Quisibis",134.78,33305.19
"40951","40951","010100090302","CN","Richards Brook-Green River",100.83,24914.48
"40952","40952","010100090100","CN","Riviere Iroquois",264.53,65366.92
"40955","40955","010100050204","CN,ME","Dead Stream",59.96,14815.35
"40961","40961","010100090301","CN","Little Forks Branch Green River",175.28,43313.49
"40962","40962","010100090204","CN","Right Hand Branch Green River",233.56,57712.97
"40967","40967","010100100205","CN,ME","Whitney Brook",102.4,25302.62
"40969","40969","010100110402","CN","West Branch Shogomoc Stream",100.19,24757.48
"40970","40970","010100110103","CN","Mistake Brook-Eel River",29.86,7377.55
"40971","40971","010100110404","CN","Outlet Shogomoc Stream",40.9,10107.48
"40972","40972","010100110105","CN","Pocowogamis Stream",56.02,13843.49
"40974","40974","010100110506","CN","South Branch Mactaquac Stream",77.25,19089.22
"40975","40975","010100110107","CN","Fish Creek-Eel River",69.76,17239.27
"40977","40977","010500010207","CN,ME","Spednic Lake",245.21,60592.82
"40978","40978","010500010201","CN","Pirate Brook",102.84,25413.53
"40979","40979","010500010203","CN","Bolton Brook",40.19,9932.08
"40980","40980","010500010204","CN","Palfrey Stream",115.64,28574.75
"40981","40981","010500040300","CN","Canada",3116.85,770189.04
"40982","40982","010500010101","CN,ME","Monument Brook-North Lake",149.77,37009.89
"40983","40983","010100081106","CN","Madawaska River",26.71,6600.38
"40984","40984","010100081105","CN","Island Brook-Madawaska River",67.92,16783.06
"40985","40985","010100080801","CN","Plourde River",62.05,15331.71
"40987","40987","010100080901","CN","Dionne Brook",84.84,20964.58
"40988","40988","010100110504","CN","Longs Creek Arm",66.49,16430.54
"40989","40989","010100110102","CN","First Eel Lake",127.89,31603.35
"40990","40990","010100110101","CN","Dead Creek",69.62,17202.96
"40991","40991","010100110403","CN","Headwaters Shogomoc Stream",97.81,24168.49
"41350","41350","190704030404","CN","190704030404",70.78,17490.23
"41637","41637","042000050000","CN","Lower Mississagi River-Lake Huron",3540.41,874852.38
"41638","41638","042000040000","CN","Upper Mississagi River",5804.59,1434343.73
"41680","41680","042701010608","CN","Big Forks Creek",92.62,22887.82
"41684","41684","042701010604","CN","Outlet Oswego Creek",80.17,19810.31
"41685","41685","042701010603","CN","Town of Canborough-Oswego Creek",105.68,26113.13
"41689","41689","042701010606","CN","Bridgewater Creek-Welland River",121.36,29989.73
"41690","41690","042701010609","CN","Town of Welland-Welland River",91.71,22663.21
"41695","41695","042701010610","CN","Lyons Creek",83.7,20682.96
"41698","41698","042701010611","CN","Gassy Brook-Welland River",47,11614.63
"41779","41779","190104050401","AK,CN","190104050401",124.81,30841.16
"41981","41981","190701040403","CN","190701040403",121.67,30065.05
"41994","41994","190701041003","CN","190701041003",87.22,21553.45
"41996","41996","190701010302","CN","190701010302",84.13,20788.47
"41999","41999","190701010102","CN","190701010102",61.94,15305.04
"42099","42099","042701010602","CN","Mill Creek-Welland River",106.82,26396.16
"42100","42100","042701010702","CN","Twelve Mile Creek",131.57,32511.23
"42101","42101","042701010703","CN","Port Weller Harbour-Welland Canal",63.68,15734.89
"42102","42102","042701010809","CN,NY","Outlet Niagara River",43.02,10630.31
"42103","42103","042701020000","CN","Jordan Harbour-Frontal Lake Ontario",780.09,192764.82
"42104","42104","042702010000","CN","Scugog River",1005.92,248567.63
"42105","42105","042702040000","CN","Otonabee River",1667.26,411988.54
"42300","42300","190701010103","CN","190701010103",136.99,33850.68
"42319","42319","042702030000","CN","Kawartha Lakes",3072.93,759338.02
"42320","42320","042701010605","CN","Beaver Creek",72.69,17962.19
"42331","42331","042701010607","CN","Mill Race Creek",87.21,21551.19
"42332","42332","042701010803","CN","Black Creek",102.72,25383.56
"42562","42562","190701020602","CN","190701020602",131.76,32557.59
"42585","42585","190701020506","CN","190701020506",156.57,38689.29
"42607","42607","190701040606","CN","190701040606",129.53,32007.37
"42970","42970","190701041308","CN","190701041308",128.22,31684.83
"42975","42975","190701041204","CN","190701041204",83.98,20752.63
"42983","42983","190701040906","CN","190701040906",165.71,40947.54
"42988","42988","042701010701","CN","Gravelly Bay-Welland Canal",106.16,26231.49
"42989","42989","042701010804","CN,NY","Grand Island-Chippawa Channel Niagara River-Niagara River",98.82,24418.76
"43019","43019","190704030701","AK,CN","Upper McArthur Creek",163.27,40343.73
"43043","43043","190704030903","AK,CN","Lower McElfish Creek",55.45,13701.49
"43053","43053","190704030203","CN","190704030203",105.8,26143.03
"43062","43062","010300010102","CN,ME","South Branch Moose River",91.95,22721.49
"43064","43064","010300010302","CN,ME","West Branch Sandy Stream",92.93,22962.63
"43070","43070","010400010303","CN,ME,NH","Parmachenee Lake",144.77,35774.41
"43073","43073","010801010305","CN,NH,VT","Willard Stream-Connecticut River",139.92,34574.93
"43108","43108","190704030201","CN","190704030201",108.33,26769.2
"43117","43117","190704030702","AK,CN","Middle McArthur Creek",114.37,28261.94
"43207","43207","190704030406","CN","190704030406",77.2,19075.97
"43232","43232","010801010302","CN","Buck Creek",69.49,17172.53
"43236","43236","010801010303","CN,NH,VT","Halls Stream",160.25,39598.88
"43239","43239","010801010201","CN,NH","Middle Branch Indian Stream",83.87,20723.87
"43255","43255","010200010104","CN,ME","Dole Pond",110.61,27331.98
"43256","43256","010200010105","CN,ME","Dole Brook",69.37,17142.05
"43257","43257","010200010201","CN,ME","Threemile Brook-South Branch Penobscot River",93.89,23199.68
"43258","43258","010200010202","CN,ME","Penobscot Lake",41.92,10357.71
"43262","43262","010300010101","CN,ME","Number One Brook",85.93,21234.93
"43263","43263","010300020101","CN,ME","Horseshoe Stream",93.61,23131.28
"43264","43264","010801010304","CN,VT","Leach Creek",157.81,38995.58
"43266","43266","010400010302","CN,ME,NH","West Branch Magalloway River",68.48,16921.55
"43267","43267","010400010301","CN,ME","Second East Branch Magalloway River",57.38,14179.58
"43268","43268","010100060201","CN,ME","Little Saint John Lake-Southwest Branch St. John River",93.99,23226.43
"43273","43273","010100060202","CN,ME","South Morning Stream-Southwest Branch Saint John River",124.83,30846.38
"43415","43415","043002020102","CN","White River",62.9,15542.23
"43431","43431","040900020102","CN","Town of Strathroy-Sydenham River",97.74,24152.76
"43434","43434","040900020901","CN","Danforth Creek-Little Bear Creek",66.83,16512.83
"43435","43435","040900020702","CN","Running Creek",30.07,7430.82
"43482","43482","043001090205","CN","Lower Acadie River",119.39,29503.1
"43641","43641","040900020304","CN","Town of Florence-Sydenham River",120.69,29823.75
"43710","43710","042500010000","CN","Cedar Creek-Frontal Lake Erie",586.91,145028.72
"43712","43712","042300060000","CN","Ausable River-Frontal Lake Huron",3043.4,752039.27
"43713","43713","040900010504","CN,MI","Fawn Island-Saint Clair River",90.57,22381.01
"43728","43728","040900020203","CN","Morrogh Creek",87.46,21610.88
"43730","43730","040900020301","CN","Town of Grays-Sydenham River",165.53,40904.18
"43732","43732","040900020602","CN","Oil Springs-Black Creek",150.72,37243.03
"43736","43736","040900020401","CN","Warwick Dam-Bear Creek",79.82,19724.78
"43737","43737","040900020101","CN","Town of Coldstream-Sydenham River",127.39,31479.45
"43738","43738","040900020701","CN","Otter Creek",143.01,35339.57
"43739","43739","040900010501","CN","Talfourd Creek",60.41,14927.3
"43741","43741","040900040602","CN","Town of Amherstburg",59.98,14821.35
"43743","43743","040900040603","CN","Cahill Drain-Canard River",145.47,35945.96
"43744","43744","040900040502","CN","Turkey Creek",54.73,13524.11
"43745","43745","040900040601","CN","McClean Drain-Canard River",138.35,34187.94
"43747","43747","040900040703","CN,MI","Grosse Isle-Detroit River",180.74,44660.98
"43751","43751","040900021008","CN","Pike Creek",87.73,21678.4
"43752","43752","040900021007","CN","Puce River",59.89,14798.58
"43753","43753","040900021006","CN","Belle River",109.3,27009.48
"43756","43756","040900021005","CN","Ruscom River",172.74,42684.46
"43759","43759","040900040503","CN,MI","Belle Isle-Detroit River",186.05,45973.71
"43760","43760","040900040501","CN","Little River",68.71,16979.28
"43761","43761","040900020503","CN","Burton Drain-Bear Creek",127.45,31492.81
"43773","43773","040900021004","CN","McFarlane Relief Drain",126.95,31371.21
"43775","43775","043002020501","CN","Third Stream",47.51,11739.19
"43780","43780","040900020902","CN","Town of Electric-Little Bear Creek",153.89,38027.69
"43781","43781","040900020801","CN","Donkey Creek-Sydenham River",134.49,33233.63
"43782","43782","040900021009","CN,MI","Lake Saint Clair",2072.34,512085.43
"43783","43783","040900020303","CN","Fansher Creek",75.53,18663.23
"43785","43785","040900020803","CN","Mollys Creek-Sydenham River",157.03,38802.87
"43786","43786","040900020302","CN","Haggerty Creek",76.03,18787.76
"43787","43787","040900020703","CN","Ryans Creek-North Sydenham River",75.21,18584.15
"43789","43789","040900020402","CN","Town of Wanstead-Bear Creek",150.72,37242.93
"43790","43790","040900020501","CN","Little Bear Creek",109.74,27116.98
"43791","43791","040900020502","CN","Stonehouse Drain-Bear Creek",70.1,17321.05
"43792","43792","040900020201","CN","Town of Caradoc",97.3,24042.26
"43793","43793","040900020802","CN","Long Creek",106.53,26323.83
"43795","43795","040900020603","CN","Booth Creek-Black Creek",112.92,27903.61
"43797","43797","040900020204","CN","Town of Rokeby-Sydenham River",141.77,35031.58
"43798","43798","040900020202","CN","Hardy Creek",156.81,38747.43
"43799","43799","040900020504","CN","Jarvis Creek-Bear Creek",69.94,17283.77
"43800","43800","040900020601","CN","Fox Creek",75.22,18586.76
"43804","43804","043100010903","CN","Small Henri Arm",67.7,16727.93
"43807","43807","043100010905","CN","Pine River",61.39,15168.76
"43836","43836","043002021502","CN","Fabi Waterway",41.38,10225.83
"43851","43851","043002020201","CN","South Cornflower River",99.11,24491.11
"43889","43889","043100010908","CN","Black River",53.02,13102.58
"43893","43893","043002020601","CN","Christmas Stream",48.34,11944.51
"43966","43966","043100010608","CN","Cumberland River",41.5,10256.01
"43968","43968","043002020304","CN","Great Lake Saint Francois",301.01,74381.53
"44012","44012","042900070305","CN,NY","Pike Creek",73.56,18176.11
"44037","44037","042900080702","CN","Riviere Rouge",73.75,18223.22
"44038","44038","042500020000","CN","Talbot Creek-Frontal Lake Erie",701.77,173410.43
"44039","44039","040900070000","CN","Lower Thames River",2594.13,641023.12
"44066","44066","040900060000","CN","Upper Thames River",3053.72,754590.83
"44067","44067","042500040000","CN","Upper Grand River",4745.49,1172634.59
"44102","44102","043002010505","CN","The Big Discharge",39.1,9661.68
"44123","44123","043100010204","CN","Glen River",63.38,15662.34
"44137","44137","043100011008","CN","Carter Stream-Chaudiere River",66.24,16367.52
"44139","44139","043002020103","CN","Legendre River",69.86,17261.93
"44141","44141","043002010701","CN","Suzanne River-Frontal Saint Lawrence River",38.62,9543.92
"44162","44162","043002020105","CN","Felton River",44.89,11092.93
"44172","44172","043100010705","CN","Fraser Stream",42.56,10515.83
"44293","44293","043001090407","CN","Ruisseau des Ormes-Richelieu River",50.98,12598.28
"44318","44318","043001090406","CN","Laplante Creek",112.44,27784.37
"44320","44320","043001090101","CN","Bear Creek",34.44,8511.39
"44335","44335","043001090306","CN","Jackson Creek-Richelieu River",159.04,39299.4
"44336","44336","043001090203","CN","Middle Acadie River",111.97,27667.46
"44337","44337","043001070205","CN","Ruiter Creek",46.34,11451.39
"44338","44338","043001090303","CN,VT","South River",181.97,44966.1
"44339","44339","043001081008","CN","Morpions Creek",112.31,27751.35
"44340","44340","043001070203","CN","Middle Missisquoi North River",87.65,21659.49
"44341","44341","043001090103","CN","Saint Louis Creek",94.99,23471.6
"44342","44342","043001090401","CN","Beloeil Creek",108.18,26730.72
"44343","44343","043001090402","CN","Voghel Creek-Rivier Richelieu",121.55,30036.51
"44344","44344","043001090405","CN","Richer Creek-Richelieu River",60.06,14841.54
"44345","44345","043001090305","CN","Creek of Barbotte",61.72,15251.65
"44346","44346","043001090404","CN","Coderre Creek",88.57,21886.43
"44347","44347","043001090102","CN","Creek of the Rapide Branch",54.47,13459.61
"44348","44348","043001070201","CN","Headwaters Missisquoi North River",66.45,16419.34
"44349","44349","043001090104","CN","Huron River",155.92,38529.2
"44350","44350","043001070202","CN","Upper Missisquoi North River",79.31,19597.27
"44351","44351","043002020803","CN","Upper Coaticook River",150.06,37080.24
"44352","44352","043001090307","CN","Chambly Basin-Richelieu River",209.98,51886.89
"44353","44353","043002010702","CN","Saint Regis River",96.01,23725.16
"44354","44354","043001081002","CN","Selby River",45.46,11233.13
"44355","44355","043002010703","CN","Tortoise River",156.25,38611.04
"44356","44356","043002020703","CN","Outlet Niger River",67.84,16762.62
"44357","44357","043002020704","CN,VT","Tomifobia River",133.37,32956.07
"44358","44358","043100010401","CN","Madisson River",61.99,15318.53
"44359","44359","043100011003","CN","Pouliot River",43.62,10778.69
"44360","44360","043100010508","CN,ME","Metgermette River",74.71,18461.37
"44361","44361","043002020503","CN","Bernier River",118.45,29270.61
"44362","44362","043002020104","CN","Wild River",125.15,30924.12
"44363","44363","043001090202","CN","Upper Acadie River",94.34,23312.88
"44364","44364","043002021401","CN","Fitch Stream",60.54,14960.47
"44365","44365","043100010301","CN,ME","Barrage River",58.18,14377.01
"44366","44366","043002020804","CN","Middle Coaticook River",78.37,19365.26
"44367","44367","043002021404","CN,VT","Lake Memphremagog",478.59,118262.28
"44368","44368","042900080206","CN,NY","Moses-Saunders Dam-Saint Lawrence River",209.91,51869.02
"44369","44369","042900080205","CN","Hoople Creek",67.83,16762.13
"44370","44370","042900080401","CN","Grays Creek",43.97,10865.58
"44371","44371","042900080302","CN","Stoney Creek-Raisin River",51.85,12813.57
"44372","44372","042900080307","CN","Raisin River",41.86,10343.69
"44373","44373","042900080306","CN","Williamstown-Raisin River",82.01,20265.29
"44374","44374","042900080304","CN","North Raisin River",126.99,31381.03
"44375","44375","042900080501","CN","Ninth Concession Drain-Rivière Beaudette",69.3,17125.54
"44376","44376","042900080405","CN","Sutherland Creek",69.32,17129.29
"44377","44377","042900080602","CN","Garry River-Rivière Delisle",60.7,14999.88
"44378","44378","042900080502","CN","James McDougall Drain-Rivière Beaudette",66.29,16380.54
"44379","44379","043100010403","CN","Drolet River-Chaudiere River ",84.12,20786.2
"44380","44380","042900080601","CN","Dornie-Rivière Delisle",67.65,16715.44
"44381","44381","042900080503","CN","Le Grand Cours d'Eau-Rivière Beaudette",66.49,16429.77
"44382","44382","042900080604","CN","MacDougall Drain-Rivière Delisle",44.19,10919.76
"44383","44383","042900080603","CN","Chisholm Drain-Rivière Delisle",41.43,10237.25
"44384","44384","043002020502","CN","Coulombe River",65.88,16278.49
"44386","44386","043002021403","CN","Cherry River",54.71,13519.21
"44388","44388","043002010704","CN","Saint Jacques River",165.15,40808.41
"44389","44389","043100010402","CN","Ludgine River",69.66,17212.26
"44390","44390","043002021402","CN","Castle Stream",38.03,9396.68
"44391","44391","043002021001","CN","Lake Massawippi",173.03,42756.01
"44392","44392","042900080404","CN","Riviere La Guerre",85.69,21175.39
"44393","44393","043002020805","CN","Lower Coaticook River",98.3,24291.67
"44394","44394","043002020904","CN","Moe River",147.19,36371.04
"44396","44396","043002020902","CN","Middle Salmon River",84.65,20916.78
"44398","44398","043002021002","CN","Massawippi River",54.6,13491.07
"44405","44405","043100010907","CN","Middle Beaurivage River",80.03,19776.16
"44406","44406","043100011006","CN","Nadeau River-Chaudiere River",165.83,40978.02
"44408","44408","043100010904","CN","Henri Arm",104.79,25893.65
"44409","44409","043002020905","CN","Lower Salmon River",49.49,12228.48
"44410","44410","043001090304","CN","Landry Creek-Richelieu River",68.94,17034.56
"44411","44411","043002020605","CN,NH","Clifton River",96,23722.15
"44412","44412","043002020903","CN","Destroyed Creek",71.96,17780.8
"44413","44413","043002021504","CN","Outlet Magog River",82.04,20273.56
"44414","44414","043002020606","CN,NH","Headwaters Eaton River",153.55,37943.18
"44415","44415","043002021608","CN","Sisters Island-Saint Francois River",66.92,16537.41
"44416","44416","043100011011","CN","Outlet Chaudiere River",82.35,20349.9
"44417","44417","043002021606","CN","Stacey Stream",75.6,18681.22
"44418","44418","043002020403","CN,NH","Ditton River",132.6,32766.41
"44419","44419","043100010501","CN,ME","Headwaters Wolf River",109.01,26937.24
"44420","44420","043100010504","CN,ME","Portage River",108.94,26918.68
"44421","44421","043100010404","CN","Big Bend River-Chaudiere River",128.31,31706.02
"44422","44422","190704030101","CN","190704030101",96.42,23825.4
"44423","44423","043100010609","CN","Lower Famine River",85.25,21064.76
"44424","44424","190704030302","CN","190704030302",79.79,19717.2
"44425","44425","043100010303","CN","Samson River",111.7,27601.54
"44426","44426","043002020504","CN","Lake Aylmer-Saint Francois River",270.6,66865.66
"44427","44427","190704031601","CN","190704031601",96.42,23825.68
"44428","44428","043002020202","CN","Upper Cornflower River",85.76,21192.3
"44429","44429","043002010202","CN,NY","Collins Brook",27.45,6783.69
"44430","44430","043100010502","CN,ME","Monument River",50.94,12588.24
"44431","44431","043002021601","CN","Trout Stream",50.97,12594.77
"44432","44432","043100010503","CN","Upper Wolf River",103.25,25512.56
"44433","44433","190704030410","CN","190704030410",78.74,19456.98
"44435","44435","043100011007","CN","Hunt River",77.49,19148.42
"44436","44436","043100010906","CN","Cugnet River",45.8,11317.98
"44437","44437","043001090408","CN","Outlet Richelieu River",137.59,33998.96
"44438","44438","043002021503","CN","Lake Magog",59.24,14638.64
"44439","44439","190704030409","CN","190704030409",100.93,24939.23
"44441","44441","190704030808","AK,CN","190704030808-Ladue River",57.89,14305.53
"44442","44442","043002020901","CN","Upper Salmon River",131.64,32528.58
"44444","44444","190704030704","AK,CN","Lower McArthur Creek",128.42,31734.06
"44445","44445","043100011001","CN","Calway River",85.06,21018.05
"44446","44446","190704030103","CN","190704030103",64.41,15915.95
"44447","44447","043002021501","CN","Red Stream-Magog River",75.2,18583.48
"44452","44452","190704030102","CN","190704030102",69.1,17076.1
"44455","44455","043002020607","CN","Outlet Eaton River",72.96,18028.51
"44456","44456","043002020602","CN,NH","Headwaters North Eaton River",131.72,32548.91
"44457","44457","043002020604","CN","Outlet North Eaton River",107.36,26528.47
"44458","44458","043002020204","CN","Lower Cornflower River",108.22,26742.57
"44459","44459","043100010909","CN","Lower Beaurivage River",60.65,14986.55
"44460","44460","043100011005","CN","Belair River",44.54,11006.74
"44461","44461","043002010407","CN,NY","Headwaters Norton Stream",92,22734.08
"44462","44462","043002021607","CN","Ryther Stream-Saint Francois River",110.55,27318.42
"44463","44463","043002020402","CN,ME,NH","Headwaters Salmon River",107.71,26616.46
"44464","44464","043002020401","CN","Chesham River",75.9,18754.75
"44465","44465","043002020603","CN","Island Stream",38.81,9590.55
"44466","44466","043002021604","CN","Bury Stream",86.3,21326.23
"44467","44467","190704031302","CN","190704031302",101,24957.98
"44468","44468","043100010102","CN,ME","Clinton River",112.29,27747.19
"44469","44469","190704031206","AK,CN","190704031206-North Ladue River",84.85,20967.17
"44470","44470","043002020404","CN","Mountain Stream-Salmon River",143.31,35413.32
"44471","44471","043100010103","CN,ME","Arnold River",154.03,38060.83
"44472","44472","043002021605","CN","School Stream-Saint Francois River",144.76,35771.53
"44473","44473","043002020406","CN","Bown Stream",71.87,17760.09
"44474","44474","190704030303","CN","190704030303",80.1,19793.99
"44475","44475","043100010201","CN","Bergeron River",55.56,13728.02
"44476","44476","043002020203","CN","Muddy River",64.21,15867.67
"44477","44477","043100010405","CN","Big Bend River",163.98,40520.35
"44479","44479","043002020302","CN","Ashberham River",54.67,13509.02
"44482","44482","043100010901","CN","Filkars River",144.28,35652.54
"44483","44483","043002010203","CN,NY","Hinchinbrook Brook",73.88,18257.33
"44485","44485","043100010808","CN","Lower Saint Victor Arm",121.44,30009.09
"44486","44486","043002010204","CN,NY","Beaver Pond Brook-Oak Brook",84.69,20928.46
"44487","44487","043100010104","CN,ME","Spider Lake",80.61,19918.67
"44488","44488","043100010101","CN,ME","Spider River",93.46,23095.13
"44489","44489","043002020407","CN","Dutch Stream-Salmon River",117.74,29094.59
"44490","44490","043002020301","CN","Muskrat River",73.56,18177.55
"44491","44491","190704031201","CN","190704031201",85.04,21013.31
"44492","44492","043100010801","CN","Upper Saint Victor Arm",89.51,22119.06
"44493","44493","043100010604","CN","Headwaters Watchman River",47.31,11691.62
"44494","44494","043100010203","CN","Megantic Lake",147.4,36423.89
"44495","44495","043100010406","CN","Trout River-Chaudiere River",200.33,49502.17
"44496","44496","190704031205","AK,CN","190704031205",51.2,12652.77
"44497","44497","043100010505","CN,ME","Middle Wolf River",118.77,29349.62
"44498","44498","043002010304","CN,NY","Town of Trout River-Trout River",62.65,15480.73
"44499","44499","043002010205","CN,NY","Beaver Pond Creek-Chateaugay River",64.22,15867.94
"44502","44502","043002010501","CN,NY","Mitchel Creek",58.71,14506.92
"44504","44504","043100011009","CN","Valley River-Chaudiere River",130.37,32214.94
"44505","44505","190704031402","CN","190704031402",100.22,24764.2
"44508","44508","043002010502","CN,NY","East Outardes River ",87.32,21577.57
"44509","44509","043002020408","CN","McGill Stream",70.81,17497.85
"44510","44510","043100010407","CN","Shenley River-Chaudiere River",105.9,26169.22
"44511","44511","043002020303","CN","Gold River",69.16,17089.46
"44512","44512","043100010802","CN","Hamel River",79.47,19637.67
"44513","44513","043002010504","CN","DeWitt Stream-Chateauguay River",97.45,24080.58
"44514","44514","043100010509","CN","Lower Wolf River",53.33,13178.86
"44515","44515","043002010403","CN,NY","Allen Brook",56.94,14069.76
"44516","44516","043002010503","CN,NY","Outardes River",88.82,21948.68
"44517","44517","043002010405","CN","Black River",98.35,24302.9
"44518","44518","190701020502","CN","190701020502",36.65,9057.57
"44519","44519","043002010404","CN,NY","Kellas Creek-English River",81.61,20166.69
"44520","44520","043002010506","CN","Scully-Dubeau Stream-Chateauguay River",79.69,19691.62
"44522","44522","043002020405","CN","McLeod Stream",95.4,23574.32
"44523","44523","043100010803","CN","Frotin-Dupuls River",62.85,15530.07
"44524","44524","043002021602","CN","Silver Lake Discharge",62.83,15525.26
"44525","44525","043002010409","CN","Nailer Creek-English River",30.14,7446.64
"44526","44526","043100010202","CN","Victoria River",141.73,35022.67
"44528","44528","043002021603","CN","Pare Stream-Saint Francois River",102.32,25282.58
"44529","44529","190701040907","CN","190701040907",130.05,32136.54
"44530","44530","043002020410","CN","Outlet Salmon River",85.94,21236.82
"44531","44531","190701010305","CN","190701010305",55.12,13620.94
"44532","44532","043100010206","CN,ME","Nebnellis River",86.86,21464.2
"44533","44533","190701020703","CN","190701020703",47.14,11648.06
"44534","44534","043002020409","CN","Red River",125.41,30988.9
"44535","44535","190701020604","CN","190701020604",59.77,14769.3
"44537","44537","043100010207","CN","O'Hara Stream-Chaudiere River",54.61,13495.05
"44593","44593","190701030708","CN","190701030708",156.96,38784.56
"44606","44606","190701041004","CN","190701041004",125.28,30958.21
"44609","44609","190701041006","CN","190701041006",72.57,17933.37
"44620","44620","190701040705","CN","190701040705",164.55,40661.24
"44629","44629","043100010506","CN,ME","Wilson River",50.9,12576.92
"44638","44638","043100010805","CN","Nadeau River",34.08,8421.17
"44646","44646","190701020701","CN","190701020701",73.48,18157.87
"44647","44647","190701020704","CN","190701020704",488.65,120748.71
"44659","44659","190701020401","CN","190701020401",68.03,16810.5
"44660","44660","190701040102","CN","190701040102",106.87,26406.92
"44666","44666","043100010607","CN","Outlet Abenaquis River",48.13,11892.4
"44686","44686","190701030710","CN","190701030710",131.73,32550.45
"44689","44689","190701040201","CN","190701040201",61.14,15107.1
"44690","44690","190701040202","CN","190701040202",82.76,20449.81
"44691","44691","190701040602","AK,CN","190701040602",151.18,37357.64
"44709","44709","043100010707","CN","Bernard Stream-Chaudiere River",28.91,7143.19
"44748","44748","190701040402","CN","190701040402",72.96,18028.08
"44749","44749","190701040706","CN","190701040706",605.31,149574.86
"44751","44751","190701041301","CN","190701041301",40.51,10009.85
"44752","44752","190701041303","CN","190701041303",62.03,15328.16
"44755","44755","190701020402","CN","190701020402",40.64,10043.17
"44757","44757","190701020404","CN","190701020404",97.09,23991.97
"44762","44762","190701020407","CN","190701020407",87.09,21520.35
"44770","44770","043002010406","CN","Cranberry Stream",56.4,13935.54
"44784","44784","043100010408","CN","Stafford Stream-Chaudiere River",112.36,27765.91
"44785","44785","043100010804","CN","Prevost-Gilbert River",148.11,36597.59
"44786","44786","043100010701","CN","Pozer River",151,37312.93
"44787","44787","043100010703","CN","Mill River",77.75,19211.22
"44788","44788","043002020101","CN","Black River",51.36,12692.37
"44789","44789","043100010510","CN","Outlet Wolf River",148.34,36656.13
"44790","44790","043100010507","CN,ME","North Metgermette River",75.1,18557.67
"44792","44792","043100010806","CN","Fifth River",95.83,23680.15
"44796","44796","043100010704","CN","Velleux Stream-Chaudiere River",112.19,27723.61
"44798","44798","043002010410","CN","Howe-Holmes Creek-English River",83.99,20755.47
"44800","44800","043002010507","CN","Turcot Stream-Chateauguay River",37.55,9278.98
"44801","44801","043100010205","CN,ME","Kokomis River",47.02,11619.77
"44802","44802","043100010702","CN","Gilbert River",63.02,15573.08
"44803","44803","043100010807","CN","Middle Saint Victor Arm",102.14,25238.81
"44804","44804","043002020506","CN","Lake Louise-Saint Francois River",78.53,19405.24
"44805","44805","043100010606","CN","Headwaters Abenaquis River",153.14,37842.02
"44806","44806","043100011002","CN","Farm River",64.72,15991.74
"44807","44807","043002010601","CN","Bean River",59.95,14813.7
"44808","44808","043002010408","CN","Outlet Norton Stream",101.78,25149.71
"44810","44810","043002020505","CN","Duck River",99.62,24616.48
"44811","44811","043100011004","CN","Roy Stream-Chaudiere River",49.3,12182.77
"44812","44812","043100010902","CN","Upper Beaurivage River",102.55,25341.38
"44814","44814","043002020801","CN,VT","Averill Creek",48.3,11934.45
"44815","44815","043002010602","CN","Sturgeon River",102.02,25208.67
"44816","44816","043002020701","CN,VT","Headwaters Tomifobia River",137.54,33987.33
"44818","44818","043100011010","CN","Saint Louis Stream-Chaudiere River",92.81,22933.66
"44819","44819","043002020802","CN,VT","Headwaters Coaticook River",157.8,38993.68
"44820","44820","043002010603","CN","Big Marsh-Chateauguay River",122.94,30378.91
"44821","44821","043002020702","CN,VT","Headwaters Niger River",95.24,23534.63
"44823","44823","043100010302","CN,ME","Headwaters Samson River",46.93,11596.31
"44824","44824","043100010601","CN","Flemish River",47.95,11849.32
"44825","44825","043100010706","CN","Plant River",78.51,19401.38
"44826","44826","043100010605","CN","Watchman River",105.2,25994.56
"44887","44887","190701040108","CN","190701040108",125.36,30976.73
"44895","44895","190701040107","CN","190701040107",93.3,23055.53
"44896","44896","190701040605","CN","190701040605",82.28,20332.78
"44935","44935","043001070206","CN,VT","Leavit Brook-Missisquoi River",97.11,23995.32
"44943","44943","190701040401","CN","190701040401",138.84,34307.56
"44945","44945","043001090204","CN","Mass Creek",99.9,24686.08
"44948","44948","190701041007","CN","190701041007",140.43,34701.51
"44953","44953","042900010401","CN","Little Cataraqui Creek",63.02,15573.08
"44954","44954","042900010306","CN","Mud Creek",59.24,14639.66
"44955","44955","042900010109","CN","Whitefish Island-Loughborough Lake",56.62,13991.86
"44956","44956","042900010112","CN","Inner Harbour-Cataraqui River",154.66,38218.18
"44957","44957","042900010307","CN","Stocking Hill Creek-Gananoque River",95.72,23653.5
"44959","44959","042900010303","CN","Lower Beverley Lake",88.83,21949.29
"44960","44960","042900010503","CN","Lyn Creek-MacIlhennys Creek",60.04,14835.58
"44961","44961","042900010104","CN","Sucker Creek",51.71,12777.67
"44963","44963","042900010202","CN","Leeders Creek",63.46,15681.93
"44964","44964","042900010302","CN","Delta Dam-Upper Beverley Lake",91.42,22589.45
"44965","44965","042900010502","CN","Golden Creek",50.7,12529.35
"44966","44966","042900010601","CN","Butlers Creek",53.02,13101.12
"44967","44967","042900010301","CN","Cooligan Creek",76.07,18796.45
"44968","44968","042900010201","CN","Beales Creek",113,27923.4
"44969","44969","042900010602","CN,NY","Prescott-Saint Lawrence River",207.85,51361.41
"44970","44970","042900080102","CN,NY","Iroquois Dam-Saint Lawrence River",170.37,42099.52
"44972","44972","042900080104","CN,NY","Ogden Island-Saint Lawrence River",97.24,24028.86
"44973","44973","042900080305","CN","South Raisin River",106.74,26375.01
"44974","44974","042900080301","CN","Shaver Drain-Raisin River",77.45,19137.29
"44975","44975","042900080303","CN","Beaver Creek-Raisin River",74.19,18332.51
"44976","44976","042900080202","CN","Hoasic Creek",75.63,18687.39
"44977","44977","042900080204","CN","Aultsville Creek",46.21,11418.18
"44978","44978","042900080607","CN","Ruiseau Gauthier-Gareau-River Delisle",103.07,25468.34
"44979","44979","042900080605","CN","Branche McCuaig-Rivière Delisle",44.74,11056.63
"44980","44980","190701041310","CN","190701041310",52.21,12901.14
"44981","44981","042900070306","CN,NY","Town of Fort Covington-Salmon River",41.4,10230.11
"44998","44998","043001090302","CN,NY,VT","Little River-Richelieu River ",83.4,20609.54
"45011","45011","190701040206","CN","190701040206",161.95,40019.6
"45013","45013","190701040501","CN","190701040501",74.82,18489.17
"45017","45017","043001081505","CN,NY","Bullis Brook-Great Chazy River",147.42,36428.79
"45019","45019","043001081507","CN,NY","Outlet Great Chazy River",47.03,11621.02
"45020","45020","190701040704","CN","190701040704",71.3,17618.66
"45022","45022","190701041305","CN","190701041305",75.71,18708.43
"45024","45024","043001081604","CN,NY,VT","Lake Champlain",922.87,228045.03
"45031","45031","190701041008","CN","190701041008",172.66,42664.93
"45039","45039","043001081203","CN,VT","Mud Creek",25.33,6259.62
"45040","45040","043001090403","CN","Amyot River",102.35,25290.68
"45043","45043","043001090301","CN,NY","Lacolle River",126.19,31182.98
"45047","45047","190701041306","CN","190701041306",71.71,17718.81
"45049","45049","043001081101","CN,VT","Rock River",143.9,35557.31
"45054","45054","043001070105","CN","Brule Creek",44.34,10956.98
"45056","45056","043001081007","CN","Meigs River-Pike River",70.06,17311.4
"45059","45059","043001070207","CN","Ruisseau Alder",42.06,10392.18
"45061","45061","043001070208","CN","Headwaters Sutton River",54.17,13384.69
"45062","45062","042900010305","CN","Gananoque Lake-Gananoque River",89.35,22079.28
"45063","45063","042900010101","CN","Holleford Lake",61.59,15220.44
"45064","45064","042900010204","CN","Wiltse Creek-Mouth",65.98,16304.49
"45065","45065","042900010404","CN","LaRue Creek",61.29,15144.31
"45066","45066","042900010107","CN","Lower Rock Lake",41.78,10323.21
"45067","45067","042900010110","CN","Big Island-Loughborough Lake",82.9,20484.15
"45068","45068","042900010111","CN","Cranberry Lake-Cataraqui River",112.89,27894.62
"45069","45069","042900010105","CN","Buck Lake",54.82,13547.08
"45070","45070","042900010102","CN","Kingsford Lake",70.36,17386.36
"45071","45071","042900010501","CN","Caintown-Jones Creek",61.77,15264.1
"45072","45072","042900010304","CN","Beaver Rock Rapids-Gananoque River",75.79,18729.32
"45073","45073","042900010103","CN","Devil Lake",44.98,11114.32
"45074","45074","042900010108","CN","Whitefish Lake",93.55,23116.37
"45075","45075","042900010504","CN","Mud Creek-Jones Creek",53.53,13226.88
"45076","45076","042900010203","CN","Charleston Lake",109.91,27160.34
"45077","45077","042900010106","CN","Indian Lake",118.89,29377.52
"45078","45078","043001070107","CN,VT","Beetle Brook-Missisquoi River",73.8,18235.5
"45079","45079","043001081001","CN,VT","Heawaters Pike River",109.38,27029.56
"45080","45080","043001070210","CN,VT","Lucas Brook-Missisquoi River",140.54,34729.29
"45081","45081","043001081005","CN,VT","Groat Creek",83.68,20678.44
"45082","45082","043001070106","CN,VT","Mud Creek",104.15,25735.82
"45083","45083","043001081102","CN,VT","Carman Brook-Missisquoi Bay",185.77,45905.24
"45084","45084","043001070209","CN,VT","Outlet Sutton River",73.9,18260.01
"45086","45086","043001090201","CN,NY","Headwaters Acadie River",127.12,31411.84
"45087","45087","043001081004","CN","Furnace Creek-Pike River",65.76,16249.87
"45088","45088","043001070204","CN","Lower Missisquoi North River",48.88,12079.66
"45089","45089","043001081009","CN","Ewing Creek-Pike River",77.12,19056.64
"45090","45090","043001081006","CN","Walbridge Creek",31.56,7798.4
"45091","45091","043001081003","CN","North Pike River",58.14,14366.25
"45155","45155","190701020410","CN","190701020410",149.53,36949.34
"45158","45158","190701020605","CN","190701020605",132.74,32801.44
"45183","45183","190701040701","CN","190701040701",130.87,32338.58
"45185","45185","190701040608","CN","190701040608",98.54,24350.58
"45192","45192","190701040502","CN","190701040502",71.91,17770.16
"45194","45194","190701040607","CN","190701040607",115.93,28647.86
"45196","45196","190701040703","CN","190701040703",41.37,10223.05
"45241","45241","190701041311","CN","190701041311",182.24,45031.61
"45254","45254","190701040802","CN","190701040802",51.16,12641.88
"45257","45257","190701041001","CN","190701041001",116.68,28833.26
"45316","45316","190701020408","CN","190701020408",139.26,34412.73
"45319","45319","190701020409","CN","190701020409",77.09,19049.02
"45321","45321","190701020406","CN","190701020406",43.5,10748.89
"45325","45325","190701040609","CN","190701040609",122.18,30191.94
"45328","45328","190701041005","CN","190701041005",52.65,13009.53
"45335","45335","042400020101","CN,MI","Drummond Island",1354.42,334684
"45352","45352","190701041102","CN","190701041102",115.05,28428.26
"45360","45360","042400010000","CN","Manitoulin Island",2887.67,713558.14
"45429","45429","190704030407","CN","190704030407",142.36,35178.04
"45432","45432","190704031406","CN","190704031406",62.55,15457.53
"45454","45454","190704031405","CN","190704031405",50.25,12416.41
"45459","45459","190704030408","CN","190704030408",48.73,12041.27
"45461","45461","190704031104","AK,CN","Deep Creek",46.72,11543.61
"45469","45469","190704031203","AK,CN","190704031203",54.03,13351.3
"45578","45578","042200030000","CN","Severn River-Lake Simcoe",6025.46,1488922.21
"45579","45579","042702020000","CN","Gull River",3248.6,802745.05
"45777","45777","190701010203","CN","190701010203",135.46,33473.1
"45779","45779","190701010307","CN","190701010307",56.02,13842.26
"45781","45781","190701040601","CN","190701040601",39.72,9813.99
"45782","45782","190701011104","CN","190701011104",64.81,16013.8
"45784","45784","190701011102","AK,CN","190701011102",133.16,32903.38
"45791","45791","190701040302","CN","190701040302",128.13,31660.67
"45799","45799","190701041205","CN","190701041205",144.24,35642.6
"45822","45822","190701041202","CN","190701041202",56.09,13859.58
"45831","45831","043100010603","CN","Burnt Stream",55.47,13706.89
"45868","45868","010100060302","CN","Headwaters Daaquam River",66.09,16329.96
"45888","45888","010100060301","CN","Riviere a la Roche",83.91,20733.44
"45903","45903","043100010602","CN","Upper Famine River",129.35,31962.59
"45918","45918","042900080403","CN,NY","Ile Christatie-Saint Lawrence River",180.26,44542.68
"45930","45930","043002010303","CN,NY","Briggs Creek-Beaver Creek",90.16,22279.32
"46240","46240","190701020504","CN","190701020504",130.34,32207.86
"46245","46245","190701020601","CN","190701020601",52.9,13072.82
"46247","46247","190701040904","CN","190701040904",158.73,39222.92
"46251","46251","190701041101","CN","190701041101",113.22,27976.82
"46285","46285","190701020503","CN","190701020503",61.58,15217.05
"46286","46286","190701030202","CN","190701030202",73.49,18160.41
"46288","46288","190701040903","CN","190701040903",86.33,21332.56
"46290","46290","190701030310","CN","190701030310",149.53,36950.4
"46291","46291","190701030504","CN","190701030504",109.4,27032.09
"46292","46292","190701030602","CN","190701030602",64.13,15845.83
"46293","46293","190104050201","AK,CN","Augusta Glacier",30.51,7538.17
"46307","46307","190701011201","CN","190701011201",53.18,13140.39
"46309","46309","190701010604","CN","190701010604",69.53,17181.48
"46310","46310","190701010603","AK,CN","190701010603",115.94,28650.13
"46311","46311","190701010605","CN","190701010605",64.18,15860.25
"46312","46312","190701010701","CN","190701010701",131.87,32585.01
"46313","46313","190701020301","CN","190701020301",78.2,19323.57
"46314","46314","190701010601","CN","190701010601",130.58,32266.22
"46315","46315","190701010602","AK,CN","190701010602",167.59,41413.4
"46316","46316","190701020102","AK,CN","190701020102",51.79,12798.55
"46317","46317","190701030201","CN","190701030201",48.41,11963.28
"46318","46318","190701011202","CN","190701011202",49.98,12349.78
"46319","46319","190701010702","CN","190701010702",84.04,20767.07
"46320","46320","190701011105","CN","190701011105",75.06,18546.92
"46321","46321","190701010805","CN","190701010805",137.51,33979.7
"46322","46322","190701010803","CN","190701010803",154.98,38296.59
"46323","46323","190701011106","CN","190701011106",56.65,13997.53
"46324","46324","190701011205","CN","190701011205",54.53,13475.58
"46325","46325","190701010501","CN","190701010501",53.32,13175.58
"46326","46326","190701010905","CN","190701010905",106.56,26332.7
"46327","46327","190701011107","CN","190701011107",360.66,89120.51
"46328","46328","190701010906","CN","190701010906",104.63,25854.67
"46329","46329","190701010902","CN","190701010902",44.52,11001.84
"46330","46330","190701010904","CN","190701010904",314.23,77647.07
"46331","46331","190701011002","CN","190701011002",119.04,29415.51
"46332","46332","190701010901","CN","190701010901",70.45,17408.25
"46333","46333","190701011001","CN","190701011001",126.28,31204.56
"46334","46334","190701010502","CN","190701010502",126.96,31372.91
"46335","46335","190701011204","CN","190701011204",108.51,26814.26
"46336","46336","190701010401","CN","190701010401",77.84,19233.5
"46337","46337","190701010402","CN","190701010402",146.37,36169.85
"46338","46338","190701010201","CN","190701010201",90.69,22409.53
"46339","46339","190701010202","CN","190701010202",109.47,27050.11
"46340","46340","190701011206","CN","190701011206",1354.7,334754.44
"46341","46341","190701010801","CN","190701010801",53.91,13320.23
"46342","46342","190701011103","CN","190701011103",79.19,19569.08
"46343","46343","190701010804","CN","190701010804",120.05,29665.49
"46344","46344","190701011203","CN","190701011203",47.73,11795.48
"46345","46345","190701010802","CN","190701010802",180.26,44542.98
"46346","46346","190701010903","CN","190701010903",41.61,10281.97
"46350","46350","190701030706","CN","190701030706",46.31,11442.67
"46364","46364","190701030609","CN","190701030609",60.63,14982.24
"46369","46369","190701030102","CN","190701030102",125.26,30951.52
"46370","46370","190701040504","CN","190701040504",197.01,48681.69
"46371","46371","190701040801","CN","190701040801",119.1,29429.97
"46372","46372","190701030701","CN","190701030701",52.51,12974.38
"46373","46373","190701030308","CN","190701030308",29.4,7265.63
"46374","46374","190701030204","CN","190701030204",147.15,36362.22
"46375","46375","190701030104","CN","190701030104",78.76,19462.41
"46376","46376","190701030203","CN","190701030203",49.58,12251.04
"46377","46377","190701030105","CN","190701030105",57.31,14161.44
"46378","46378","190701030304","CN","190701030304",69.27,17116.28
"46379","46379","190701030301","CN","190701030301",96.01,23724.95
"46380","46380","190701030302","CN","190701030302",67.42,16661.04
"46381","46381","190701030403","CN","190701030403",222.07,54875.55
"46382","46382","190701030401","CN","190701030401",47.91,11838.82
"46383","46383","190701040905","CN","190701040905",133.44,32974.38
"46384","46384","190701030101","CN","190701030101",52.44,12957.77
"46385","46385","190701041201","CN","190701041201",48.07,11879.37
"46386","46386","190701030402","CN","190701030402",65.82,16264.97
"46387","46387","190701030307","CN","190701030307",81.88,20232.48
"46388","46388","190701030309","CN","190701030309",68.63,16959.29
"46389","46389","190701030303","AK,CN","190701030303",84.04,20766.76
"46390","46390","190701030709","CN","190701030709",46.9,11588.9
"46391","46391","190701030711","CN","190701030711",1600.58,395511.87
"46392","46392","190701030702","CN","190701030702",54.64,13501.64
"46393","46393","190701030306","CN","190701030306",123.61,30544.71
"46394","46394","190701030501","CN","190701030501",53.53,13228.4
"46395","46395","190701030305","CN","190701030305",78.56,19412.35
"46396","46396","190701030705","CN","190701030705",97.54,24102.46
"46397","46397","190701030503","CN","190701030503",57.88,14302.91
"46398","46398","190701030704","CN","190701030704",52.18,12892.76
"46399","46399","190701030502","CN","190701030502",123.48,30513.29
"46400","46400","190701030603","CN","190701030603",116.37,28755.32
"46401","46401","190701030604","CN","190701030604",61.67,15238.82
"46402","46402","190701030601","AK,CN","190701030601",82.91,20486.3
"46403","46403","190701030707","CN","190701030707",79.48,19639.86
"46404","46404","190701030606","CN","190701030606",79.5,19645.82
"46405","46405","190701030703","CN","190701030703",45.82,11321.56
"46406","46406","190701041203","CN","190701041203",135.36,33448.32
"46407","46407","190701010204","CN","190701010204",109.03,26941.89
"46408","46408","190701010101","CN","190701010101",135.93,33589.47
"46409","46409","190701030605","CN","190701030605",93.38,23075.4
"46410","46410","190701030607","CN","190701030607",45.4,11218.58
"46411","46411","190701030610","CN","190701030610",296.83,73348.54
"46412","46412","190701030608","CN","190701030608",114.37,28261.71
"46413","46413","190701040901","CN","190701040901",133.18,32909.4
"46414","46414","190701040803","CN","190701040803",146.39,36173.34
"46415","46415","190701040902","CN","190701040902",91.06,22500.77
"46416","46416","190701010308","CN","190701010308",107.92,26668.62
"46417","46417","190701010304","CN","190701010304",172.34,42587.3
"46418","46418","190701010303","CN","190701010303",62.8,15517.89
"46419","46419","190701010301","CN","190701010301",154.38,38148.29
"46420","46420","190701041307","CN","190701041307",116.28,28733.92
"46421","46421","190701010306","CN","190701010306",203.04,50172.1
"46422","46422","190701020202","AK,CN","190701020202",55.15,13628.04
"46423","46423","190701020103","CN","190701020103",68.42,16907.03
"46424","46424","190701020101","AK,CN","190701020101",107.01,26441.88
"46425","46425","190701020405","CN","190701020405",51.48,12721.34
"46426","46426","190701020201","AK,CN","190701020201",43.11,10651.82
"46427","46427","190701020203","CN","190701020203",153.74,37990.02
"46428","46428","190701020302","CN","190701020302",83.79,20704.5
"46429","46429","190701020702","CN","190701020702",107.68,26609.43
"46430","46430","190701020303","CN","190701020303",39.66,9800.09
"46431","46431","190701020304","CN","190701020304",126.88,31351.61
"46432","46432","190701040603","CN","190701040603",41.84,10338.42
"46433","46433","190701040103","CN","190701040103",64.63,15970.7
"46434","46434","190701040101","CN","190701040101",52.47,12964.81
"46435","46435","190701040203","CN","190701040203",89.25,22055.13
"46436","46436","190701040204","CN","190701040204",40.29,9955.09
"46437","46437","190701020505","CN","190701020505",81.93,20246.35
"46438","46438","190701040205","CN","190701040205",94.12,23257.91
"46439","46439","190701040104","CN","190701040104",40.11,9910.75
"46440","46440","190701041302","CN","190701041302",59.09,14600.92
"46441","46441","190701020403","CN","190701020403",116.12,28692.91
"46442","46442","190701020603","CN","190701020603",120.13,29683.78
"46443","46443","190701040604","CN","190701040604",225.15,55636.29
"46444","46444","190701040105","CN","190701040105",57.26,14148.32
"46445","46445","190701040301","CN","190701040301",87.96,21734.92
"46446","46446","190701041309","CN","190701041309",191.07,47213.19
"46447","46447","190701040503","CN","190701040503",69.27,17117.88
"46448","46448","190701041304","CN","190701041304",53.66,13258.73
"46450","46450","190701041002","CN","190701041002",104.26,25763.57
"46451","46451","190701040702","CN","190701040702",50.78,12547.96
"46452","46452","190701020501","CN","190701020501",180.45,44589.53
"46577","46577","190704030401","CN","190704030401",95.75,23661.37
"46583","46583","190704030402","CN","190704030402",63.41,15669.5
"46586","46586","190704030301","CN","190704030301",116.27,28731.46
"46590","46590","190704031503","CN","190704031503",111.95,27664.04
"46600","46600","190704031403","CN","190704031403",121.83,30104.32
"46629","46629","190704030403","CN","190704030403",161.31,39860.68
"46630","46630","190704030405","CN","190704030405",101.9,25179.81
"46632","46632","190704031105","AK,CN","190704031105-North Ladue River",164.86,40738.76
"46633","46633","190704031103","AK,CN","Big Creek",120.32,29731.62
"46635","46635","190704031401","CN","190704031401",53.94,13328.54
"46636","46636","190704031005","AK,CN","190704031005-North Ladue River",127.75,31567.69
"46638","46638","190704031502","CN","190704031502",123.72,30570.78
"46640","46640","190704031002","CN","190704031002",90.28,22307.75
"46641","46641","190704030204","CN","190704030204",128.44,31738.81
"46642","46642","190704031301","CN","190704031301",119.67,29570.01
"46643","46643","190704030202","CN","190704030202",129.21,31928.63
"46644","46644","190704030411","CN","190704030411",280.75,69374.58
"46645","46645","190704031604","CN","190704031604",402.3,99409.24
"46646","46646","190704031202","AK,CN","190704031202-North Ladue River",81.23,20072.75
"46647","46647","190704031204","AK,CN","190704031204-North Ladue River",72.98,18034.88
"46648","46648","190704031404","CN","190704031404",91.04,22497.55
"47430","47430","190104020902","AK,CN","Quintino Sella Glacier",437.86,108196.93
"47772","47772","190104051102","AK,CN","190104051102-Mount Duff",80.65,19928.17
"47786","47786","190104020903","AK,CN","Columbus Glacier",206.47,51019.65
"47798","47798","190104020206","AK,CN","Tyndall Glacier",200.44,49529.75
"47801","47801","190104051101","AK,CN","Art Lewis Glacier",184.59,45614.19
"47804","47804","190104050203","AK,CN","Mount Owen-Seward Glacier",123.18,30438.55
"47805","47805","190104050302","AK,CN","Marvine Glacier",163.16,40317.75
"47807","47807","190104051002","AK,CN","Alverstone Glacier",162.38,40124.26
"47809","47809","190104051103","AK,CN","Mount Herbert-East Nunatak Glacier",201.93,49897.45
"47836","47836","190104050702","CN","190104050702",293.58,72544.98
"47998","47998","190104050804","CN","190104050804",166.75,41204.73
"48010","48010","190104051001","CN","190104051001",174.59,43140.93
"48011","48011","190104050801","CN","190104050801",177.81,43937.47
"48012","48012","190104050802","CN","190104050802",131.63,32525.8
"48013","48013","190104050803","CN","190104050803",263.92,65216.47
"48014","48014","190104050805","CN","190104050805",349.23,86296.12
"48015","48015","190104050701","CN","190104050701",139.6,34495.71
"48021","48021","190104050600","CN","190104050600",598.86,147981.77
"48022","48022","190104050100","AK,CN","190104050100",1817.52,449117.42
"48023","48023","190104051003","AK,CN","190104051003",360.31,89034.69
"48024","48024","190104050202","AK,CN","Cascade Glacier",47.46,11728.79
"48025","48025","190104050403","AK,CN","Agassiz Glacier",227.26,56158.23
"48026","48026","190104050806","AK,CN","Mount Vancouver-Hubbard Glacier",528.87,130686.69
"48028","48028","190104050901","AK,CN","190104050901-Mount Vancouver",110.58,27323.86
"48036","48036","190104051004","AK,CN","190104051004-Hubbard Glacier",100.6,24858.43
"48265","48265","190201030205","AK,CN","Logan Glacier",1213.39,299833.88
"48285","48285","190201030106","AK,CN","Walsh Glacier",359.44,88820.05
"48286","48286","190201030310","AK,CN","190201030310",43.84,10832.33
"48295","48295","190104020901","CN","190104020901",150.51,37191.71
"48441","48441","190201030201","AK,CN","190201030201",115.44,28524.68
"48453","48453","190201030304","AK,CN","190201030304",134.54,33246.58
"48471","48471","090100080501","CN","Thompson Lake",135.61,33510.08
"48475","48475","090100070101","CN","Osage Provincial Wildlife Refuge",83.61,20659.59
"48476","48476","090300030401","CN","Graham Lake",65.64,16219.05
"48482","48482","090300030404","CN","Hogarth Lake",81.6,20163.83
"48489","48489","090203190000","CN","La Salle River",2415.02,596765.13
"48506","48506","190201030202","AK,CN","190201030202",213.79,52829.81
"49068","49068","190101070702","CN","Pearse Island-Frontal Portland Canal",122.19,30192.69
"49069","49069","190101070703","CN","Wales Island-Frontal Pearse Canal",38.48,9508.31
"49121","49121","190101070309","CN","Lower Work Channel",115.36,28506.23
"49122","49122","190101070402","CN","Matheson Creek-Frontal Portland Canal",46.05,11378.86
"49123","49123","190101070403","CN","190101070403-Frontal Nasoga Gulf",60.11,14853.79
"49124","49124","190101070407","CN","Somerville Island",55.61,13741.93
"49125","49125","190101070701","CN","Pearse Island-Frontal Pearse Canal",101.11,24985.1
"49127","49127","190101070103","CN","Lower Ksi X'anmas",128.43,31735.07
"49128","49128","190101070404","CN","Union Creek",62.77,15511.01
"49130","49130","190101070206","CN","Upper Khutzeymateen Inlet",92.84,22942.31
"49131","49131","190101070301","CN","Lachmach River",41.68,10298.65
"49132","49132","190101070305","CN","Thulme River",73.95,18272.55
"49133","49133","190101070304","CN","Toon River",87.6,21646.65
"49135","49135","190101070303","CN","190101070303",45.09,11141.85
"49136","49136","190101070307","CN","Ensheshese River",62.92,15547.2
"49137","49137","190101070205","CN","Larch Crreek",42.77,10568.34
"49138","49138","190101070204","CN","Khutzeymateen River",132.29,32690.14
"49140","49140","190101070203","CN","Lower Kateen River",92.68,22901.63
"49141","49141","190101070201","CN","Carm Creek",41.96,10367.98
"49143","49143","190101070207","CN","Mouse Creek",43.01,10627.07
"49144","49144","190101070102","CN","Talahaat Creek",46.07,11385.03
"49145","49145","190101070101","CN","Upper Ksi X'anmas",146.86,36290.71
"49146","49146","190101070202","CN","Upper Kateen River",104.71,25875.05
"49147","49147","190101070208","CN","Lower Khutzeymateen Inlet",139.63,34503.83
"49148","49148","190101070405","CN","Union Inlet",37.96,9378.97
"49149","49149","190101070302","CN","Upper Work Channel",155.42,38405.64
"49150","49150","190101070308","CN","Middle Work Channel",90.64,22397.48
"49151","49151","190101070306","CN","Quottoon Inlet",107.79,26634.94
"49152","49152","190101070704","CN","Wales Island-Frontal Portland Canal",58.46,14446.11
"49153","49153","190101070401","CN","Ashington Range-Frontal Portland Canal",54.34,13427.21
"49154","49154","190101070406","CN","Keemein Point-Frontal Steamer Passage",55.07,13609.01
"49834","49834","190801081001","AK,CN","Sunaghun Creek",130.83,32329.09
"49953","49953","190801061405","CN","190801061405",62.84,15528.48
"50141","50141","190801081002","AK,CN","Fred Creek",41.46,10245.68
"50267","50267","190801061403","CN","190801061403",107.54,26574.81
"50291","50291","190801061201","CN","190801061201",65.26,16126.82
"50334","50334","190801080201","CN","190801080201-Bluefish River",111.36,27517.65
"50386","50386","190801061204","CN","190801061204",136.43,33712.05
"50550","50550","042701010808","CN,NY","Niagara Falls-Niagara River",73.54,18173.26
"50552","50552","042701010807","CN,NY","Gill Creek-Niagara River",49.75,12294.31
"50554","50554","042701010802","CN,NY","Frenchman's Creek-Niagara River",61.27,15140.01
"50556","50556","190103020107","CN","190103020107",163.51,40403.38
"50557","50557","190103020101","AK,CN","Mount Turner",105.15,25982.13
"50558","50558","190103020106","CN","190103020106",58.95,14567.94
"50559","50559","190103020105","CN","190103020105",41.02,10135.85
"50560","50560","190103020201","AK,CN","Mount Root-Grand Pacific Glacier",158.46,39155.52
"50561","50561","190103020202","AK,CN","Mount Forde-Grand Pacific Glacier",125.28,30957.11
"50562","50562","190103020104","AK,CN","190103020104",138.98,34343.89
"50564","50564","190103020701","AK,CN","190103020701-Carroll Glacier",169.58,41904.68
"50566","50566","190102080101","AK,CN","Upper Baird Glacier",258.75,63938.6
"50568","50568","190102070801","AK,CN","Headwaters Katete River",136.3,33680.11
"50569","50569","190101050106","CN","190101050106",88.85,21954.43
"50571","50571","190201030303","CN","190201030303",43.73,10805.84
"50573","50573","190103030201","AK,CN","Headwaters Skagway River",94.92,23455.18
"50574","50574","190103040402","AK,CN","Sittakanay River",88.78,21937.72
"50575","50575","190201030302","CN","190201030302",54.21,13396.36
"50576","50576","190102061101","AK,CN","190102061101-Sawyer Glacier",159.67,39456.32
"50578","50578","190101050201","CN","190101050201",70.85,17508.46
"50579","50579","190101050203","AK,CN","190101050203",126.69,31305.67
"50580","50580","190101050207","AK,CN","190101050207",80.34,19853.34
"50581","50581","190101050202","CN","190101050202",84.25,20817.83
"50582","50582","190101050208","CN","190101050208",130.2,32174.25
"50583","50583","190101050204","CN","190101050204",87.3,21573.23
"50584","50584","190101050205","CN","190101050205",64.84,16021.11
"50585","50585","190101050105","CN","190101050105",62.61,15470.14
"50586","50586","190101050107","CN","190101050107",52.99,13093.56
"50587","50587","190101050104","CN","190101050104",95.81,23676.37
"50589","50589","190201030104","CN","190201030104",92.09,22755.27
"50595","50595","190201030105","CN","190201030105",40.23,9942.18
"50597","50597","190101050103","CN","190101050103",69.15,17086.22
"50598","50598","190101050206","CN","190101050206",128.29,31701.77
"50599","50599","190101050108","CN","190101050108",140.99,34839.85
"50601","50601","190101050101","CN","190101050101",91.91,22711.15
"50602","50602","190101050102","CN","190101050102",126.38,31229.67
"50603","50603","190101050401","AK,CN","190101050401",55.58,13735.01
"50604","50604","190101050302","AK,CN","Lava Fork",95.42,23579.33
"50606","50606","190101050301","AK,CN","Upper Blue River",99.54,24595.77
"50607","50607","042900080402","CN,NY","Cornwall Island-Saint Lawrence River",153.86,38019.02
"50608","50608","042900080705","CN","Riviere Saint-Louis",189.52,46831.43
"50612","50612","042900080406","CN","Lac Saint-Francois-Saint Lawrence River",206.67,51069.87
"50614","50614","042900080704","CN","Ruisseau Chamberry",28.49,7040.17
"50615","50615","190201030301","CN","190201030301",55.4,13689.48
"50616","50616","190201030103","CN","190201030103",305.48,75484.77
"50617","50617","042900080701","CN","Pointe Beaudette-Saint Lawrence River",128.61,31780.65
"50619","50619","042900080703","CN","Riviere a la Graisse",42.49,10498.33
"50620","50620","190201030101","CN","190201030101",45.28,11188.6
"50621","50621","042900080706","CN","Canal de Beauhamois-Fleuve Saint-Laurent",227.21,56144.41
"50625","50625","190201030102","CN","190201030102",232.78,57520.36
"50629","50629","190201030306","AK,CN","Mount George",177.65,43899.2
"50630","50630","190104050204","AK,CN","Seward Glacier",233.3,57648.5
"50651","50651","190201030312","AK,CN","190201030312-Chitina Glacier",425.94,105251.97
"50652","50652","190201030308","AK,CN","190201030308-Anderson Glacier",84.32,20837.06
"50659","50659","190201030305","CN","190201030305",154.94,38286.45
"50965","50965","190801061502","CN","190801061502-Salmon Fork",122.13,30179.66
"50975","50975","190801080503","CN","Middle Caribou Bar Creek",92.31,22810.29
"51095","51095","190801061303","CN","190801061303",74.24,18346.13
"51240","51240","190801080903","AK,CN","Upper Rapid River",74.74,18468.39
"51252","51252","190705060403","AK,CN","Lower Tindir Creek",88.94,21978.5
"51270","51270","190801081005","AK,CN","190801081005",53.17,13138.24
"51380","51380","190801080307","CN","190801080307",62.3,15393.48
"51454","51454","190801081004","AK,CN","Canalaska Mountain-Porcupine River",129.34,31961.2
"51474","51474","190801061202","CN","190801061202",48.04,11870.3
"51512","51512","190801080204","CN","190801080204",87.42,21602.18
"51639","51639","190801080703","CN","190801080703",53.83,13300.55
"51664","51664","190801080106","CN","Bluefish Lake",74.38,18378.95
"51672","51672","190801061503","CN","190801061503",91.22,22541.05
"51719","51719","190801080301","CN","190801080301",114.02,28174.1
"51721","51721","190801080305","CN","190801080305",80.78,19961.06
"51724","51724","190801060801","AK,CN","190801060801-Grayling Fork Black River",100.44,24818.25
"51748","51748","190705060702","CN","190705060702",49.9,12331.18
"51749","51749","190801060702","CN","190801060702-Grayling Fork",121.86,30112.56
"51750","51750","190801061404","CN","190801061404",74.65,18445.41
"51754","51754","190801061507","AK,CN","190801061507",115,28417.71
"51755","51755","190801061302","AK,CN","190801061302",115.19,28464.98
"51763","51763","190801060705","CN","190801060705",111.98,27670.24
"51764","51764","190801061603","CN","190801061603-Drifting Snow Creek",101,24956.91
"51766","51766","190801080107","CN","190801080107",128.66,31791.9
"51768","51768","190801081201","AK,CN","190801081201",78.53,19403.99
"51769","51769","190705060201","CN","Headwaters Nation River",108.48,26806.94
"51770","51770","190705060806","AK,CN","190705060806-Kandik River",154.43,38160.47
"51774","51774","190801061604","CN","190801061604",114.64,28327.99
"51780","51780","190801061806","AK,CN","190801061806-Salmon Fork Black River",102.72,25382.24
"51783","51783","190705060405","AK,CN","Waterfall Creek",117.65,29072.11
"51785","51785","190705060706","CN","190705060706",91.61,22636.46
"51787","51787","190801060501","AK,CN","Headwaters Bull Creek",99.15,24501.09
"51791","51791","190801060703","CN","190801060703-Grayling Fork",114.62,28322.95
"51793","51793","190801060802","AK,CN","Tikan Creek",77.92,19255.44
"51907","51907","190801080103","CN","190801080103",99.5,24588.02
"51937","51937","190801080207","AK,CN","190801080207-Bluefish River",132.18,32662.58
"52033","52033","190801061301","CN","190801061301",117.97,29150.71
"52036","52036","190801080304","CN","190801080304",111.67,27593.8
"52037","52037","190801061803","AK,CN","190801061803-Salmon Fork Black River",118.54,29291.87
"52043","52043","190801080701","CN","190801080701",138.32,34179.01
"52049","52049","190801060503","AK,CN","Midnight Creek",74.21,18338.09
"52052","52052","190801080104","CN","190801080104-Bluefish River",147.22,36378.59
"52055","52055","190801080306","CN","190801080306",119.94,29636.98
"52060","52060","190705060204","CN","190705060204-Nation River",82.15,20299.48
"52061","52061","190705060402","AK,CN","Upper Tindir Creek",103.8,25649.81
"52063","52063","190801061606","CN","190801061606-Drifting Snow Creek",118.43,29263.7
"52065","52065","190705060805","AK,CN","Lower Big Sitdown Creek",88.7,21918.45
"52066","52066","190801061802","AK,CN","190801061802-Salmon Fork Black River",157.9,39017.49
"52069","52069","190801060706","AK,CN","190801060706-Grayling Fork",91.69,22657.95
"52070","52070","190705060209","AK,CN","Lower Ettrain Creek",152.84,37767.27
"52073","52073","190705060703","CN","190705060703",94.81,23428.78
"52075","52075","190705060705","CN","190705060705",41.98,10372.88
"52079","52079","190801061508","CN","190801061508-Salmon Fork",160.57,39677.66
"52082","52082","190705060207","AK,CN","Lower Jungle Creek",123.51,30519.19
"52084","52084","190705060301","AK,CN","Upper Cathedral Creek",108.8,26884.18
"52087","52087","190705060203","CN","190705060203",95.42,23577.64
"52090","52090","190705060804","AK,CN","Upper Big Sitdown Creek",164.43,40632.2
"52091","52091","190801060502","AK,CN","190801060502",63.36,15657.7
"52093","52093","190801061605","CN","190801061605",65.95,16296.28
"52098","52098","190801061504","CN","190801061504-Salmon Fork",60.19,14874.03
"52099","52099","190801060505","AK,CN","Surveyor Creek-Bull Creek",85.99,21249.8
"52103","52103","190705060701","CN","190705060701",90.73,22420.34
"52106","52106","190801080102","CN","190801080102-Bluefish River",86.08,21270.86
"52108","52108","190801061601","CN","190801061601-Drifting Snow Creek",139.85,34556.48
"52114","52114","190801060704","CN","190801060704",131.05,32382.11
"52115","52115","190801061401","CN","190801061401",111.97,27667.76
"52118","52118","190801061501","CN","190801061501-Salmon Fork",170.73,42187.38
"52121","52121","190801080105","CN","190801080105",173.73,42929.58
"52127","52127","190705060302","AK,CN","Lower Cathedral Creek",103.07,25470.01
"52130","52130","190705060202","CN","190705060202",61.49,15193.6
"52133","52133","190705060707","CN","190705060707",106.97,26432.12
"52134","52134","190705060802","AK,CN","190705060802",45.75,11306.28
"52136","52136","190801061701","AK,CN","Headwaters Runt Creek",155.34,38384.84
"52139","52139","190801061506","CN","Outlet Fort Creek",97.72,24146.93
"52142","52142","190801080303","CN","190801080303",87.84,21704.89
"52143","52143","190801081106","AK,CN","190801081106",48.94,12092.15
"52148","52148","190705060205","CN","190705060205",77.7,19199.54
"52150","52150","190705060903","AK,CN","Indian Grave Creek",127.39,31478.02
"52156","52156","190801061402","CN","190801061402",122.87,30362.06
"52163","52163","190801061203","CN","190801061203",108.08,26707.11
"52166","52166","190705060704","CN","190705060704-Kandik River",76.38,18874.31
"52169","52169","190705060801","AK,CN","190705060801",41.35,10217.31
"52171","52171","190801080203","CN","190801080203-Bluefish River",114.26,28234.63
"52173","52173","190801080901","AK,CN","Headwaters Rapid River",112.51,27800.75
"52178","52178","190705060210","AK,CN","190705060210-Nation River",96.97,23961.14
"52179","52179","190801061801","CN","190801061801",91.28,22555.11
"52180","52180","190801080502","CN","190801080502",128.92,31856.41
"52183","52183","190801060701","CN","190801060701-Grayling Fork",150.34,37148.61
"52184","52184","190705060708","CN","190705060708-Kandik River",104.33,25779.42
"52185","52185","190801061602","CN","190801061602",47.46,11728.17
"52186","52186","190801080108","CN","190801080108-Bluefish River",90.81,22440.29
"52187","52187","190801061608","AK,CN","Racquet Creek",62.63,15475.61
"52192","52192","190801080202","CN","Useful Lake",131.66,32534.88
"52199","52199","190705060803","AK,CN","190705060803",81.09,20038.09
"52201","52201","190801080606","CN","190801080606-Porcupine River",121.3,29972.95
"52204","52204","190801061607","AK,CN","190801061607-Drifting Snow Creek",135.89,33579.42
"52205","52205","190801080101","CN","190801080101",59.34,14663.52
"52206","52206","190801061505","AK,CN","Headwaters Fort Creek",116.75,28848.34
"52208","52208","190801081107","AK,CN","190801081107-Salmon Trout River",90.65,22399.26
"52209","52209","190801081203","AK,CN","190801081203",133.84,33073.68
"52216","52216","190801080401","CN","190801080401-Bluefish River",135.94,33591.34
"52217","52217","190801080206","AK,CN","190801080206",140.36,34684.89
"52223","52223","190801080603","CN","Chijee Bluff-Porcupine River",93.07,22997.59
"52224","52224","190801080604","CN","190801080604-Porcupine River",94.38,23322.8
"52227","52227","190801080404","CN","190801080404",144.85,35793
"52228","52228","190801080602","CN","190801080602",50.14,12389.47
"52229","52229","190801080504","CN","Lower Caribou Bar Creek",79.22,19575.22
"52232","52232","190801080405","CN","190801080405-Bluefish River",138.29,34172.33
"52235","52235","190801080605","CN","190801080605",103.74,25635.7
"52238","52238","190801080205","CN","Pear Lake",83.22,20564.95
"52244","52244","190801080704","AK,CN","190801080704-Porcupine River",171.13,42286.85
"52246","52246","190801080601","CN","Town of Old Crow-Porcupine River",66.35,16396.51
"52248","52248","190801080501","CN","Upper Caribou Bar Creek",98.57,24356.99
"52251","52251","190801080302","CN","190801080302",84.56,20894.37
"52259","52259","190801080403","CN","Twin Lake",99.3,24536.77
"52261","52261","190801080702","CN","190801080702",78.08,19294.62
"52262","52262","190801080402","CN","190801080402-Bluefish River",121.89,30120.87
"52266","52266","190801080902","AK,CN","190801080902",96.05,23735.53
"52389","52389","040900010502","CN,MI","Stag Island-Saint Clair River",127.93,31613.11
"52522","52522","042701050000","CN","Ganaraska River-Frontal Lake Ontario",1574.75,389129.88
"52523","52523","042800020101","CN,NY","Amherst Island",102.4,25302.79
"53098","53098","042000021105","CN,MI","Old Fort St. Joe Point-Saint Marys River",501.31,123877.25
"53107","53107","042000021103","CN","Two Tree River",66.04,16319.57
"53120","53120","042000020303","CN,MI","Lake Nicolet-Saint Marys River",231.58,57224.61
"53121","53121","042000020903","CN","Eagle Point-St. Marys River",338.25,83582.97
"53122","53122","042000020603","CN","Vaporem Creek",41.21,10183.69
"53123","53123","042000020606","CN","Castleman Lake-Garden River",203.65,50324.1
"53125","53125","042000020602","CN","Ranger Lake",109.09,26956.1
"53126","53126","042000020601","CN","Saymo Lake",70.72,17474.3
"53127","53127","042000020902","CN","Stobie Creek",53.3,13170.42
"53128","53128","042000020706","CN","Echo Bay-Lower Echo River",62.33,15402.57
"53129","53129","042000020901","CN","Desbarats River",41.17,10172.65
"53130","53130","042000020604","CN","Garden Lake",53.33,13179.15
"53131","53131","042000020801","CN","Bar River",126.49,31256.99
"53132","53132","042000020201","CN","Big Carp River",51.11,12629.93
"53134","53134","042000020401","CN","Crystal Creek",60.96,15064.12
"53136","53136","042000020202","CN","East Davignon Creek-West Davignon Creek",49.15,12145.33
"53137","53137","042000020704","CN","Echo Lake",43.42,10730.16
"53138","53138","042000020702","CN","Coffee Creek",77.33,19109.37
"53139","53139","042000020802","CN,MI","Lake George-Saint Marys River",257.79,63700.33
"53140","53140","042000020609","CN","Boss Lake-Garden River",141.18,34885.26
"53141","53141","042000020701","CN","Cuddy Creek",40.02,9888.4
"53142","53142","042000020402","CN","Bell's Point-Root River",153.82,38010.8
"53143","53143","042000020501","CN","Campus Creek",32.05,7919.88
"53144","53144","042000020502","CN","Packsack Lake-Little Garden River",137.8,34050.88
"53145","53145","042000020608","CN","Driving Creek",109.81,27135.22
"53146","53146","042000020703","CN","Upper Echo River",142.46,35203.58
"53147","53147","042000020607","CN","Fern Lake-Garden River",98.98,24459.17
"53148","53148","042000020605","CN","South Creek",39.24,9697.21
"53301","53301","040900010503","CN","Clay Creek",65.1,16086.84
"53471","53471","010500010206","CN","Diggity Stream",117.9,29132.51
"53473","53473","010500040101","CN","Upper Digdeguash River",161.15,39820.09
"53756","53756","090203111307","CN","090203111307",77.9,19249.13
"53759","53759","090100090000","CN","Upper Moose Mountain Creek",4073.09,1006482.73
"53760","53760","090203170000","CN","Morris River",4064.14,1004269.45
"53761","53761","090400030000","CN","Upper Oldman River",4854.13,1199480.68
"53894","53894","090203111303","CN","Taylor Drain",65.64,16219
"54554","54554","170101080000","CN","Upper Kootenai River",6599.24,1630707.28
"54555","54555","170101100000","CN","Slocan River",3430.97,847810.08
"54564","54564","170101041501","CN","Upper Kaslo River",136.16,33644.61
"54607","54607","170101041402","CN","Headwaters Fry Creek",55.57,13732.37
"54608","54608","170101041502","CN","Upper Keen Creek",77.62,19180.75
"54609","54609","170101041709","CN","Headwaters Crawford Creek",109.92,27160.71
"54611","54611","170101060205","CN","Chauncey Creek",35.06,8662.97
"54809","54809","170101041406","CN","Eagle Nest Lake",32.61,8058.19
"54810","54810","170200170000","CN","Headwaters Columbia River",10109.86,2498199.67
"54814","54814","042400020102","CN,MI","Joseph Island-Frontal Lake Huron",1638.74,404942.03
"54834","54834","042800010000","CN","Prince Edward County",1109.64,274197.56
"55214","55214","042900080606","CN","Rivière Noire",38.75,9574.12
"55216","55216","041700060000","CN","Goulais River-Frontal Lake Superior",4730.04,1168818.32
"55218","55218","041700050000","CN","Agawa River-Frontal Lake Superior",5656.89,1397846.81
"55225","55225","042600000102","CN,MI,NY,OH,PA","041202000102-Frontal Lake Erie",388.57,96016.49
"55228","55228","042200020000","CN","Lake Muskoka-Frontal Lake Huron",5546.67,1370609.78
"55229","55229","042200010000","CN","Magnetawan River-Frontal Lake Huron",5744.45,1419482.55
"55230","55230","042000030000","CN","Gordon Lake",975.07,240945.43
"55231","55231","042500030000","CN","Big Creek-Frontal Lake Erie",3758.5,928744.91
"55232","55232","042500050000","CN","Lower Grand River",2027.05,500895.4
"55233","55233","041800000200","CN,MI,MN,WI","Lake Superior",82002.48,20263235.95
"55235","55235","042701030000","CN","Sixteen Mile Creek-Frontal Lake Ontario",2269.25,560742.78
"55236","55236","042701040000","CN","Humber River-Frontal Lake Ontario",2525.27,624006.47
"55237","55237","042701070000","CN","Napanee River-Frontal Lake Ontario",2827.39,698663.37
"55238","55238","042000020203","CN,MI","Ashmun Creek-Saint Marys River",335.33,82862.61
"55239","55239","042701060000","CN","Moira River-Frontal Lake Ontario",2835.76,700730.15
"55240","55240","042702050000","CN","Trent River",3591.7,887526.45
"55247","55247","041300010902","CN,NY","Fourmile Creek-Frontal Lake Ontario",97.3,24042.67
"55251","55251","042000020705","CN","Bar Creek",41.06,10146.48
"55260","55260","041600030000","CN","Nipigon River",25217.87,6231466.87
"55261","55261","042900010407","CN,NY","Wheeler Creek",1044.62,258131.81
"55264","55264","041700030000","CN","White River-Frontal Lake Superior",7496.71,1852475.68
"55265","55265","042300010000","CN","Eugenia Lake-Frontal Lake Huron",1807.64,446676.78
"55266","55266","041700010000","CN","Little Pic River-Frontal Lake Superior",4882.45,1206477.61
"55267","55267","041700020000","CN","Pic River-Frontal Lake Superior",6766.73,1672095.01
"55268","55268","042300030000","CN","Saugeen River",4015.32,992207.42
"55269","55269","042200040000","CN","Nottawasaga River-Frontal Lake Huron",4247.21,1049508.16
"55270","55270","042701010601","CN","Buckhorn Creek-Welland River",115.26,28482.41
"55271","55271","042800020102","CN,NY","Point Peninsula-Frontal Lake Ontario",415.02,102552.85
"55272","55272","042800020200","CN,NY","Lake Ontario",18840.16,4655500.98
"55273","55273","042600000200","CN,MI,NY,OH,PA","Lake Erie",25737.98,6359988.31
"55598","55598","010500010202","CN","Musquash Brook",33.56,8291.89
"56006","56006","010500010205","CN","North Brook",64.44,15922.76
"56010","56010","010500010703","CN","Canoose Flowage",130.26,32187.57
"56028","56028","010500010704","CN","Cannose Stream",63.49,15688.93
"56031","56031","010500010808","CN","Gallop Stream",74.16,18325.17
"56078","56078","010500040102","CN","Jones Brook",37.68,9311.53
"56109","56109","010500010807","CN","Waweig River",142.44,35197.04
"56110","56110","010500010803","CN","Mohannes Stream",125.25,30950.39
"56112","56112","010500010805","CN","Dennis Stream",135.27,33425.54
"56114","56114","010500040103","CN","NW Branch Digdeguash River",68.6,16952.45
"57423","57423","010500040104","CN","Waweig River",95.24,23535.5
"57425","57425","010500040201","CN","Chamcook Lake",19.12,4723.46
"57433","57433","010500040202","CN","Bocabec River",44.68,11039.66
"57434","57434","010500040203","CN,ME","James Brook-Frontal Passamaquoddy Bay",89.24,22052.33
"57436","57436","010500040105","CN","Lower Digdeguash River",79.97,19760.99
"57534","57534","010500040801","CN","Islands of the Bay of Fundy",70.71,17472.57
"57535","57535","010500040802","CN,ME","Bay of Fundy",924.81,228526.53
"69710","69710","170200011202","CN,WA","Moris Creek-Columbia River",87.36,21586.63
"69711","69711","170200011106","CN,WA","Little Sheep Creek",89.75,22176.48
"69712","69712","170200011107","CN,WA","Lower Big Sheep Creek",102.28,25273.81
"69713","69713","170200020901","CN,WA","Mary Ann Creek",75.91,18758.83
"70473","70473","170101010605","CN,MT","Sophie Creek",27.28,6741.06
"70477","70477","170101010606","CN,MT","170101010606-Lake Koocanusa",105.56,26085.04
"70528","70528","170101010901","CN,MT","Sink Creek",31.9,7882.35
"70645","70645","170101010502","CN","Upper Tepee Creek",110.11,27209.46
"71464","71464","170101050202","CN","170101050202",95.28,23545.12
"71465","71465","170101050205","CN","Hawkins Creek",44.88,11090.18
"71466","71466","170101050402","CN","Little Moyie River",106.5,26316.04
"71609","71609","170200061501","CN","Upper Inkaneep Creek",91.93,22715.52
"71610","71610","170200061502","CN","Lower Inkaneep Creek",87.26,21561.79
"71611","71611","170200061503","CN","Long Joe Creek-Okanogan River",81.9,20237.75
"71612","71612","170200070107","CN","Calcite Creek-Pasayten River",119.42,29510.32
"71613","71613","170200070204","CN","Buckhorn Creek-Similkameen River",104,25699.6
"71614","71614","170200070205","CN","Hampton Creek-Similkameen River",137.31,33930.4
"71738","71738","170101060704","CN","Desolation Creek",74.16,18324.48
"71746","71746","170101060702","CN,MT","Weasel Creek",42.12,10407.22
"71748","71748","170101060703","CN,MT","Rabbit Creek",32.39,8002.85
"71749","71749","170101060706","CN","Upper Wigwam Creek",112.5,27799
"71750","71750","170101060707","CN","Bighorn Creek",139.28,34417.21
"71751","71751","170101060708","CN","Middle Wigwam Creek",83.12,20538.8
"71752","71752","170101060709","CN","Upper Lodgepole Creek",78.29,19346.17
"71753","71753","170101060710","CN","Lower Lodgepole Creek",98.93,24445.8
"71754","71754","170101060711","CN","Lower Wigwam Creek",113.65,28084.52
"71885","71885","170101010503","CN","Lower Tepee Creek",111.29,27500.45
"71886","71886","170101010504","CN","Upper Gold Creek",84.71,20932.94
"71925","71925","170200071302","CN","Duruisseau Creek",43.31,10702.87
"71926","71926","170200071401","CN","Mountain Goat Creek",44.26,10936.59
"71927","71927","170200071402","CN","Juniper Creek",57.16,14125.17
"71973","71973","170101010509","CN","Lower Gold Creek",64.94,16046.06
"71974","71974","170101010505","CN","170101010505",46.03,11374.84
"71975","71975","170101010507","CN","Caven Creek",113.13,27955.68
"71976","71976","170101010508","CN","Middle Gold Creek",49.5,12232.06
"71977","71977","170101010601","CN","170101010601-Lake Koocanusa",148.01,36574.05
"71978","71978","170101010602","CN","Englishman Creek-Lake Koocanusa",140.43,34700.37
"71979","71979","170101010603","CN","Reserve Creek",121.45,30010.97
"71980","71980","170101030303","CN","Gilnockie Creek",126.42,31238.57
"72009","72009","170200072001","CN","Cawston Creek",80.75,19954.41
"72010","72010","170200072002","CN","Barrington Creek-Similkameen River",135.67,33524.28
"72011","72011","170200072003","CN","Susap Creek",85.76,21191.53
"72270","72270","170102060302","CN","Upper Couldrey Creek",45.35,11207.44
"72362","72362","170102060303","CN","Lower Couldrey Creek",49.56,12247.29
"72363","72363","170102160701","CN","Stagleap Creek",52.65,13011.09
"72415","72415","170101040603","CN,ID","Saddle Creek-Boundary Creek",114.49,28292
"72416","72416","170101040707","CN,ID","Mission Creek",81.06,20029.23
"72417","72417","170101040712","CN,ID","Whiskey Creek-Kootenai River",65.31,16139.47
"72418","72418","170101050401","CN,ID","Jensen Creek-Moyie River",89.92,22218.52
"72419","72419","170101050403","CN,ID","Copper Creek-Moyie River",73.64,18197.55
"72420","72420","170101050501","CN,ID","Round Prairie Creek",96.55,23857.69
"72421","72421","170102150101","CN,ID","Upper Priest Falls-Upper Priest River",70.74,17481.14
"72422","72422","170101050204","CN,ID,MT","Canuck Creek",69.42,17154.02
"72423","72423","170102160702","CN,ID,WA","Headwaters South Salmo River",83.76,20697.06
"72424","72424","170101010506","CN,MT","Bloom Creek",159.25,39350.56
"72425","72425","170101010604","CN,MT","Linklater Creek",105.14,25981.59
"72485","72485","170101010902","CN,MT","Young Creek",59.95,14814.5
"72539","72539","170101030201","CN,MT","Freeman Creek",78.42,19378.6
"72541","72541","170101010903","CN,MT","Phillips Creek",143.29,35408.61
"72542","72542","170101030102","CN,MT","East Fork Yaak River",163.53,40409.75
"72543","72543","170101030202","CN,MT","Upper West Fork Yaak River",90.57,22381.19
"72544","72544","170101030203","CN,MT","Lower West Fork Yaak River",104.09,25720.79
"72545","72545","170101030304","CN,MT","Boyd Creek-Yaak River",149.45,36929.14
"72546","72546","170101050201","CN,MT","South Fork Hawkins Creek-Hawkins Creek",51.81,12803.12
"72547","72547","170101050203","CN,MT","American Creek",48.37,11951.58
"72548","72548","170102060301","CN,MT","Frozen Lake",50.28,12425.1
"72549","72549","170102060305","CN,MT","Lower Sage Creek",99.25,24523.98
"72550","72550","170102060306","CN,MT","Colts Creek-North Fork Flathead River",61.48,15191.48
"72551","72551","170102060312","CN,MT","Spruce Creek-North Fork Flathead River",119.31,29480.95
"72552","72552","170102160704","CN,WA","Outlet South Salmo River",56.71,14013.1
"72553","72553","170102160903","CN,WA","Slate Creek",81.72,20194.51
"72554","72554","170102160905","CN,WA","Pewee Creek-Pend Oreille River",109.45,27046.22
"72555","72555","170102161003","CN,WA","Cedar Creek",69.64,17208.5
"72556","72556","170102161004","CN,WA","Pend Oreille River",64.83,16020.37
"72557","72557","170101060705","CN,MT","Headwaters Wigwam Creek",39.04,9648.04
"72558","72558","170101040601","CN,ID","Grass Creek",71.02,17549.64
"72571","72571","170101040711","CN,ID","Hall Creek-Kootenai River",134.81,33312.64
"73341","73341","170200072004","CN","Robert Creek-Similkameen River",70.72,17475.81
"73342","73342","170200011105","CN,WA","American Fork",42.4,10477.7
"73465","73465","170200020903","CN,WA","Middle Myers Creek",71.57,17685.62
"73466","73466","170200020904","CN,WA","Lower Myers Creek",69.83,17254.43
"73467","73467","170200021103","CN,WA","Baker Creek",53.73,13276.93
"73468","73468","170200021108","CN,WA","Murray Gulch Creek-Kettle River",93.23,23037.61
"73469","73469","170200021702","CN,WA","Catherine Creek-Kettle River",79.11,19549.55
"73470","73470","170200021707","CN,WA","July Creek",63.21,15618.9
"73471","73471","170200021901","CN,WA","Independent Creek-Kettle River",145.22,35884.71
"73472","73472","170200021902","CN,WA","Deep Creek",79.55,19657.53
"73473","73473","170200021904","CN,WA","Sand Creek-Kettle River",90.39,22336.18
"73474","73474","170200061504","CN,WA","Ninemile Creek",122.21,30197.68
"73475","73475","170200061506","CN,WA","Haynes Creek-Okanogan River",129.95,32111.56
"73476","73476","170200070105","CN,WA","Peeve Creek",68.83,17008.52
"73575","73575","170200070106","CN,WA","Central Creek-Pasayten River",108.97,26927.99
"73576","73576","170200070202","CN,WA","Castle Creek",71.05,17557.7
"73577","73577","170200070203","CN,WA","Chuckawanteen Creek",113.21,27975.88
"73578","73578","170200071303","CN,WA","Beaver Creek-Ashnola River",114.78,28362.35
"73579","73579","170200071304","CN,WA","Wall Creek",65.56,16200.11
"73580","73580","170200071403","CN,WA","Ewart Creek",150.06,37081.29
"73581","73581","170200072005","CN,WA","Richter Creek-Lenton Lake",77.29,19098.89
"73582","73582","170200072006","CN,WA","Jewette Creek-Similkameen River",153.61,37958.42
"73584","73584","170200072009","CN,WA","Ellemeham Draw-Similkameen River",154.49,38174.64
"73884","73884","090203160903","CN","Cranes Creek-Pembina River",51.55,12738.38
"73885","73885","090203150501","CN","North Pembina River",78.83,19479.8
"73886","73886","090203111103","CN","Middle Deadhorse Creek",69.24,17109.72
"73887","73887","090203111104","CN","Lower Deadhorse Creek",45.35,11206.63
"73892","73892","090203160401","CN","Pilot Creek",159.71,39464.74
"73893","73893","090203111105","CN","Plum River",107.19,26487.17
"73894","73894","090203111206","CN","Upper Kronsgart Drain",74.88,18502.29
"73896","73896","090203160103","CN","Rock Lake-Pembina River",138.86,34312.93
"74802","74802","090203150303","CN,ND","Jackfish Creek",79.28,19589.96
"74808","74808","090203161302","CN","Platts Slough-Little Pembina River",93.97,23219.33
"74999","74999","170200011101","CN","Lamb Creek",71.85,17755.42
"75001","75001","170200011102","CN","Upper Big Sheep Creek",103.01,25453.24
"75042","75042","170200011103","CN","Swehaw Creek",57.53,14215.75
"75043","75043","170200011104","CN","Middle Big Sheep Creek",114.45,28280.37
"75159","75159","171100010105","CN","Paleface Creek",37.52,9271.35
"75160","75160","171100010106","CN","Post Creek-Chilliwack River",86.38,21344.74
"75161","75161","171100010203","CN","Foley Creek",78.75,19458.33
"75184","75184","171100010204","CN","Chipmunk Creek",45.18,11165.27
"75185","75185","171100010207","CN","Peirce Creek-Chilliwack River",88.05,21757.18
"75187","75187","171100010303","CN","Borden Creek-Chilliwack River",66.43,16416.12
"75188","75188","171100010305","CN","Ryder Creek-Chilliwack River",44.21,10924.25
"75189","75189","171100010307","CN","Chilliwack River-Vedder River",49.86,12320.3
"75190","75190","171100010405","CN","Outlet Sumas River",83.5,20633.24
"75191","75191","171100020102","CN","Anderson Creek-Nicomekl River",108.86,26899.64
"75327","75327","171100050302","CN","Klesilkwa River",87.97,21737.64
"75328","75328","171100050303","CN","Silvertipped Creek-Skagit River",108.88,26906.01
"75329","75329","171100050304","CN","Nepopekum Creek",84.56,20895.79
"75338","75338","171100010103","CN,WA","Bear Creek-Chilliwack River",47.22,11667.42
"75339","75339","171100010104","CN,WA","Depot Creek",58.1,14357.74
"75340","75340","171100010201","CN,WA","Centre Creek",40.24,9943.01
"75341","75341","171100010202","CN,WA","Ensawkwatch Creek",57.18,14129.21
"75449","75449","171100010304","CN,WA","Liumchen Creek",55.14,13624.62
"75450","75450","171100010206","CN,WA","Lower Silesia Creek",74.56,18424.1
"75452","75452","171100010302","CN,WA","Tomyhoi Creek",90.08,22260.15
"75454","75454","171100010306","CN,WA","Sweltzer River",83.78,20702.08
"75455","75455","171100010401","CN,WA","Johnson Creek",54.17,13386.61
"75457","75457","171100010402","CN,WA","Saar Creek",66.55,16444.04
"75458","75458","171100010403","CN,WA","Headwater Sumas Creek",103.73,25632.81
"75459","75459","171100010404","CN,WA","Marshall Creek",38.01,9393.11
"75461","75461","171100040202","CN,WA","Kendall Creek",74.8,18483.71
"75462","75462","171100040502","CN,WA","Fishtrap Creek",96.3,23795.88
"75463","75463","171100040503","CN,WA","Wiser Lake Creek-Nooksack River",232.34,57413.17
"75464","75464","171100050301","CN,WA","Maselpanik Creek",57.5,14208.26
"75465","75465","171100050305","CN,WA","McNaught Creek-Skagit River",115.89,28637.59
"75559","75559","090203140508","CN,MN","Roseau Lakebed-Roseau River",91.08,22505.66
"75625","75625","171100050602","CN,WA","Silver Creek-Ross Lake",131.16,32409.91
"75626","75626","171100050306","CN,WA","Galene Creek-Skagit River",59.47,14694.64
"75627","75627","171100050401","CN,WA","Upper Lightning Creek",88.05,21757.68
"78367","78367","090203140401","CN","090203140401",39.31,9714.75
"78368","78368","090203111001","CN","Town of Stanley",103.24,25509.95
"78369","78369","090203110907","CN","Middle Buffalo Creek",105.6,26093.58
"78370","78370","090203111004","CN","Lower Rosenheim Drain",104.74,25882.18
"78371","78371","090203140402","CN","090203140402-Sprague Creek",84.11,20783.88
"78372","78372","090203160102","CN","Bear Hollow",72.23,17849.62
"78534","78534","090203140802","CN","Town of Stuartburn-Roseau River",127.56,31519.73
"78535","78535","090203150304","CN,ND","Boyd Lake-Stony Creek",100.03,24718.57
"78536","78536","090203140806","CN,MN","Stewart Drain",93.64,23139.35
"79200","79200","190104060401","AK,CN","Upper Fairweather Glacier",157.53,38926.62
"80300","80300","090203111005","CN","Lower Hespeler Drain",139.53,34477.78
"80301","80301","090203140811","CN","Ginew-Roseau River",149.32,36898.21
"80302","80302","090203160303","CN","Lower Crystal Creek",66.88,16526.63
"80303","80303","090203150409","CN","Stony Slough-Badger Creek",104.11,25725.37
"80304","80304","090203160904","CN","Woodlots Ravine-Pembina River",82.22,20318.16
"80305","80305","090203111102","CN","Upper Deadhorse Creek",155.34,38384.56
"80306","80306","090203150506","CN","Rhodes-Pembina River",62.32,15398.62
"80307","80307","090203111205","CN","St. Jean Baptiste-Red River",86.24,21311.33
"80308","80308","090203150508","CN","Fletcher's Slough",76.45,18891.25
"80312","80312","090203140602","CN,MN","Pool Number Two-Sundown Bog",316.82,78287.16
"80355","80355","090203150408","CN","090203150408-Badger Creek",49.81,12308.34
"80356","80356","090203140807","CN","Harlow Drain",56.32,13915.95
"80357","80357","090203111204","CN","Lower Marais River",55.35,13677.71
"80358","80358","090203150404","CN,ND","Dash Cemetery",134.19,33160.14
"80359","80359","090203140404","CN","Mud Creek",101.36,25045.99
"80361","80361","090203160905","CN","Stony Creek",61.35,15161.11
"80362","80362","090203160302","CN","Middle Crystal Creek",73.64,18197.59
"80363","80363","090203150406","CN","Pancake Lake",49.85,12318.93
"80364","80364","090203150302","CN","090203150302",56.39,13935.3
"80365","80365","090203140505","CN","East Pine Creek",30.34,7497.95
"80366","80366","090203111002","CN","Upper Hespeler Drain",102.21,25257.09
"80367","80367","090203140406","CN,MN","Cat Hills-Sprague Creek",123.87,30609.23
"80426","80426","090203161301","CN","Falcon Pond-Little Pembina River",121.14,29934.85
"80431","80431","090203150509","CN","Louise Lake-Pembina River",68.27,16870.03
"80432","80432","090203160902","CN","Lower Mary Jane Creek",61.79,15267.91
"80433","80433","090203160503","CN","McCoys Creek",83.17,20552.71
"80434","80434","090203150507","CN","090203150507-Pembina River",140.67,34759.9
"80435","80435","090203111207","CN","Lower Kronsgart Drain",99.88,24680.76
"80436","80436","090203150505","CN","Ninga",109.66,27096.66
"80444","80444","090203150105","CN","Nineteen Hills",81.26,20080.64
"80482","80482","090203160402","CN","Marringhurst Creek-Pembina River",107.36,26529.12
"80484","80484","090203160101","CN","Oak Creek",71.31,17621.07
"80485","80485","090203111208","CN","Horseshoe Lake-Red River",93.14,23016.32
"80486","80486","090203160901","CN","Upper Mary Jane Creek",79.27,19587.64
"80487","80487","090203160403","CN","Dry River",93.59,23126.12
"80488","80488","090203160504","CN","Grassy Marsh-Pembina River",123.37,30484.71
"80489","80489","090203160501","CN","Syndicate Creek",65.05,16074.43
"80490","80490","090203150101","CN","090203150101",106.59,26338.8
"80491","80491","090203111301","CN","090203111301-Red River",77.92,19254.03
"80499","80499","090300090401","CN","Headwater Reed River",122.32,30224.84
"80501","80501","090300090403","CN","Outlet Reed River",111.16,27469.05
"80502","80502","090300091423","CN,MN","Lake of the Woods",5829.47,1440490.94
"80503","80503","090100040703","CN,ND","Willow Lake",133.49,32985.51
"80504","80504","090100040701","CN,ND","Rabb Lake",66.37,16399.59
"80574","80574","090203111304","CN","St Agathe-Red River",112.75,27861.35
"80577","80577","090203160405","CN","Swan Lake-Pembina River",94.68,23394.71
"80578","80578","090203150103","CN","090203150103",138.57,34241.21
"80579","80579","090203161310","CN,ND","County Ditch Number 11-Pembina River",76.18,18824.79
"80582","80582","090203110701","CN,MN","County Ditch Number Twenty",64.66,15978.97
"80584","80584","090203140504","CN,MN","090203140504-Roseau River",75.27,18598.95
"80586","80586","090203140603","CN,MN","Pool Number Three",55.12,13619.86
"80597","80597","090203150102","CN","Dunrea",93.98,23223.1
"80612","80612","090203150106","CN","Pelican Lake",130.29,32196.16
"80613","80613","090203160404","CN","Swan Lake",81.47,20132.15
"80614","80614","090203150104","CN","Bone Lake",62.51,15445.64
"80631","80631","090203111302","CN","McTavish Drain",60.48,14945.03
"80632","80632","090203111305","CN","St. Adolphe-Red River",101.88,25176.06
"80633","80633","090203111306","CN","St. Norbert-Red River",71.26,17608.64
"80702","80702","090203120501","CN,MN","090203120501",102.1,25228.81
"80703","80703","090203161307","CN,ND","Big Pembina Cemetery-Pembina River",93.49,23102.03
"80704","80704","090203140606","CN,MN","Town of Caribou-Roseau River",92.08,22752.23
"80708","80708","090203140607","CN,MN","Arbakka Drain",37.43,9249.06
"80709","80709","090203140409","CN,MN","Popple Creek-Sprague Creek",93.59,23125.95
"80772","80772","090203150401","CN,ND","Hidden Island Coulee",113.88,28140.25
"80773","80773","090203110901","CN,ND","Hyde Park Coulee",72.34,17876.07
"80774","80774","090203160705","CN,ND","Town of Hannah-Snowflake Creek",71.03,17551.61
"80775","80775","090203140407","CN,MN","Judicial Ditch Number Sixtyone",103.48,25570.55
"80776","80776","090203110703","CN,MN","Joe River",125.47,31003.16
"80824","80824","090203111308","CN","Fort Garry-Red River",99.95,24697.32
"80864","80864","090203110906","CN","Rempel Drain",134.82,33315.76
"80865","80865","090203140810","CN","090203140810-Roseau River",33.65,8316.13
"80866","80866","090203160906","CN","Suicide Hill-Pembina River",51.92,12830.6
"80867","80867","090203150503","CN,ND","Starke Creek",41.23,10187.22
"80868","80868","090203140804","CN","Jordan River",122.04,30156.03
"80869","80869","090203160502","CN","McDonald Drain-McCoys Creek",61,15074.16
"80870","80870","090203160205","CN","The Hogsback",119.93,29636.19
"80874","80874","090203140405","CN,MN","Town of Hickey",45.86,11331.47
"80875","80875","090203110902","CN,ND","Town of Kronsthal",159.06,39304.75
"80876","80876","090203160804","CN,ND","Mowbray Creek",50.22,12409.06
"80877","80877","090203160706","CN,ND","West Snowflake Creek",147.81,36525.35
"80878","80878","090203150209","CN,ND","Moore Lake-Badger Creek",139.54,34480.16
"80879","80879","090203150208","CN,ND","Pound Lake",86.48,21370.21
"80880","80880","090203150301","CN,ND","Lake Upsilon-Long River",118.76,29346.03
"80881","80881","090203111202","CN,ND","Upper Marais River",111.88,27646.56
"80882","80882","090203140801","CN,MN","090203140801",128.86,31841.6
"80883","80883","090203110903","CN,ND","Headwaters Buffalo Creek",134.65,33273.52
"80922","80922","090203110904","CN,ND","Upper Buffalo Creek",95.56,23614.42
"80923","80923","090203160707","CN","Snowflake Creek",64.38,15909.29
"80924","80924","090203140507","CN,MN","Pine Creek",138.65,34262.2
"80925","80925","090203150405","CN,ND","Gimby Creek",85.23,21060.33
"80926","80926","090203150402","CN,ND","090203150402",99.55,24599.65
"80969","80969","090203150403","CN,ND","090203150403",75.75,18718.35
"80970","80970","090203160204","CN,ND","Township of Dash",75.51,18659.34
"80972","80972","090203140608","CN,MN","Gardenton Floodway-Roseau River",140.28,34663.65
"80973","80973","090203161306","CN,ND","Little North Pembina River",92.49,22854.63
"81011","81011","090203160206","CN,ND","Cypress Creek",117.43,29017.76
"81014","81014","090203140506","CN","West Pine Creek",82.19,20310.18
"81015","81015","090203150306","CN","Holmfield-Long River",100.93,24941.02
"81016","81016","090203110908","CN","Lower Buffalo Creek",46.66,11528.77
"81017","81017","090203111101","CN","Headwaters Deadhorse Creek",136.43,33713.54
"81018","81018","090203150504","CN","William Lake",78.35,19359.6
"81019","81019","090203150502","CN","Wood Lake-Pembina River",80.18,19813.89
"81020","81020","090203150305","CN","Catfish Bay-Long River",138.54,34233.05
"81021","81021","090203140805","CN","Langside Drain-Roseau River",63.73,15749.13
"81022","81022","090203111203","CN,ND","Middle Marais River",66.79,16505.01
"81090","81090","090203160301","CN,ND","Upper Crystal Creek",87.49,21619.49
"81091","81091","090203161303","CN","Dead Ox Creek-Pembina River",57.59,14229.87
"81092","81092","090203140403","CN","South Junction-Sprague Creek",90.59,22384.79
"81093","81093","090203150407","CN","Lower Gimby  Creek",72.92,18019.4
"81094","81094","090203140809","CN,MN","Lower Main Drain",160.34,39621.49
"81095","81095","090203111201","CN","090203111201-Red River",74.09,18308.84
"81096","81096","090203160907","CN","090203160907-Pembina River",51.63,12758.06
"81097","81097","090203110905","CN","Buffalo Drain",92.4,22832.79
"81098","81098","090203111003","CN","Upper Rosenheim Drain",123.12,30423.59
"90536","90536","090300101002","CN","Tibbetts Lake-Big Turtle River",134.46,33225.44
"90542","90542","090300101004","CN","Lower Heron River",79.58,19664.69
"90546","90546","090300101006","CN","Sand Island Narrows-Big Turtle River",41.67,10296.31
"90549","90549","090300100604","CN","Manion Lake-Manion Creek",98.74,24399.77
"90550","90550","090300100802","CN","Holmes Lake-Little Turtle River",103.55,25588.33
"90551","90551","090300101001","CN","Tesup Creek",67.82,16759.03
"90552","90552","090300100801","CN","Dovetail Lake",112.39,27771.86
"90559","90559","090300100603","CN","Pettit Lake-Manion Creek",55.73,13770.06
"90570","90570","090300031502","CN","West Jackfish Lake",101.37,25050.05
"90571","90571","090300030906","CN","Upper Eye River",50.7,12528.94
"90578","90578","090300091416","CN","Obabikon Lake",97.11,23995.69
"93724","93724","170200021004","CN","Headwaters Boundary Creek",76.02,18785.62
"94592","94592","170200021005","CN","Windfall Creek",56.85,14046.74
"94654","94654","170200021006","CN","Wallace Creek",38.21,9440.67
"94656","94656","170200021007","CN","Eholt Creek",57.58,14227.63
"94658","94658","170200021101","CN","McKinney Creek",99.49,24584.64
"94659","94659","170200021102","CN","Upper Rock Creek",90.3,22314.09
"94660","94660","170200021104","CN","Lower Rock Creek",59.85,14790.43
"94661","94661","170200021106","CN","Nicholson Creek",49.46,12221.72
"94662","94662","170200021107","CN","Imgram Creek",60.26,14890.26
"94865","94865","090300100104","CN","Sucker Bay-Turtle River",94.16,23267.34
"95066","95066","090300031802","CN","East Branch Rat River",57.04,14095.2
"95067","95067","090300012201","CN","Kasakokwog Lake",56.46,13951.41
"95069","95069","090300091002","CN","Assinkepatakiso Lake-Crispin Lake",54.77,13534.17
"95070","95070","090300091420","CN","Blueberry Inlet-Lake of the Woods",70.45,17408.25
"95071","95071","090300091006","CN","Eliza Lake",55.76,13778.24
"95072","95072","090300091109","CN","Dirtywater Creek",57.09,14107.2
"95073","95073","090300091413","CN","Long Bay-Lake of the Woods",65.33,16143.05
"95074","95074","090300031202","CN","Power Lake",33.1,8178.94
"95075","95075","090300031205","CN","Upper Manitou Lake",180.84,44687.32
"97457","97457","090300100704","CN","Upper Gamble River",104.29,25770.15
"97458","97458","090300100103","CN","Sandford Lake",78.37,19365.61
"97462","97462","090300100101","CN","Owl Creek",59.47,14695.82
"97463","97463","090300100204","CN","Nora Creek",100.08,24730.57
"97465","97465","090300100102","CN","Campus Creek",60.46,14939.21
"97466","97466","090300100301","CN","Upper Balmoral River",102.68,25372.6
"97467","97467","090300100302","CN","Lower Balmoral River",51.8,12801.18
"97468","97468","090300100307","CN","Kinmoapiku Lake",63.77,15758.43
"97469","97469","090300100306","CN","090300100306",53.5,13219.04
"97470","97470","090300100305","CN","Doreen Lake",52.27,12916.49
"97471","97471","090300011807","CN","Olifaunt Lake-Pickerel River",90.89,22458.23
"97472","97472","090300010107","CN","Upper Nelson Creek",72.42,17896.58
"97473","97473","090300011904","CN","Lonely Lake",62.47,15435.68
"97474","97474","090300080501","CN,MN","City of International Falls-Rainy River",147.74,36508.3
"97476","97476","090300011509","CN","Moss Lake-Wawiag River",77.52,19156.11
"97477","97477","090300011804","CN","Rawn Lake",69.15,17088.19
"97478","97478","090300012207","CN","Upper Quetico Lake",110.98,27423.94
"97479","97479","090300012208","CN","Lower Quetico Lake",111.5,27551.98
"97480","97480","090300011903","CN","Upper Sturgeon Lake",72.22,17845.45
"97481","97481","090300011604","CN","Upper Cache River",70.08,17317.45
"97482","97482","090300012205","CN","Oriana Lake",74.2,18335
"97483","97483","090300030102","CN","Darby Creek",129.49,31997.59
"97484","97484","090300030104","CN","Lower Pipestone River",122.52,30275.94
"97490","97490","090300090802","CN","Fourstar Lake",85.9,21226.98
"97492","97492","090300090603","CN","Lower Splitrock River",107.85,26650.3
"97495","97495","090300030602","CN","Lower Brush Creek",53.74,13278.56
"97496","97496","090300080104","CN","Lower La Vallée River",111.75,27613.28
"97497","97497","090300091008","CN","Dogpaw Lake",38.78,9583.05
"97502","97502","090300031204","CN","Uphill Lake",49.68,12276.27
"97504","97504","090300091005","CN","Denmark Lake",42.23,10434.52
"97512","97512","090300080703","CN,MN","090300080702",42.6,10525.72
"97513","97513","090300011506","CN","Tilly Creek",112.74,27858.77
"97514","97514","090300011805","CN","Howard Lakes",45.4,11218.12
"97515","97515","090300090705","CN","Lower Log Creek",50.41,12457.8
"97517","97517","090300091410","CN","Lower Big Grassy River",69.14,17085.03
"97518","97518","090300030603","CN","Long Rapids-Seine River",115.29,28488.67
"97519","97519","090300031701","CN","Little Canoe River",163.01,40280.2
"97520","97520","090300090702","CN","Wigwam Lake-Sabaskong River",97.63,24125.33
"97531","97531","090300080103","CN","Middle La Vallée River",81.64,20173.51
"97537","97537","090300012605","CN,MN","Namakan Lake",285.36,70513.49
"97538","97538","090300011206","CN,MN","Crooked Lake",207.57,51292.35
"97549","97549","090300011202","CN","Upper Tuck River",85.08,21024.91
"97551","97551","090300011203","CN","Lower Tuck River",67.87,16771.74
"97552","97552","090300011205","CN","Little Roland Lake",41.09,10153.2
"97557","97557","090300080701","CN,MN","Silver Creek",75.89,18752
"97564","97564","090300011204","CN","Gardner Bay-Crooked Lake",48.73,12040.61
"97567","97567","090300080102","CN","Kitchen Creek",39.07,9655
"97568","97568","090300091407","CN","Northwest Angle Creek",53.92,13323.39
"97569","97569","090300031203","CN","Rattlesnake Creek",39.77,9827.24
"97570","97570","090300031201","CN","Johnar Lake",35.93,8878.1
"97572","97572","090300091418","CN","Astron Bay-Lake of the Woods",39.32,9716.93
"97573","97573","090300090805","CN","Hectorine Lake",83.32,20588.37
"97574","97574","090300091007","CN","Dogpaw Rapids-Caviar Lake",134.46,33226.56
"97575","97575","090300091412","CN","Regina Bay-Lake of the Woods",106.64,26351.2
"97576","97576","090300091419","CN","Gale Creek",61.98,15316.28
"97577","97577","090300080509","CN,MN","Whitefish Creek-Rainy River",171.43,42362.07
"97578","97578","090300012103","CN,MN","Loon Lake",92.69,22903.98
"97580","97580","090300030412","CN","Lower Firesteel River",114.4,28269
"97581","97581","090300090701","CN","Katimiagamak Lake",57.52,14213.32
"97582","97582","090300090706","CN","Kakabikitchiwan Lake-Sabaskong River",90.22,22294.07
"97617","97617","090300012301","CN","West Cub Lake",68.1,16826.89
"97619","97619","090300010201","CN","Icarus Lake",101.39,25054.27
"97620","97620","090300011208","CN,MN","Iron Lake",34.75,8586.95
"97630","97630","090300031005","CN","Calm Lake-Seine River",123,30394.2
"97631","97631","090300080404","CN","Middle Pinewood River",165.69,40943.94
"97632","97632","090300030905","CN","Steep Rock Iron Mine",40.06,9898.27
"97633","97633","090300030908","CN","Lower Eye River",77.48,19145.59
"97634","97634","090300031703","CN","Camp Narrows-Rainy Lake",121.39,29994.89
"97637","97637","090300080403","CN","Kishkakoesis River",92.09,22755.48
"97647","97647","090300031009","CN","Bad Vermilion Lake",65.69,16232.08
"97652","97652","090300031704","CN","Lost Creek",63.41,15668.74
"97653","97653","090300030306","CN","Lac des Mille Lacs",160.22,39590.26
"97654","97654","090300031501","CN","Loonhaunt Lake",196.77,48624.04
"97655","97655","090300030704","CN","Lizard Lake",61.84,15280.57
"97656","97656","090300031304","CN","Lower Manitou River",101.02,24963.47
"97657","97657","090300031405","CN","Lower Pipestone Lake",99.9,24686.85
"97664","97664","090300030304","CN","Inwood Creek",79.53,19652.39
"97665","97665","090300030301","CN","McKay Creek",123.18,30439.59
"97666","97666","090300031601","CN","Upper Big Canoe River",106,26192.89
"97680","97680","090300011403","CN","Wet Lake",93.75,23166.23
"97683","97683","090300011603","CN","Agnes Lake",203.87,50378.38
"97684","97684","090300012204","CN","Cirrus Lake",111.74,27611.75
"97687","97687","090300012104","CN,MN","Loon River-Little Vermilion Lake",166.48,41136.89
"97691","97691","090300031503","CN","Lake Despair",47.18,11659.2
"97692","97692","090300030909","CN","Boyce Rapids-Seine River",118.31,29234.03
"97696","97696","090300012001","CN","090300012001",48.85,12072.21
"97697","97697","090300090503","CN","Storkson's Corner-Cranberry Lake",58.89,14551.72
"97699","97699","090300012002","CN","Burt Lake",52.73,13030.7
"97701","97701","090300080507","CN,MN","Manitou Rapids-Rainy River",144.03,35590.05
"97702","97702","090300090501","CN","Arbor Vitae",42.35,10465.97
"97703","97703","090300031603","CN","Lower Big Canoe River",114.71,28346.62
"97704","97704","090300031407","CN","Lower Bremner Creek",61.18,15118.05
"97733","97733","090300011402","CN","Saganagons Lake",187.72,46385.52
"97738","97738","090300010105","CN","Yellowhammer Creek",72.56,17928.75
"97740","97740","090300012003","CN","Brent Lake",88.55,21880.41
"97741","97741","090300012004","CN","Minn Lake",118.82,29361.19
"97743","97743","090300011806","CN","Pickerel Lake",155.9,38522.58
"97744","97744","090300080508","CN,MN","McCloud Creek-Rainy River",96.86,23933.59
"97746","97746","090300080503","CN","Everett Creek",47.37,11704.95
"97747","97747","090300031707","CN","Frog Creek",88.2,21794.18
"97748","97748","090300011705","CN","Baptism Creek",96.26,23786.13
"97749","97749","090300091403","CN,MN","Stony Creek",185.66,45878.3
"97750","97750","090300030409","CN","Upper Trewartha Creek",64.15,15851.4
"97751","97751","090300090803","CN","Elbow Lake",61.91,15297.07
"97752","97752","090300080603","CN,MN","Winter Road River",107.16,26478.87
"97753","97753","090300030103","CN","Whalen Creek",59.42,14682.35
"97754","97754","090300011803","CN","Batchewaung Lake",81.3,20089.23
"97755","97755","090300011504","CN","Tilly Lake",48.82,12063.95
"97756","97756","090300011505","CN","Huronian River",76.27,18846.93
"97757","97757","090300030101","CN","Upper Pipestone River",125.77,31078.58
"97758","97758","090300031004","CN","Miranda Creek",144.55,35719.84
"97759","97759","090300090602","CN","Upper Splitrock River",39.61,9786.67
"97760","97760","090300030505","CN","Mercutio Lake-Mercutio River",158.64,39199.95
"97761","97761","090300090901","CN","Kakagi Lake",302.97,74866.2
"97762","97762","090300090902","CN","Stephen Lake",90.05,22252.57
"97763","97763","090300090807","CN","Lower Lawrence Lake",71.28,17613.95
"97766","97766","090300031302","CN","Dogfly Lake",58.57,14473.04
"97769","97769","090300090808","CN","Upper Rowan Lake",137.2,33903.4
"97770","97770","090300100404","CN","Islets Lake",75.02,18537.41
"97772","97772","090300100407","CN","Side Creek-Turtle River",53.79,13290.69
"97774","97774","090300100501","CN","Colorado Creek",56.43,13943.5
"97775","97775","090300100902","CN","Kinnyu Lake",55.68,13758.89
"97776","97776","090300100304","CN","Dibble Lake",124.88,30858.77
"97777","97777","090300100312","CN","Kenoshay Lake-Turtle River",74.68,18454.92
"97778","97778","090300100308","CN","Smirch Lake-Turtle River",63.77,15758.19
"97781","97781","090300100406","CN","Lower Rawlinson Creek",71.46,17657.23
"97782","97782","090300100903","CN","Eagle Rock Lake",65.17,16105.01
"97783","97783","090300100402","CN","Beak Lake",83.55,20645.31
"97786","97786","090300100403","CN","Wapageisi River",48.05,11872.85
"97787","97787","090300100405","CN","Upper Rawlinson Creek",56.16,13877.74
"97788","97788","090300100401","CN","South Wapageisi Lake",97.42,24074.12
"97789","97789","090300100905","CN","Kaopskikamak Lake",117.07,28928.77
"97790","97790","090300100904","CN","Kawawiag Creek",73.52,18166.4
"97791","97791","090300100803","CN","Hillyer Creek",142.87,35305.07
"97794","97794","090300100805","CN","Law Lake-Little Turtle River",152.28,37629.85
"97826","97826","090300012007","CN,MN","Lac La Croix",355.56,87860.35
"97828","97828","090300010203","CN","North Channel-Northern Light Lake",226,55846.5
"97834","97834","090300011404","CN","Kenny Lake-Maligne River",67.32,16635.68
"97835","97835","090300080506","CN","Lower Sturgeon Creek",96.48,23839.54
"97839","97839","090300031007","CN","Camp Creek",102.55,25340.19
"97840","97840","090300031002","CN","Little McCaulay Lake",45.31,11195.29
"97841","97841","090300031706","CN","Wasaw Creek",84.24,20815.63
"97842","97842","090300080101","CN","Upper La Vallée River",76.22,18833.33
"97843","97843","090300031010","CN","Little Grassy Lake-Seine River",117.27,28978.83
"97844","97844","090300031403","CN","Sucan Creek",81.99,20259.96
"97845","97845","090300030411","CN","Lower Trewartha Creek",39.98,9878.63
"97846","97846","090300031404","CN","Upper Pipestone Lake",88.25,21807.51
"97847","97847","090300101005","CN","Little Turtle Lake",99.34,24548.28
"97848","97848","090300101204","CN","Ottertail River",66.83,16513
"97849","97849","090300101205","CN","Bears Passage-Rainy Lake",129.1,31901.24
"97850","97850","090300101202","CN","Muskeg Creek",95.81,23676.02
"97851","97851","090300101203","CN","Crooked Narrows-Rainy Lake",53.53,13226.91
"97852","97852","090300101201","CN","Cherry River",56.86,14051.06
"97853","97853","090300101104","CN","Otukamamoan Lake-Trout River",97.15,24005.65
"97854","97854","090300080405","CN","Lower Pinewood River",114.04,28179.74
"97855","97855","090300031803","CN","Windy Point-Rainy Lake",52.92,13076.83
"97856","97856","090300011703","CN","Crystal River",37.77,9333.73
"97857","97857","090300011802","CN","Nym River",68.47,16919.49
"97858","97858","090300030407","CN","Hay River",91.74,22670.19
"97859","97859","090300100906","CN","Sakwite Lake-Trout River",105.23,26002.42
"97862","97862","090300031401","CN","Schistose Lake",51.71,12776.73
"97863","97863","090300090707","CN","Splitrock Narrows",119.59,29550.23
"97864","97864","090300030206","CN","Lower Little Savanne River",94.47,23343.76
"97872","97872","090300030902","CN","Red Paint Lake",95.5,23597.49
"97873","97873","090300030702","CN","Caribou River",113.74,28106.24
"97874","97874","090300091110","CN","Berry Lake-Berry River",90.92,22466.97
"97878","97878","090300031804","CN,MN","Rainy Lake",1099.89,271787.83
"97879","97879","090300012209","CN","Beaverhouse Lake-Quetico River",122.95,30381.89
"97880","97880","090300012202","CN","Cole Lake",63.82,15770.02
"97881","97881","090300011801","CN","Win Lake",77,19026.44
"97885","97885","090300011704","CN","Baril Lake",69.56,17189.52
"97886","97886","090300011507","CN","Upper Obadinaw River",137.44,33961.41
"97887","97887","090300011502","CN","Burchell Lake-Wawiag River",78.1,19300.11
"97888","97888","090300011501","CN","Squeers Creek",61.82,15274.88
"97891","97891","090300012601","CN","Redhorse River",88.57,21886.13
"97892","97892","090300010109","CN","Koss Lake-Weikwabinonaw River",99.33,24544.97
"97894","97894","090300091406","CN,MN","Poplar Creek",77.9,19248.98
"97895","97895","090300090903","CN","Flint Lake",49.21,12158.81
"97898","97898","090300091417","CN","Thompson Creek",108.57,26827.28
"97901","97901","090300100205","CN","Lower White Otter Lake",168.7,41687.42
"97902","97902","090300100804","CN","Bennett Creek",106.78,26385.67
"97903","97903","090300100707","CN","Dashwa Lake",52.37,12940.65
"97904","97904","090300100708","CN","Crowrock Lake",104.52,25826.34
"97906","97906","090300100201","CN","Upper White Otter Lake",90.34,22323.47
"97907","97907","090300100706","CN","Lower Gamble River",43.27,10692.73
"97908","97908","090300100703","CN","Below Bow Lake-Little Turtle River",117.4,29009.21
"97909","97909","090300100701","CN","Riverview Lake-Little Turtle River",57.71,14260.09
"97911","97911","090300100702","CN","Sparkle Lake",54.59,13490.34
"97912","97912","090300100705","CN","Middle Gamble River",77.14,19060.53
"97913","97913","090300100309","CN","Bending Creek",71.32,17623.45
"97914","97914","090300100310","CN","Bending Lake",73.26,18102.23
"97915","97915","090300100901","CN","Meggisi Lake",118.8,29355.06
"97916","97916","090300101105","CN","Parry Strait-Rainy Lake",257.32,63585.93
"97931","97931","090300012203","CN","McOuat Creek",77.22,19082.26
"97933","97933","090300080702","CN","Miller's Creek",52.01,12852.44
"97935","97935","090300010507","CN,MN","Prairie Portage-Sucker Lake",131.27,32436.71
"97937","97937","090300011908","CN","Poohbah Creek",84.25,20819.25
"97943","97943","090300031008","CN","Wild Potato Lake",121.58,30042.1
"97945","97945","090300090402","CN","Moose Lake",85.45,21114.07
"97946","97946","090300030406","CN","Middle Firesteel River",46.46,11480.18
"97947","97947","090300031303","CN","Upper Manitou River",131.1,32395.13
"97948","97948","090300030410","CN","Sheba Creek",78.42,19376.96
"97949","97949","090300030408","CN","Beaver River",74.72,18463.62
"97950","97950","090300090801","CN","Upper Lawrence Lake",52.27,12916.05
"97951","97951","090300031208","CN","Aronson Lake",102.74,25387.02
"97953","97953","090300030405","CN","East Firesteel River",78.49,19395.85
"97954","97954","090300031301","CN","Grant Lake",92.08,22754.5
"97955","97955","090300030205","CN","Upper Little Savanne River",121.94,30132.4
"97956","97956","090300100507","CN","Eltrut Lake",108.7,26859.11
"97957","97957","090300100601","CN","Sandbeach Lake",70.12,17327.16
"97958","97958","090300101003","CN","Upper Heron River",73.88,18255.6
"97959","97959","090300101103","CN","Lower Entwine River",78.31,19349.95
"97961","97961","090300100203","CN","Clearwater West Lake",105.2,25996.43
"97962","97962","090300100506","CN","090300100506",77.95,19262.51
"97963","97963","090300100602","CN","Mount Lake",83.59,20656.67
"97964","97964","090300101102","CN","Upper Entwine River",123.01,30396.21
"97965","97965","090300100503","CN","Ricemere Lake-Silvertip Lake",57.07,14101.08
"97966","97966","090300100202","CN","Grey Trout Lake",84.03,20763.54
"97967","97967","090300100504","CN","Kenorain Creek",91.17,22529.56
"97968","97968","090300100502","CN","Rice Creek",42.85,10587.38
"97969","97969","090300100505","CN","Jones Lake",150.97,37306.45
"97970","97970","090300100303","CN","Sedgwick Lake",42.27,10445.82
"97971","97971","090300100313","CN","Pekagoning Lake",47.94,11845.56
"97972","97972","090300100311","CN","Coldwater Lakes",42.8,10577.26
"97973","97973","090300101101","CN","Entwine Lake",142.45,35199.44
"97981","97981","090300090504","CN","Little Grassy River West Branch",62.86,15533.63
"97982","97982","090300031402","CN","Yoke Lake",47.74,11797.9
"97983","97983","090300030601","CN","Upper Brush Creek",98.26,24279.98
"98009","98009","090300010108","CN","Lower Nelson Creek",61.34,15158.23
"98010","98010","090300010103","CN","Weikwabinonaw Lake",85.31,21079.7
"98011","98011","090300010502","CN,MN","Knife Lake",162.68,40199.59
"98012","98012","090300010405","CN,MN","Saganaga Lake",197.27,48747.58
"98016","98016","090300030204","CN","Rest Creek",54.57,13484.3
"98021","98021","090300030202","CN","Dexter Creek",108.97,26926.47
"98024","98024","090300031406","CN","Upper Bremner Creek",94.75,23413.95
"98025","98025","090300030907","CN","Eye Lake",98.51,24342.65
"98026","98026","090300090502","CN","Cozy Corners",71.63,17699.52
"98027","98027","090300031708","CN","Haymarsh Bay-Rainy Lake",685.13,169299.51
"98028","98028","090300090601","CN","Splitrock River East Branch",57.47,14202.2
"98029","98029","090300030503","CN","Byers Lake",44.23,10929.41
"98030","98030","090300030201","CN","Raith Creek",69.9,17273.88
"98031","98031","090300031602","CN","Middle Big Canoe River",118.41,29258.57
"98032","98032","090300031504","CN","Jackfish Lake-Footprint Lake",90.35,22326.54
"98033","98033","090300030701","CN","Companion Lakes",45.11,11146.41
"98034","98034","090300090704","CN","Upper Log Creek",107.69,26610.33
"98035","98035","090300030904","CN","Lower Finlayson Lake",82.16,20302.47
"98060","98060","090300091004","CN","Atikwa Lake",183.14,45254.58
"98065","98065","090300030802","CN","Middle Atikokan River",123.79,30589.9
"98069","98069","090300090804","CN","Gibraltar Narrows",56.44,13946.22
"98070","98070","090300091421","CN","Knickerbocker Inlet-Lake of the Woods",43.86,10838.67
"98096","98096","090300030501","CN","Bedivere Creek",52.61,12999.42
"98107","98107","090300091408","CN","Spruce Creek",38.13,9421.88
"98108","98108","090300030604","CN","Melema Lake-Seine River",112.24,27734.14
"98110","98110","090300030504","CN","Nemiman Lake",68.79,16997.44
"98111","98111","090300030705","CN","Trap Bay-Seine River",228.79,56536.37
"98112","98112","090300030303","CN","Maze Bay",48.58,12004.82
"98113","98113","090300030502","CN","Bedivere Lake",176.53,43620.33
"98114","98114","090300030305","CN","Honkonen Narrows",548.36,135503.28
"98121","98121","090300010202","CN","Mowe Lake",55.09,13613.67
"98126","98126","090300090703","CN","Burnt Creek",73.87,18252.98
"98127","98127","090300030901","CN","Upper Finlayson Lake",46.89,11587.09
"98156","98156","090300011901","CN","Camel Lake",96.97,23962.54
"98160","98160","090300010104","CN","Jacob Lake",44.9,11095.44
"98161","98161","090300011401","CN","Bemar Creek",124.37,30733.6
"98166","98166","090300011606","CN","Kahshahpiwi Creek",123.06,30408.48
"98167","98167","090300030703","CN","Light Lake",40.4,9983.51
"98191","98191","090300011602","CN","McKenzie Bay-Kawnipi Lake",46.15,11403.65
"98192","98192","090300030302","CN","Birch Narrows",59.59,14726.06
"98199","98199","090300030801","CN","Upper Atikokan River",133.18,32908.7
"98200","98200","090300091202","CN","Upper Dogtooth Lake",131.88,32587.7
"98201","98201","090300091302","CN","Deception Creek",61.89,15293.99
"98202","98202","090300091102","CN","Ethelma Lake-Berry River",43.31,10702.32
"98203","98203","090300091203","CN","Lower Dogtooth Lake",152.11,37587.24
"98204","98204","090300091101","CN","Highwind Lake",83.14,20543.49
"98206","98206","090300080504","CN,MN","Smoot Island-Rainy River",146.82,36280.11
"98209","98209","090300091409","CN","Upper Big Grassy River",87,21497.96
"98210","98210","090300030903","CN","Marmion Lake",218.8,54067.27
"98212","98212","090300031408","CN","Burditt Lake-Manomin River",82.01,20265.9
"98213","98213","090300030207","CN","Lower Savanne River",130.46,32238.38
"98214","98214","090300030203","CN","Upper Savanne River",150.69,37235.14
"98215","98215","090300030307","CN","Mosher Lake-Seine River",88.51,21870.05
"98216","98216","090300030402","CN","North Firesteel River",77.92,19254.34
"98217","98217","090300031206","CN","Scattergood Creek",60.44,14935.1
"98219","98219","090300091003","CN","Canal Bay-Atikwa Lake",144.96,35820.05
"98221","98221","090300091405","CN,MN","Harrison Creek",140.9,34817.67
"98225","98225","090300090810","CN","Baby Shingwak Lake",36.92,9124.06
"98226","98226","090300090806","CN","Hector Lake",52.16,12888.33
"98274","98274","090300011104","CN,MN","Basswood Lake",417.08,103063.49
"98276","98276","090300011102","CN","Burke Lake",57.86,14296.56
"98279","98279","090300010305","CN,MN","Upper Granite River",139.33,34429.92
"98281","98281","090300091415","CN","Adams River",71.48,17663.07
"98282","98282","090300091105","CN","Northwest Dryberry Lake",120.52,29780.58
"98283","98283","090300091106","CN","Point Lake",92.73,22913.36
"98285","98285","090300011909","CN","Trail Creek-Maligne River",100.82,24912.09
"98287","98287","090300010106","CN","Titmarsh Lake",63.46,15680.79
"98288","98288","090300031209","CN","Lower Manitou Lake",287.48,71037.99
"98291","98291","090300090809","CN","Basil Lake",52.63,13004.72
"98292","98292","090300031207","CN","Rabbit Brook",64.59,15959.82
"98293","98293","090300090811","CN","Lower Rowan Lake",135.84,33567.21
"98294","98294","090300091411","CN","Snake Bay-Lake of the Woods",99.01,24464.69
"98295","98295","090300091108","CN","Central Dryberry Lake",108.55,26823.59
"98296","98296","090300091414","CN","Black River",121.76,30087.73
"98297","98297","090300091107","CN","East Dryberry Lake",107.35,26526.34
"98298","98298","090300091001","CN","Populus Lake",109.78,27126.37
"98299","98299","090300091103","CN","Work Lake",43.62,10778.06
"98300","98300","090300091204","CN","Blindfold Lake-Rushing River",85.04,21014.54
"98302","98302","090300091303","CN","Brûlé Point-Lake of the Woods",329.86,81509.33
"98303","98303","090300091422","CN","Longbow Lake",47.19,11661.49
"98336","98336","090300091104","CN","Wasp Lake",49.63,12264.73
"98337","98337","090300091301","CN","Crowduck Lake",40.93,10115.16
"98340","98340","090300011902","CN","Fred Lake",42.82,10581.04
"98341","98341","090300061002","CN,MN","Big Fork River",41.23,10189
"98342","98342","090300080401","CN","Upper Pinewood River",104.97,25939.63
"98343","98343","090300091201","CN","Viaduct Lake",40.86,10096.64
"98344","98344","090300080704","CN,MN","Gormley Creek-Rainy River",55.28,13659.37
"98345","98345","090300012602","CN,MN","Sand Point Lake",160.54,39670.55
"98373","98373","090300012005","CN","Pig Lake-Wildgoose Creek",88.36,21833.62
"98374","98374","090300011510","CN","Greenwood River",97.72,24147.63
"98375","98375","090300011607","CN","Kawnipi Lake",286.05,70683.73
"98379","98379","090300011101","CN","Isabella Lake",44.06,10887.28
"98382","98382","090300010306","CN,MN","Lower Granite River",47.87,11829.28
"98384","98384","090300011907","CN","Lower Sturgeon Lake",133.39,32960.4
"98385","98385","090300011609","CN","Russell Lake",34.51,8527.48
"98386","98386","090300011905","CN","Jean Creek",46.47,11482.37
"98426","98426","090300080502","CN,MN","Watrous Island-Rainy River",58.29,14404.11
"98428","98428","090300012206","CN","Jean Lake",70.31,17373.86
"98429","98429","090300011706","CN","French River",133.75,33049.55
"98430","98430","090300011702","CN","Little Pickerel River",40.16,9923
"98431","98431","090300011906","CN","Bentpine Creek",44.41,10973.06
"98432","98432","090300010110","CN","Sleigh Creek-Weikwabinonaw River",91.11,22514.29
"98433","98433","090300012304","CN","Tar Point-Namakan River",155.4,38399.54
"98436","98436","090300012302","CN","Wolseley Lake",84.62,20911.22
"98471","98471","090300011608","CN","Chatterton Lake",95.64,23633.06
"98474","98474","090300012303","CN","Bullmoose Creek",85.03,21011.44
"98476","98476","090300031006","CN","Sturgeon Falls-Seine River",83.7,20682.95
"98477","98477","090300080505","CN","Upper Sturgeon Creek",119.06,29419.51
"98478","98478","090300031003","CN","Banning Lake",42.61,10529.3
"98479","98479","090300031705","CN","Halfway Inlet-Rainy Lake",42.69,10547.88
"98481","98481","090300031001","CN","Perch Lake",101.25,25018.83
"98482","98482","090300080708","CN,MN","Rainy River",92.72,22911.9
"98483","98483","090300011701","CN","Elbow Lake",41.6,10279.62
"98484","98484","090300011707","CN","French Lake",97.8,24166.26
"98486","98486","090300011511","CN","Mack Creek-Wawiag River",113.41,28025.41
"98488","98488","090300031801","CN","Falls River",100.59,24857.13
"98489","98489","090300011605","CN","Lower Cache River",100.91,24934.8
"98531","98531","090300011601","CN","McKenzie Lake",107.19,26486.22
"98532","98532","090300011503","CN","Deatys Creek",116.61,28815.6
"98533","98533","090300011508","CN","Lower Obadinaw River",50.69,12525.71
"98534","98534","090300090505","CN","Marsh Lake-Little Grassy River",87.72,21675.52
"98535","98535","090300031702","CN","Christie Creek",45.1,11143.93
"98537","98537","090300080707","CN","Wilson Creek",104.29,25770.24
"98538","98538","090300080402","CN","Spruce Islands Park",93.71,23157.25
"98539","98539","090300091401","CN","McGinnis Creek",34.45,8513.4
"98540","98540","090300030803","CN","Lower Atikokan River",172.56,42640.09
"98554","98554","190103030202","AK,CN","White Pass Fork",44.67,11038.68
"98556","98556","190103020203","AK,CN","Margerie Glacier",228.39,56435.78
"98558","98558","190104060201","AK,CN","Upper Grand Plateau Glacier",79.49,19642
"98560","98560","190103030601","AK,CN","Mount Pullen-Meade Glacier",336.19,83074.1
"98561","98561","190104030101","CN","190104030101",114.49,28292.2
"98569","98569","190701040106","CN","190701040106",162.66,40194.02
"98570","98570","190701030103","CN","190701030103",97.25,24031.28
"98576","98576","042400020200","CN,MI","Lake Huron",59214.63,14632239.57
"98594","98594","190701011101","CN","190701011101",44.67,11038.68
"98598","98598","190101051504","AK,CN","Sitklan Island",38.07,9406.84
"98607","98607","190103031001","CN","190103031001",47.96,11851.66
"98761","98761","190101070602","AK,CN","Reef Point Lake-Frontal Pearse Canal",155.27,38369.11
"98766","98766","190101060104","AK,CN","Texas Creek",105.22,26001.06
"98767","98767","190101060207","AK,CN","190101060207",28.93,7148.83
"98768","98768","190101060303","CN","190101060303",128.26,31694.77
"98770","98770","190101060203","CN","190101060203",168.79,41708.08
"98771","98771","190101070801","AK,CN","Pearse Canal",75.8,18730.94
"98772","98772","190101060101","CN","Summit Lake",39.9,9859.78
"98773","98773","190101060305","CN","190101060305",155.67,38467.04
"98774","98774","190101060306","CN","190101060306",121.88,30116.45
"98775","98775","190101060206","AK,CN","190101060206",115.78,28609.16
"98776","98776","190101060302","CN","190101060302",160.51,39663.27
"98778","98778","190101070802","AK,CN","Outlet Portland Canal",409.37,101157.48
"98779","98779","190101060102","AK,CN","Mount Bayard-Salmon River",149.46,36932.56
"98780","98780","190101060103","AK,CN","Cascade River",77.35,19114.71
"98781","98781","190101060202","CN","190101060202",153.43,37912.14
"98782","98782","190101060201","CN","190101060201",119.03,29412.26
"98783","98783","190101060204","CN","190101060204",109.53,27066.01
"98784","98784","190101060205","CN","190101060205",57.84,14291.94
"98785","98785","190101060301","CN","190101060301",101.86,25168.99
"98786","98786","190101060304","CN","190101060304",70.86,17510.77
"98787","98787","190101060106","AK,CN","Fish Creek-Salmon River",106.93,26422.91
"98788","98788","190101060600","AK,CN","Sandfly Bay-Portland Canal",210.14,51927.53
"99023","99023","190705032604","CN","190705032604",56.73,14018.63
"99026","99026","190705030408","CN","190705030408",45.14,11154.39
"99032","99032","190705031303","CN","190705031303",59.03,14586.75
"99034","99034","190705030704","CN","190705030704",65.15,16099.51
"99037","99037","190705031302","CN","190705031302",52.63,13004.4
"99038","99038","190705022102","AK,CN","Liberty Fork O'Brien Creek",146,36077.52
"99040","99040","190705022307","AK,CN","Upper Clinton Creek",117.24,28969.52
"99041","99041","190705022209","AK,CN","Sam Patch Creek-Fortymile River",122.36,30234.99
"99043","99043","190705030707","CN","190705030707",80.5,19892.84
"99044","99044","190705030901","CN","190705030901",94.16,23267.52
"99046","99046","190705031402","CN","190705031402",51.13,12633.98
"99047","99047","190705050801","CN","190705050801",131.25,32431.88
"99048","99048","190705050804","CN","190705050804",146.87,36292.2
"99049","99049","190705050807","CN","190705050807",135.69,33530.55
"99050","99050","190705050204","CN","190705050204",50.29,12427.19
"99051","99051","190705050802","CN","190705050802",108.41,26789.86
"99052","99052","190705050907","CN","190705050907",73.05,18049.81
"99053","99053","190705050906","CN","190705050906",92.38,22828.41
"99054","99054","190705050803","CN","190705050803",86.82,21454.89
"99055","99055","190705050908","CN","190705050908",104.2,25747.19
"99056","99056","190705050905","CN","190705050905",75.06,18548.48
"99057","99057","190705050806","CN","190705050806",79.21,19573.48
"99058","99058","190705022208","AK,CN","South Boundary Creek",58.36,14420.36
"99059","99059","190705050805","CN","190705050805",86.18,21294.58
"99060","99060","190705050903","CN","190705050903",78.67,19439.41
"99061","99061","190705050904","CN","190705050904",122.69,30318.43
"99062","99062","190705051005","CN","190705051005",60,14826.06
"99063","99063","190705050901","CN","190705050901",92.78,22927.32
"99064","99064","190705050902","CN","190705050902",95.32,23552.92
"99065","99065","190705051008","CN","190705051008",132.07,32634.71
"99066","99066","190705051007","CN","190705051007",69.67,17214.9
"99067","99067","190705051006","CN","190705051006",115.33,28499.85
"99068","99068","190705051003","CN","190705051003",102.38,25297.97
"99069","99069","190705051004","CN","190705051004",149.26,36882.79
"99070","99070","190705051002","CN","190705051002",98.67,24381.92
"99071","99071","190705050101","CN","190705050101",120.29,29724.17
"99072","99072","190705032405","CN","190705032405",72.09,17814.47
"99073","99073","190705051001","CN","190705051001",174.02,43001.83
"99074","99074","190705050102","CN","190705050102",64.55,15951.71
"99075","99075","190705050202","CN","190705050202",116.16,28702.82
"99076","99076","190705050105","CN","190705050105",112.67,27840.6
"99077","99077","190705050203","CN","190705050203",63.25,15629.35
"99078","99078","190705050103","CN","190705050103",97.05,23982.39
"99080","99080","190705022308","CN","Lower Clinton Creek",92.91,22958.2
"99081","99081","190705050104","CN","190705050104",74.42,18390.28
"99082","99082","190705032501","CN","190705032501",92.51,22859.71
"99084","99084","190705032503","CN","190705032503",125.22,30942.92
"99085","99085","190705022302","CN","190705022302",54.34,13427.63
"99086","99086","190705050201","CN","190705050201",101.75,25143.68
"99087","99087","190705050205","CN","190705050205",50.24,12414.67
"99088","99088","190705032504","CN","190705032504",158.96,39278.72
"99089","99089","190705050207","CN","190705050207",121.81,30100.71
"99090","99090","190705022309","CN","190705022309",78.65,19435.93
"99091","99091","190705032502","CN","190705032502",93.21,23032.76
"99092","99092","190705031901","CN","190705031901",45.66,11282.08
"99093","99093","190705032606","CN","190705032606",175.3,43318.52
"99094","99094","190705031902","CN","190705031902",46.4,11464.77
"99095","99095","190705032506","CN","190705032506",54.3,13417.13
"99096","99096","190705032507","CN","190705032507",151.79,37508.9
"99097","99097","190705032401","CN","190705032401",85.23,21061.06
"99098","99098","190705032404","CN","190705032404",147.3,36398.37
"99099","99099","190705022303","CN","190705022303",135.63,33515.11
"99100","99100","190705032202","CN","190705032202",95.21,23526.09
"99101","99101","190705031904","CN","190705031904",143.34,35420.54
"99102","99102","190705032605","CN","190705032605",97.09,23991.12
"99103","99103","190705032201","CN","190705032201",135.6,33508.52
"99104","99104","190705032602","CN","190705032602",101.32,25037.52
"99105","99105","190705030406","CN","190705030406",108,26686.24
"99106","99106","190705032603","CN","190705032603",89.99,22237.97
"99107","99107","190705032002","CN","190705032002",51.52,12729.81
"99108","99108","190705030407","CN","190705030407",82.65,20422.33
"99109","99109","190705030501","CN","190705030501",72.92,18018.35
"99110","99110","190705031601","CN","190705031601",103.36,25539.86
"99111","99111","190705031906","CN","190705031906",111.76,27616.55
"99112","99112","190705032001","CN","190705032001",78.73,19455.38
"99113","99113","190705032302","CN","190705032302",103.86,25663.27
"99114","99114","190705032003","CN","190705032003",114.53,28301.98
"99115","99115","190705030404","AK,CN","Bedrock Creek-Sixty Mile River",105.93,26176.21
"99116","99116","190705030405","CN","190705030405",76.4,18878.88
"99117","99117","190705030502","CN","190705030502",60.99,15071.29
"99118","99118","190705032304","CN","190705032304",126.24,31193.39
"99119","99119","190705030503","CN","190705030503",76.78,18973.61
"99120","99120","190705030403","AK,CN","Pat Murphy Creek-Sixty Mile River",100.95,24944.63
"99121","99121","190705032601","CN","190705032601",58.64,14489.39
"99122","99122","190705032102","CN","190705032102",84.73,20936.09
"99123","99123","190705031603","CN","190705031603",140.28,34664.35
"99124","99124","190705031804","CN","190705031804",113.14,27958.59
"99125","99125","190705030409","CN","190705030409",60.52,14953.64
"99126","99126","190705032303","CN","190705032303",122.88,30363.32
"99127","99127","190705030702","CN","190705030702",111.33,27510.81
"99128","99128","190705031602","CN","190705031602",60.78,15019.3
"99129","99129","190705031905","CN","190705031905",115.33,28497.55
"99130","99130","190705032301","CN","190705032301",103.14,25487.02
"99131","99131","190705030701","CN","190705030701",152.56,37698.3
"99132","99132","190705030703","CN","190705030703",104.81,25899.17
"99133","99133","190705031605","CN","190705031605",119.41,29506.05
"99135","99135","190705030601","CN","190705030601",134.38,33205.01
"99136","99136","190705031803","CN","190705031803",161.92,40012.3
"99137","99137","190705032101","CN","190705032101",114.8,28367.76
"99138","99138","190705031604","CN","190705031604",53.43,13202.71
"99139","99139","190705030602","CN","190705030602",138.9,34324.02
"99140","99140","190705031705","CN","190705031705",128.16,31668.9
"99141","99141","190705030705","CN","190705030705",80.45,19879.04
"99142","99142","190705031801","CN","190705031801",79.25,19582.73
"99143","99143","190705031802","CN","190705031802",51.94,12834.62
"99144","99144","190705030603","CN","190705030603",156.72,38726.69
"99145","99145","190705031706","CN","190705031706",106.93,26423.22
"99147","99147","190705030706","CN","190705030706",134.22,33167.49
"99148","99148","190705031703","CN","190705031703",72.01,17792.89
"99149","99149","190705030102","CN","190705030102",98.43,24321.71
"99150","99150","190705030808","CN","190705030808",135.53,33490.32
"99151","99151","190705030806","CN","190705030806",83.48,20628.36
"99153","99153","190705030805","CN","190705030805",103.37,25543.88
"99154","99154","190705031701","CN","190705031701",98.13,24249.29
"99155","99155","190705031704","CN","190705031704",158.86,39255.06
"99156","99156","190705031702","CN","190705031702",73.59,18184.72
"99158","99158","190705030803","CN","190705030803",78.74,19456.48
"99159","99159","190705031508","CN","190705031508",58.81,14531.42
"99161","99161","190705030807","CN","190705030807",105.55,26081.96
"99162","99162","190705031001","CN","190705031001",66.42,16413.67
"99163","99163","190705031408","CN","190705031408",62.22,15374.08
"99164","99164","190705031002","CN","190705031002",127.22,31437.44
"99165","99165","190705031409","CN","190705031409",152.92,37788.26
"99166","99166","190705030804","CN","190705030804",141.31,34917.36
"99168","99168","190705031509","CN","190705031509",231.69,57251.15
"99169","99169","190705030903","CN","190705030903",81.92,20243.59
"99170","99170","190705031407","CN","190705031407",125.32,30966.65
"99171","99171","190705031506","CN","190705031506",48.85,12072.11
"99173","99173","190705031405","CN","190705031405",156.15,38584.87
"99174","99174","190705030904","CN","190705030904",43.57,10767.08
"99176","99176","190705030802","CN","190705030802",76.83,18984.71
"99177","99177","190705031507","CN","190705031507",145.8,36028.77
"99179","99179","190705031004","CN","190705031004",155.35,38387.11
"99180","99180","190705031206","CN","190705031206",141.07,34858.23
"99181","99181","190705031201","CN","190705031201",146.47,36193.6
"99182","99182","190705030902","CN","190705030902",76.68,18949.22
"99183","99183","190705030801","CN","190705030801",124.9,30864.28
"99184","99184","190705030101","CN","190705030101",72.66,17955.81
"99185","99185","190705031406","CN","190705031406",142.22,35143.44
"99186","99186","190705031003","CN","190705031003",52.76,13036.78
"99187","99187","190705031404","CN","190705031404",113.71,28098.32
"99188","99188","190705031202","CN","190705031202",46.27,11432.56
"99189","99189","190705031505","CN","190705031505",42.69,10549.01
"99190","99190","190705030301","CN","190705030301",143.18,35381.34
"99191","99191","190705031504","CN","190705031504",114.21,28220.81
"99192","99192","190705031204","CN","190705031204",61.86,15285.61
"99193","99193","190705031503","CN","190705031503",56.22,13891.28
"99194","99194","190705031403","CN","190705031403",144.58,35725.77
"99195","99195","190705030302","CN","190705030302",127.54,31515.4
"99197","99197","190705031207","CN","190705031207",105.33,26027.17
"99198","99198","190705030202","CN","190705030202",68.37,16893.8
"99200","99200","190705031203","CN","190705031203",61.5,15196.3
"99201","99201","190705030203","CN","190705030203",29.8,7364.76
"99202","99202","190705031301","CN","190705031301",131.75,32556.92
"99203","99203","190705031502","CN","190705031502",230.03,56842.58
"99204","99204","190705031104","CN","190705031104",49.04,12116.81
"99205","99205","190705030201","CN","190705030201",97.17,24011.95
"99206","99206","190705031205","CN","190705031205",39.77,9826.71
"99207","99207","190705031401","CN","190705031401",122.8,30343.81
"99208","99208","190705031103","CN","190705031103",75.94,18765.13
"99209","99209","190705031501","CN","190705031501",73.05,18052.01
"99210","99210","190705030103","CN","190705030103",159.66,39451.58
"99211","99211","190705031101","CN","190705031101",145.59,35977.15
"99212","99212","190705031102","CN","190705031102",68.88,17021.5
"99228","99228","190705030402","AK,CN","Headwaters Sixty Mile River",141.03,34848.73
"99232","99232","190705021902","AK,CN","Twelvemile Creek-Walker Fork",155.71,38477.18
"99234","99234","190705022205","AK,CN","Canyon Creek",151.33,37395.04
"99280","99280","190705022304","CN","190705022304",163,40278.77
"99281","99281","190705022306","CN","190705022306",64.81,16014.84
"99282","99282","190705032505","CN","190705032505",130.83,32329.02
"99283","99283","190705022305","CN","190705022305",41.13,10163.88
"99284","99284","190705032402","CN","190705032402",64.7,15986.55
"99285","99285","190705022301","CN","190705022301",166.36,41108.26
"99286","99286","190705050206","CN","190705050206",152.23,37616.27
"99288","99288","190705022207","AK,CN","Moose Creek",132.13,32649.61
"99289","99289","190705032403","CN","190705032403",152.34,37644.7
"99290","99290","190705031903","CN","190705031903",94.46,23341.06
"99297","99297","190705022206","AK,CN","Smith Creek",73.65,18199.58
"99312","99312","190705050303","CN","190705050303-Yukon River",154.67,38220.75
"99313","99313","190705051303","AK,CN","Shade Creek-Yukon River",52.58,12992.62
"99314","99314","190705051104","CN","190705051104",91.8,22683.93
"99316","99316","190705050301","CN","Shell Creek",52.3,12924.28
"99319","99319","190705050302","CN","Cliff Creek-Yukon River",180.39,44575.47
"99324","99324","190705051201","CN","190705051201",119.41,29506.21
"99325","99325","190705051302","AK,CN","Last Chance Creek",46.27,11434.36
"99326","99326","190705051205","CN","190705051205-Tatonduk River",99.29,24534.9
"99327","99327","190705050402","CN","Upper Eagle Creek",61.97,15312.89
"99328","99328","190705051203","CN","190705051203",105.16,25986.56
"99329","99329","190705051102","CN","190705051102",78.6,19422.64
"99333","99333","190705050401","CN","Headwaters Eagle Creek",104.67,25863.84
"99339","99339","190705050405","AK,CN","Lower Eagle Creek",149.54,36951.32
"99340","99340","190705051301","AK,CN","Buckeye Creek-Yukon River",117.03,28917.86
"99342","99342","190705051206","AK,CN","Funnel Creek-Tatonduk River",87.28,21568.29
"99344","99344","190705050404","CN","Middle Eagle Creek",96.55,23858.3
"99349","99349","190705051106","AK,CN","McCann Hill",56.01,13840.29
"99350","99350","190705050403","CN","190705050403",132.02,32623.98
"99351","99351","190705051101","CN","190705051101",82.52,20390.13
"99352","99352","190705050305","AK,CN","190705050305-Yukon River",144.83,35789.18
"99354","99354","190705051304","AK,CN","Ford Lake-Yukon River",102.35,25291.35
"99355","99355","190705051103","CN","190705051103",113.08,27942.67
"99359","99359","190705050307","AK,CN","Cuban Gulch-Yukon River",68.94,17035.49
"99361","99361","190705051105","CN","190705051105",70.01,17299.36
"99363","99363","190705051202","CN","190705051202",46.3,11442.01
"99368","99368","190705051204","CN","190705051204",81.85,20225.28
"99373","99373","190705050306","AK,CN","Boundary Creek",93.82,23183.41
"99376","99376","190705050304","AK,CN","190705050304-Yukon River",105.63,26102.82
"99382","99382","190705060206","CN","Upper Jungle Creek",120.15,29690.78
"99383","99383","190705060208","CN","Upper Ettrain Creek",140.34,34679.79
"99384","99384","190704031603","CN","190704031603",67.26,16620.19
"99385","99385","190705060303","AK,CN","Harrington Creek-Hard Luck Creek",152.78,37751.76
"99386","99386","190704031001","AK,CN","Headwaters North Ladue River",99.75,24649.58
"99387","99387","190704031602","CN","190704031602",155.56,38440.07
"99388","99388","190704031501","CN","190704031501",133.71,33039.39
"99389","99389","190704031003","CN","190704031003",78.22,19327.86
"99390","99390","190704031004","CN","190704031004",87.14,21531.9
"99770","99770","190704021101","CN","190704021101",101.3,25032.23
"99772","99772","190704020704","CN","190704020704",68.69,16972.75
"99774","99774","190704021803","CN","190704021803",131.57,32510.56
"99776","99776","190704022202","CN","190704022202",69.71,17225
"99783","99783","190704022002","CN","190704022002",59.13,14611.88
"99787","99787","190704022008","CN","190704022008",101.91,25183.58
"99790","99790","190704022204","CN","190704022204",48.71,12036.77
"99791","99791","190803010608","AK,CN","Little Scottie Creek",82.08,20283.58
"99792","99792","190704022005","CN","190704022005",70.48,17416.05
"99793","99793","190704021106","CN","190704021106",70.87,17513.15
"99797","99797","190704022205","CN","190704022205",294.88,72865.41
"99799","99799","190704021005","CN","190704021005",95.11,23503.17
"99800","99800","190704020604","AK,CN","190704020604",77.77,19218.35
"99802","99802","190803010609","AK,CN","Desper Creek",133.78,33057.11
"99807","99807","190803010505","AK,CN","190803010505-Scottie Creek",147.1,36349.41
"99810","99810","190704021102","CN","190704021102",105.81,26147.07
"99812","99812","190803010611","AK,CN","Outlet Scottie Creek",290.48,71779.84
"99813","99813","190704021804","CN","Outlet Beaver Creek",94.83,23433.61
"99814","99814","190704021204","CN","190704021204",114.02,28174.14
"99825","99825","190704021001","AK,CN","190704021001",139.98,34590.53
"99826","99826","190704022201","CN","190704022201",88.83,21950.59
"99828","99828","190704021703","AK,CN","Baultoff Creek",136.45,33716.37
"99829","99829","190704020501","AK,CN","Kletsan Creek",105.9,26167.6
"99833","99833","190704021505","AK,CN","Outlet Ptarmigan Creek",42.67,10543.11
"99835","99835","190704021802","AK,CN","190704021802",119.85,29615.88
"99837","99837","190704021801","AK,CN","Ivereson Creek-Beaver Creek",137.7,34026.63
"99838","99838","190704021504","AK,CN","Rocker Creek",42.01,10379.67
"99842","99842","190704020503","CN","190704020503",86.22,21305.81
"99844","99844","190704021003","CN","190704021003",125.46,31001.26
"99849","99849","190704020903","CN","190704020903",84.47,20872.57
"99851","99851","190704021202","CN","190704021202",119.24,29463.97
"99854","99854","190704020802","CN","190704020802",115.76,28604.2
"99857","99857","190704022004","CN","190704022004",78.94,19505.62
"99858","99858","190803010501","AK,CN","Yellow Water Creek",97.28,24038.69
"99859","99859","190704021203","CN","190704021203",52.03,12857.26
"99863","99863","190704021902","CN","190704021902",76.52,18908.37
"99869","99869","190704020506","CN","190704020506",120.67,29817.06
"99870","99870","190704021704","AK,CN","Fourmile Creek",40.53,10016.15
"99871","99871","190704021302","CN","190704021302",71.05,17555.95
"99872","99872","190704020703","CN","190704020703",78.47,19390.89
"99873","99873","190704021105","CN","190704021105",43.62,10777.79
"99875","99875","190704020607","AK,CN","190704020607-Nesham Glacier",176.63,43645.96
"99879","99879","190704020502","AK,CN","Cache Creek",50.17,12396.95
"99882","99882","190704022101","CN","190704022101",110.37,27273.19
"99889","99889","190803010605","CN","190803010605",111.64,27588
"99890","99890","190704022203","CN","190704022203",43.39,10722.22
"99892","99892","190704021301","CN","190704021301",113.52,28051.6
"99895","99895","190704020803","CN","190704020803",78.69,19443.85
"99896","99896","190704022001","CN","190704022001",132.81,32816.88
"99897","99897","190803010707","AK,CN","Headwaters Mirror Creek",109.48,27051.99
"99899","99899","190704020504","AK,CN","190704020504",126.82,31336.75
"99900","99900","190803010602","CN","190803010602",57.25,14147.42
"99901","99901","190704020902","CN","190704020902",106.72,26371.41
"99902","99902","190704020904","CN","190704020904",81.73,20196.33
"99903","99903","190803010604","CN","190803010604",144.79,35777.52
"99904","99904","190803010502","AK,CN","Headwaters Scottie Creek",87.67,21662.74
"99907","99907","190704021303","CN","190704021303",66.08,16327.66
"99908","99908","190704021004","CN","190704021004",49.04,12119.09
"99909","99909","190704020905","CN","190704020905",44.35,10959.02
"99910","99910","190704020801","CN","190704020801",162.85,40241.33
"99911","99911","190704020907","CN","190704020907",89.43,22098.84
"99930","99930","190704022102","CN","190704022102",149.28,36887.3
"99933","99933","190704020804","CN","190704020804",116.13,28695.37
"99936","99936","190704021104","CN","190704021104",104.27,25766.88
"99937","99937","190704022006","CN","190704022006",255.13,63044.11
"99938","99938","190704021205","CN","190704021205",147.53,36456.55
"99939","99939","190704021407","AK,CN","Cottonwood Creek",98.22,24271.11
"99944","99944","190704020908","CN","190704020908",107.47,26556.79
"99947","99947","190704020906","CN","190704020906",52.46,12963
"99948","99948","190704021705","AK,CN","190704021705-Beaver Creek",149.47,36934.25
"99949","99949","190704021901","AK,CN","190704021901-Snag Creek",159.69,39460.84
"99951","99951","190704021701","CN","190704021701",123.71,30568.81
"99953","99953","190803010504","CN","190803010504",151.6,37461.31
"99954","99954","190704021002","CN","190704021002",57.2,14133.32
"99957","99957","190803010603","CN","190803010603",94.38,23321.01
"99963","99963","190704020608","AK,CN","190704020608-Klutlan Glacier",336.47,83142.57
"99970","99970","190704020702","CN","190704020702",75.42,18635.71
"99971","99971","190704021206","CN","190704021206",64.22,15868.48
"99972","99972","190704021201","CN","190704021201",147.12,36354.85
"99976","99976","190704020901","CN","190704020901",67.15,16593.55
"99978","99978","190704021904","CN","190704021904",176.28,43560.12
"99982","99982","190704022007","CN","190704022007",85.79,21200.01
"99984","99984","190704020701","CN","190704020701",81.36,20105.18
"99988","99988","190704022003","CN","190704022003",58.85,14541.94
"99989","99989","190704020909","CN","190704020909",256.91,63483.42
"100000","100000","190704020505","AK,CN","190704020505",55.62,13744.15
"100002","100002","190704020805","CN","190704020805",154.74,38238.26
"100003","100003","190803010601","AK,CN","190803010601",77.84,19234.67
"100009","100009","190704022103","CN","190704022103",50.25,12417.55
"100011","100011","190704020806","CN","190704020806",63.19,15614.7
"100012","100012","190704021103","CN","190704021103",100.61,24861.7
"100018","100018","190704021903","CN","190704021903",72.92,18018.49
"100174","100174","190803010606","CN","190803010606",122.55,30283.34
"100222","100222","190803010607","CN","190803010607",169.24,41819.84
"101253","101253","190605060610","CN","190605060610",58,14332.78
"101254","101254","190605061104","CN","190605061104",58.55,14466.78
"101255","101255","190605050603","CN","190605050603",65.7,16235.48
"101257","101257","190605061303","CN","190605061303",60.44,14934.38
"101258","101258","190605060902","CN","190605060902",81.33,20096.39
"101259","101259","190801031608","CN","Outlet Little Flat Creek",141.12,34870.37
"101260","101260","190605060602","CN","190605060602",100.66,24873.28
"101261","101261","190605060301","CN","190605060301",111.98,27671.17
"101262","101262","190605060603","CN","190605060603",88.43,21850.66
"101263","101263","190605061302","CN","190605061302",49.79,12304.48
"101264","101264","190605060703","CN","190605060703",89.07,22010.86
"101265","101265","190801031003","CN","190801031003",126.33,31218.01
"101266","101266","190801031401","CN","190801031401",102.82,25407.11
"101267","101267","190801031901","CN","Upper Schaeffer Creek",78.37,19365.71
"101268","101268","190801032006","CN","190801032006",72.01,17793.23
"101269","101269","190605040403","CN","Lower Fish Creek",123.43,30499.01
"101271","101271","190605061201","CN","190605061201",99.86,24676.44
"101272","101272","190605060801","CN","190605060801",125.9,31111.67
"101273","101273","190605060905","CN","190605060905",71.39,17640.42
"101275","101275","190605060303","CN","190605060303",98.32,24294.68
"101276","101276","190605060307","CN","190605060307",60.54,14960.73
"101278","101278","190801031801","CN","190801031801",102.26,25270.03
"101280","101280","190801030102","AK,CN","Headwaters Ammerman Creek",108.32,26767.48
"101283","101283","190605040307","AK,CN","Outlet Clarence River",110.33,27262.88
"101284","101284","190605061801","CN","190605061801",102.29,25276
"101293","101293","190605061105","CN","190605061105",76.07,18797.19
"101297","101297","190801031507","CN","190801031507-Johnson Creek",123.55,30529.57
"101299","101299","190605060701","CN","190605060701",98.98,24458.93
"101300","101300","190605050403","CN","190605050403",66.33,16389.3
"101302","101302","190801031101","CN","190801031101-Black Fox Creek",89.25,22054.98
"101304","101304","190605060304","CN","190605060304",48.46,11973.59
"101305","101305","190605050310","CN","190605050210-Firth River",91.1,22512.08
"101311","101311","190605061503","CN","190605061503",125.75,31074.69
"101312","101312","190605040301","AK,CN","Headwaters Clarence River",122.14,30182.37
"101313","101313","190605060609","CN","190605060609",63.44,15675.95
"101315","101315","190605050405","CN","190605050405",93.46,23094.84
"101317","101317","190605050306","CN","190605050306",44.66,11035.84
"101318","101318","190801031303","CN","190801031303",187.47,46325.3
"101322","101322","190605061506","CN","190605061506",85.88,21221.1
"101323","101323","190801031403","CN","190801031403",113.21,27975.83
"101324","101324","190801030504","AK,CN","190801030504",100.62,24864.39
"101327","101327","190605050307","AK,CN","190605050307",63.31,15644.62
"101329","101329","190605050802","CN","190605050802",78.39,19369.64
"101330","101330","190605061203","CN","190605061203",103.58,25595.26
"101331","101331","190801031902","CN","Middle Schaeffer Creek",100.18,24753.9
"101332","101332","190605061802","CN","190605061802",64.75,15998.84
"101336","101336","190801031603","CN","190801031603",84.36,20846.04
"101339","101339","190801031001","CN","Upper Dog Creek",90.24,22297.64
"101340","101340","190605050309","CN","190605050309",40.47,10001.55
"101344","101344","190801031505","CN","190801031505-Johnson Creek",91.57,22626.24
"101346","101346","190605060103","CN","190605060103",85,21003.94
"101349","101349","190605060611","CN","190605060611",110.49,27303.03
"101350","101350","190605060503","CN","190605060503",135.35,33446.79
"101351","101351","190801031102","CN","190801031102-Black Fox Creek",104.31,25774.7
"101356","101356","190605060612","CN","190605060612",70.51,17424.51
"101358","101358","190605061804","CN","190605061804",111.13,27461.99
"101359","101359","190605060101","CN","190605060101",109.19,26981.81
"101360","101360","190605061701","CN","190605061701",116.06,28680.19
"101362","101362","190605050604","CN","190605050604",50.04,12365.5
"101363","101363","190605050402","CN","190605050402",75.06,18547.98
"101365","101365","190605061501","CN","190605061501",146.08,36096.66
"101367","101367","190801030407","AK,CN","190801030407-Old Crow River",148.86,36783.68
"101368","101368","190605060105","CN","190605060105",66.58,16452.57
"101369","101369","190605050308","AK,CN","190605050308-Firth River",155.16,38340.75
"101372","101372","190605060401","CN","190605060401",90.86,22452.64
"101376","101376","190801030907","CN","190801030907-Old Crow River",141.82,35044.15
"101377","101377","190605061505","CN","190605061505",101.54,25091.23
"101378","101378","190605060901","CN","190605060901",84.57,20896.87
"101379","101379","190801031604","CN","190801031604",158.37,39132.97
"101380","101380","190605050801","CN","190605050801",97.61,24119.06
"101381","101381","190605050605","CN","190605050605",67.11,16582.7
"101383","101383","190801032001","CN","190801032001",90.38,22334.1
"101389","101389","190801030205","AK,CN","Outlet Bilwaddy Creek",158.96,39278.89
"101390","101390","190801030503","AK,CN","Middle Potato Creek",133.41,32966.47
"101391","101391","190801031703","CN","190801031703",74.48,18403.71
"101394","101394","190605050504","AK,CN","190605050504",96.14,23756.26
"101395","101395","190801031607","CN","190801031607",106.57,26334.64
"101397","101397","190605061307","CN","190605061307",118.48,29276.03
"101398","101398","190801031601","CN","Headwaters Little Flat Creek",161.27,39849.48
"101399","101399","190605060403","CN","190605060403",116.16,28703.19
"101403","101403","190801032004","CN","190801032004",62.44,15429.75
"101404","101404","190605040107","CN","190605040107",74.99,18530.45
"101408","101408","190605061509","CN","190605061509",105.13,25977.58
"101409","101409","190605061705","CN","190605061705",43.57,10766.15
"101410","101410","190605061306","CN","190605061306",56.05,13850.53
"101411","101411","190605050401","CN","190605050401",68.91,17028.46
"101413","101413","190801030703","CN","190801030703",81.76,20204.47
"101414","101414","190605061002","CN","190605061002",122.31,30223.49
"101415","101415","190605061900","CN","190605061900",4836.19,1195048.45
"101421","101421","190801030901","CN","190801030901",120.84,29859.17
"101423","101423","190801032003","CN","190801032003",93.19,23027.27
"101424","101424","190605060402","CN","190605060402",112.69,27845.81
"101426","101426","190801030707","CN","190801030707",102.29,25276.32
"101428","101428","190605050701","CN","190605050701",119.67,29570.8
"101429","101429","190605050706","CN","190605050706",153.33,37889.03
"101433","101433","190801031406","CN","190801031406",66.98,16552.05
"101435","101435","190605040402","CN","Upper Fish Creek",112.26,27741.19
"101437","101437","190605061004","CN","190605061004",123.55,30529.34
"101439","101439","190801031501","CN","190801031501-Johnson Creek",106.46,26307.63
"101440","101440","190801031402","CN","190801031402",128.39,31724.69
"101443","101443","190605061311","CN","190605061311",104.19,25744.92
"101445","101445","190801030604","CN","190801030604",52.14,12883.27
"101446","101446","190801030708","CN","190801030708-Timber Creek",140.23,34651.4
"101447","101447","190605061308","CN","190605061308",78.1,19298.36
"101448","101448","190605061202","CN","190605061202",65.45,16173.62
"101449","101449","190605040110","CN","1906050401010",67.93,16786.66
"101452","101452","190801031502","CN","190801031502",80.79,19962.55
"101453","101453","190605050305","AK,CN","You Creek",46.21,11418.35
"101454","101454","190605050606","CN","190605050606",133.09,32887.78
"101459","101459","190605060906","CN","190605060906",65.03,16068.94
"101461","101461","190605061703","CN","190605061703",70.79,17491.61
"101463","101463","190605050506","AK,CN","Park Peak",114.5,28292.59
"101465","101465","190605050805","CN","190605050805",81.5,20138.14
"101467","101467","190605040111","CN","190605040111-Malcolm River",115.27,28482.99
"101468","101468","190605050705","CN","190605050705",87.77,21688.67
"101469","101469","190605050404","CN","190605050404",172.23,42557.95
"101470","101470","190801031903","CN","Lower Schaeffer Creek",907.78,224317.03
"101476","101476","190605061507","CN","190605061507",87.18,21542.82
"101477","101477","190801030501","AK,CN","Upper Potato Creek",126.52,31263.11
"101478","101478","190605061205","CN","190605061205",105.17,25988.54
"101479","101479","190605040101","AK,CN","Headwaters Malcolm River",80.94,20001.51
"101480","101480","190605061005","CN","190605061005",125.69,31058.69
"101481","101481","190605061204","CN","190605061204",77.72,19205.4
"101484","101484","190605061602","CN","190605061602",63.49,15687.56
"101486","101486","190605060608","CN","190605060608",64.52,15942.89
"101490","101490","190605040106","CN","190605040106-Malcolm River",93.1,23006
"101493","101493","190801030805","CN","190801030805-Timber Creek",164.07,40542.96
"101498","101498","190801030803","CN","190801030803",56.59,13984.33
"101499","101499","190801030505","CN","Lower Potato Creek",90.73,22419.14
"101500","101500","190605050601","CN","190605050601",51.71,12776.77
"101501","101501","190801031204","CN","190801031204-Black Fox Creek",171.86,42466.26
"101502","101502","190605061504","CN","190605061504",66.76,16497.96
"101504","101504","190605060205","CN","190605060205",64.88,16031.81
"101507","101507","190605040406","CN","Backhouse River",87.32,21576.54
"101508","101508","190801030702","CN","190801030702",88.09,21767.51
"101509","101509","190605050208","AK,CN","Boulevard Creek",126.63,31290.44
"101512","101512","190801030802","CN","190801030802",51.92,12829.5
"101514","101514","190605040401","CN","190605040401",57.57,14225.18
"101515","101515","190801031404","CN","190801031404",161.53,39915.11
"101517","101517","190605061101","CN","190605061101",79.63,19678.19
"101518","101518","190801030306","CN","Middle Thomas Creek",115.78,28610.56
"101519","101519","190801031606","CN","190801031606",149.59,36963.66
"101520","101520","190605040405","CN","190605040405",46.58,11510.36
"101522","101522","190605050806","CN","190605050806",87.02,21504.15
"101523","101523","190605061702","CN","190605061702",107.13,26472.1
"101524","101524","190605040305","AK,CN","Craig Creek",123.56,30533.48
"101526","101526","190605061402","CN","190605061402",59.5,14701.94
"101529","101529","190605060803","CN","190605060803",114.61,28321.71
"101530","101530","190605050803","CN","190605050803",86.77,21442.54
"101533","101533","190605040303","AK,CN","190605040303",64.76,16003.38
"101535","101535","190801031506","CN","190801031506",135.83,33563.78
"101536","101536","190801030502","AK,CN","Fish Creek",87.77,21688.12
"101537","101537","190605061301","CN","190605061301",152.97,37799.72
"101538","101538","190801030603","CN","Upper Suprise Creek",88.15,21783.27
"101540","101540","190801031002","CN","190801031002",76.88,18996.21
"101541","101541","190605061401","CN","190605061401",124.76,30828.83
"101542","101542","190605060802","CN","190605060802",123.23,30451.15
"101544","101544","190605061209","CN","190605061209",73.78,18232.4
"101545","101545","190801030701","CN","190801030701-Timber Creek",125.02,30893.21
"101547","101547","190801031803","CN","190801031803",166.65,41181.23
"101549","101549","190801030801","CN","190801030801-Timber Creek",82.53,20392.54
"101551","101551","190605040108","CN","190605040108-Malcolm River",97.58,24112.35
"101553","101553","190801031704","CN","190801031704-Johnson Creek",132.72,32796.7
"101556","101556","190605050503","AK,CN","190605050503-Joe Creek",84.41,20857.29
"101558","101558","190605061006","CN","190605061006",99.53,24593.26
"101559","101559","190605061309","CN","190605061309",102.41,25307.22
"101563","101563","190605061603","CN","190605061603",70.96,17534.07
"101564","101564","190801031503","CN","190801031503-Johnson Creek",79.46,19634.13
"101565","101565","190605050804","CN","190605050804",83.64,20668.64
"101567","101567","190801030602","CN","190801030602",70.59,17444.01
"101569","101569","190801031602","CN","190801031602",67.57,16698.09
"101571","101571","190605060102","CN","190605060102",49.6,12256.12
"101572","101572","190801031202","CN","190801031202",167.39,41363.02
"101573","101573","190801030903","CN","190801030903-Old Crow River",109.26,26998.35
"101574","101574","190605060203","CN","190605060203",153.11,37833.83
"101575","101575","190605060201","CN","190605060201",154.13,38085.11
"101576","101576","190605061207","CN","190605061207",85.67,21170.28
"101577","101577","190605061003","CN","190605061003",111.55,27564.85
"101578","101578","190605060607","CN","190605060607",46.66,11530.15
"101580","101580","190801030904","CN","190801030904",124.59,30788.04
"101582","101582","190801032002","CN","190801032002",78.32,19354.17
"101583","101583","190801031706","CN","190801031706-Johnson Creek",107.56,26579.58
"101584","101584","190605050602","CN","190605050602",105.29,26016.51
"101585","101585","190605060804","CN","190605060804",49.8,12306.01
"101586","101586","190605050304","AK,CN","190605050304-Firth River",194.44,48046.45
"101588","101588","190801031306","CN","190801031306-Black Fox Creek",95.07,23493.12
"101589","101589","190801032007","CN","190801032007-Old Crow River",120.9,29873.81
"101590","101590","190801032005","CN","190801032005-Old Crow River",144.32,35661.47
"101591","101591","190801030303","CN","190801030303",71.41,17644.75
"101593","101593","190605061403","CN","190605061403",55.73,13772.35
"101594","101594","190801031701","CN","190801031701",211.57,52279.69
"101595","101595","190801030705","CN","190801030705",171.36,42344.89
"101596","101596","190801031203","CN","190801031203",62.48,15438.42
"101597","101597","190605060605","CN","190605060605",193.66,47855.56
"101598","101598","190605061304","CN","190605061304",99.21,24516.07
"101599","101599","190605060502","CN","190605060502",96.11,23749.01
"101600","101600","190605061206","CN","190605061206",122.21,30198.02
"101601","101601","190801030302","CN","190801030302",112.71,27851.3
"101604","101604","190801030406","AK,CN","190801030406",63.54,15701.67
"101606","101606","190801030304","CN","Upper Thomas Creek",69.41,17151.54
"101607","101607","190801031103","CN","190801031103-Black Fox Creek",120.3,29726.5
"101610","101610","190605050900","CN","190605050900",183.58,45363.06
"101611","101611","190605060904","CN","190605060904",65.52,16190.51
"101615","101615","190605060606","CN","190605060606",112.75,27861.1
"101616","101616","190605061502","CN","190605061502",48.78,12054.89
"101617","101617","190605040304","CN","190605040304",133.48,32984.22
"101618","101618","190605060805","CN","190605060805",87.11,21524.55
"101619","101619","190801031802","CN","190801031802",177.36,43827.19
"101621","101621","190605060504","CN","190605060504",65.48,16180.69
"101624","101624","190605050703","CN","190605050703",106.8,26391.68
"101626","101626","190801031004","CN","Lower Dog Creek",95.07,23492.25
"101627","101627","190605050707","CN","190605050707",97.2,24017.5
"101628","101628","190605061405","CN","190605061405",40.41,9986.07
"101629","101629","190801031305","CN","190801031305",74.32,18365.17
"101630","101630","190605040105","CN","190605040105-Malcolm River",102.14,25238.17
"101631","101631","190801031804","CN","190801031804-Old Crow River",187.4,46307.11
"101632","101632","190605060305","CN","190605060305",51.53,12732.61
"101633","101633","190605040407","AK,CN","190605040407-Frontal Beaufort Sea",1828.46,451822.15
"101634","101634","190605040109","CN","190605040109-Malcolm River",105.89,26164.9
"101635","101635","190605061310","CN","190605061310",57.08,14105.57
"101637","101637","190801030905","CN","190801030905",152.72,37737.02
"101639","101639","190605061407","CN","190605061407",137.99,34097.38
"101640","101640","190605060903","CN","190605060903",74.96,18522.17
"101641","101641","190801030906","CN","190801030906-Old Crow River",170.38,42102.52
"101642","101642","190605040104","CN","190605040104-Malcolm River",68.48,16922.97
"101647","101647","190605060601","CN","190605060601",59.49,14700.21
"101648","101648","190605060501","CN","190605060501",68.38,16897.18
"101649","101649","190605061803","CN","190605061803",75.87,18747.49
"101652","101652","190801030601","AK,CN","190801030601",103.51,25578.09
"101653","101653","190801031405","CN","190801031405",177.16,43777.06
"101655","101655","190801031605","CN","190801031605",105,25945.47
"101658","101658","190605061508","CN","190605061508",98.85,24427.13
"101659","101659","190605061305","CN","190605061305",84.2,20805.86
"101660","101660","190801030305","CN","190801030305",53,13096.84
"101661","101661","190801030704","CN","190801030704",59.39,14676.31
"101662","101662","190801030308","CN","Outlet Thomas Creek",89.78,22183.9
"101663","101663","190605060702","CN","190605060702",51.18,12646.39
"101664","101664","190801031304","CN","190801031304",77.04,19037.12
"101665","101665","190801030405","AK,CN","Ammerman Mountain-Old Crow River",144.11,35611.14
"101666","101666","190605061102","CN","190605061102",60.92,15053.55
"101667","101667","190801030605","CN","Lower Suprise Creek",426.16,105305.49
"101669","101669","190605050505","AK,CN","Headwaters Aspen Creek",122.91,30371.16
"101672","101672","190605050708","CN","190605050708",162.62,40184.38
"101676","101676","190605050704","CN","190605050704",149.77,37008.97
"101678","101678","190605060202","CN","190605060202",44.01,10875.68
"101686","101686","190605040200","CN","Malcolm River-Frontal Beaufort Sea",281.12,69466.13
"101687","101687","190605061406","CN","190605061406",96.36,23811.84
"101688","101688","190605050507","CN","Outlet Aspen Creek",80.08,19788.71
"101689","101689","190605061704","CN","190605061704",88.98,21987.93
"101691","101691","190605050406","CN","190605050406",128.07,31647.22
"101694","101694","190801031201","CN","190801031201",96.83,23927.74
"101695","101695","190605060104","CN","190605060104",106.27,26259.39
"101697","101697","190605060204","CN","190605060204",109.07,26952.1
"101702","101702","190605050508","CN","Outlet Joe Creek",102.25,25265.77
"101704","101704","190605040404","CN","190605040404",61.82,15276.31
"101705","101705","190801031407","CN","190801031407",167.87,41482.44
"101707","101707","190801030101","AK,CN","190801030101",127.92,31608.67
"101710","101710","190801031702","CN","190801031702",174.35,43083.77
"101715","101715","190801031301","CN","190801031301-Black Fox Creek",106.72,26370.61
"101716","101716","190801031705","CN","190801031705",239.27,59124.48
"101720","101720","190605040102","AK,CN","190605040102-Malcolm River",83.41,20611.88
"101721","101721","190605060604","CN","190605060604",81.68,20184.45
"101722","101722","190605061706","CN","190605061706",49.08,12128.84
"101723","101723","190801030804","CN","190801030804",202.68,50082.49
"101724","101724","190605060404","CN","190605060404",86.98,21492.41
"101726","101726","190605040103","CN","190605040103",50.51,12481.15
"101727","101727","190605061103","CN","190605061103",110.27,27248.22
"101730","101730","190605060302","CN","190605060302",120.67,29817.51
"101735","101735","190801030301","CN","Headwaters Thomas Creek",99.35,24549.11
"101737","101737","190605061008","CN","190605061008",139.93,34576.49
"101739","101739","190605050210","AK,CN","Outlet Mancha Creek",75.54,18667.45
"101740","101740","190605050702","CN","190605050702",81.64,20173.39
"101743","101743","190605061208","CN","190605061208",50.06,12369.54
"101745","101745","190801030307","CN","Lower Thomas Creek",87.11,21526.16
"101746","101746","190605060306","CN","190605060306",161.17,39825.27
"101747","101747","190605040306","CN","190605040306",34.49,8521.81
"101748","101748","190801030902","CN","190801030902",140.35,34682.16
"101749","101749","190801030706","CN","190801030706-Timber Creek",113.59,28069.85
"101753","101753","190605061404","CN","190605061404",66.44,16417.97
"101754","101754","190801031504","CN","190801031504-Johnson Creek",96.59,23867.49
"101755","101755","190605061601","CN","190605061601",80.72,19946.97
"101756","101756","190801031302","CN","190801031302",186.89,46181.24
"101758","101758","190605061007","CN","190605061007",43.5,10749.28
"101761","101761","190605050502","AK,CN","Trail Creek-Joe Creek",126.89,31354.16
"101762","101762","190605061001","CN","190605061001",139.82,34549.65
"102255","102255","190801010000","CN","Headwaters Porcupine River",23661.84,5846963.41
"102256","102256","190801020000","CN","Bell River-Porcupine River",17067.36,4217432.11
"102862","102862","171100030301","CN","Galiano Island",60.43,14933.69
"102864","102864","171100210510","CN","Lower San Juan River-Frontal Strait of Juan de Fuca",59.02,14584.7
"102865","102865","171100200602","CN","Colquitz River",47.58,11756.2
"102880","102880","171100210106","CN","Veitch Creek-Frontal Sooke Basin",76.78,18971.67
"102882","102882","171100211103","CN","Outlet Nitinat River",97.48,24088.15
"102884","102884","171100030102","CN","Shawnigan Creek",110.22,27235.85
"102887","102887","171100020103","CN","Elgin Creek-Nicomekl River",72.27,17858.55
"102890","102890","171100210803","CN","Carmanah Creek",67.63,16710.56
"102903","102903","171100030104","CN","Tod Creek-Frontal Saanich Inlet",86.29,21321.57
"102906","102906","171100210801","CN","Walbran Creek",128.8,31826.86
"102910","102910","171100200601","CN","Bowker Creek-Frontal Haro Strait",40.31,9959.82
"102913","102913","171100210607","CN","Rosemond Creek-Frontal Strait of Juan De Fuca",65.93,16292.76
"102917","102917","171100030700","CN,WA","Haro Strait-Strait of Georgia",1920.82,474645.15
"102921","102921","171100210608","CN","Sombrio River-Frontal Strait of Juan De Fuca",70.95,17533.23
"102924","102924","171100210605","CN","Kirby Creek-Frontal Strait of Juan De Fuca",71.64,17701.74
"102925","102925","171100210606","CN","Loss Creek",74.99,18529.71
"102927","102927","171100210604","CN","Outlet Jordan River",78.83,19479.25
"102928","102928","171100030202","CN","Saltspring Island-Frontal Trincomali Channel",128.75,31815.92
"102931","102931","171100200605","CN","Bilston Creek-Frontal Strait of Juan de Fuca",82.25,20324.82
"102932","102932","171100030103","CN","Spectacle Creek-Frontal Saanich Inlet",71.59,17689.92
"102934","102934","171100200700","CN,WA","Discovery Bay-Strait of Juan de Fuca",1831.83,452654.01
"102938","102938","171100030302","CN","Saturna Island",59.49,14701.45
"102940","102940","171100030105","CN","Sandhill Creek-Frontal Haro Strait",81.43,20121.62
"102943","102943","171100211200","CN,WA","Port San Juan-Strait of Juan de Fuca",2243.45,554367.92
"102951","102951","171100210804","CN","Coal Creek-Frontal Strait of Juan de Fuca",72.15,17829.18
"102955","102955","171100020101","CN","Serpentine River",144.31,35660.87
"102956","102956","171100020104","CN,WA","Campbell River",73.86,18251.76
"102958","102958","171100030101","CN","Goldstream River",57.59,14231.97
"102965","102965","171100210405","CN","Lower Gordon River",65.39,16157.59
"102968","102968","171100200603","CN","Craigflower Creek-Frontal Victoria Harbour",37.76,9330.53
"102988","102988","171100210602","CN","Tugwell Creek-Frontal Strait of Juan De Fuca",71.57,17685.97
"102990","102990","171100210601","CN","Muir Creek",66.03,16316
"102992","102992","171100020106","CN,WA","Dakota Creek-Frontal Drayton Harbor",137.69,34024.05
"102994","102994","171100210802","CN","Camper Creek-Frontal Strait of Juan de Fuca",101.72,25135.65
"102997","102997","171100020500","CN,WA","Padilla Bay-Strait of Georgia",1549.97,383006.62
"102999","102999","171100210105","CN","Outlet Sooke River",104.75,25884.24
"103001","103001","171100030303","CN","Pender Island",43.19,10672.73
"103002","103002","171100030201","CN","Saltspring Island-Frontal Sansum Narrows",57.09,14107.07
"103003","103003","171100020105","CN,WA","Point Roberts-Frontal Strait of Georgia",105.87,26161.42
"103007","103007","171100200604","CN","Mill Stream-Frontal Esquimalt Harbour",44.05,10884.17
"103024","103024","190701080000","CN","Lake Laberge-Yukon River",7741.35,1912927.02
"103025","103025","190701050000","CN","Nisutlin River",11895.79,2939510.18
"103026","103026","190701060000","CN","Upper Teslin River",18451.24,4559397.02
"103027","103027","190701070000","CN","Lower Teslin River",5110.28,1262776.42
"103028","103028","190701090000","CN","Big Salmon River",6833.67,1688635.49
"103029","103029","190701100000","CN","Nordenskiold River-Yukon River",19979.58,4937056.31
"103030","103030","190702010000","CN","Upper Pelly River",18150.73,4485139.87
"103031","103031","190702020000","CN","Macmillan River",13973.55,3452935.61
"103032","103032","190702030000","CN","Lower Pelly River",18156.16,4486481.29
"103033","103033","190704010000","CN","Donjek River",26426.78,6530194.62
"103034","103034","190704040000","CN","White River-Yukon River",5368.38,1326553.74
"103035","103035","190703010000","CN","Hess River",14231.68,3516721.23
"103036","103036","190703020000","CN","Beaver River-Stewart River",13575.99,3354697.76
"103037","103037","190703030000","CN","Mayo River-Stewart River",6861.07,1695405.15
"103038","103038","190705010000","CN","Klondike River",8071,1994386.1
"103039","103039","190703040000","CN","McQuesten River-Stewart River",16400.06,4052539.35
"103040","103040","190104010000","CN","Dezadeash River",9001.37,2224285.99
"103041","103041","043200000000","CN","Mojikit Lake-Ogoki River",14003.48,3460332.81
"103042","103042","090300030403","CN","Upper Firesteel River",124.98,30883.29
"103043","103043","190103050000","CN","Nahlin River",3891.83,961690.61
"103044","103044","190102140000","CN","Spatsizi River",3513.67,868246.63
"103045","103045","190102150000","CN","Diamond Creek-Stikine River",3504.01,865858.35
"103046","103046","190102160000","CN","Pitman River",2711.24,669961.89
"103047","103047","190102130000","CN","Chukachida River",1263.34,312177.56
"103048","103048","190102180000","CN","Klastline River",1843.56,455552.64
"103049","103049","190102190000","CN","Tanzilla River-Stikine River",6745.65,1666885.54
"103050","103050","190102170000","CN","Klappan River",3610.86,892263.09
"103051","103051","190102200000","CN","Tuya River",3570.33,882246.44
"103052","103052","190102210000","CN","Tahltan River",1853.85,458095.64
"103053","103053","190102250000","CN","Headwaters Iskut River",3809.74,941406.76
"103054","103054","190101120000","CN","Middle Nass River",2504.64,618908.43
"103055","103055","190101080000","CN","Taylor River",1371.48,338900.7
"103056","103056","190101090000","CN","Upper Nass River",3956.22,977601.19
"103057","103057","190101140000","CN","Lower Nass River",6217.5,1536375.26
"103058","103058","190101150000","CN","Observatory Inlet",2535.45,626523.33
"103059","103059","190101130000","CN","Kinskuch River",2099.77,518864.37
"103060","103060","190101110000","CN","Lower Bell-Irving River",3540.14,874786.15
"103061","103061","190101100000","CN","Upper Bell-Irving River",1793.06,443074.49
"103062","103062","190102260000","CN","Forrest Kerr Creek-Iskut River",3190.93,788494.35
"103063","103063","190102220000","CN","Mess Creek",2327.15,575050.06
"103064","103064","190102230000","CN","Chutine River",2648.89,654553.78
"103065","103065","190102240000","CN","Deeker Creek-Stikine River",2603.75,643399.16
"103066","103066","190103060000","CN","Sheslay River",3338.91,825063.09
"103067","103067","190103070000","CN","Inklin River",3231.09,798418.79
"103068","103068","190103080000","CN","Nakina River",4027.63,995247.69
