"","huc16","states","name","areasqkm","areaacres"
"1","0207001001031715","DC","0207001001031715",0,0.93
"2","0207001001031716","DC","0207001001031716",0,0.01
"3","0207001002010443","MD","0207001002010443",0.05,12.7
"4","0207000810050309","VA","0207000810050309",0.12,29.26
"5","0207001001020110","MD","0207001001020110",0.34,84.52
"6","0207001002010444","MD","0207001002010444",0.07,17.89
"7","0207001002010445","MD","0207001002010445",0.42,104.95
"8","0207001002012626","MD","0207001002012626",0.02,5.44
"9","0207001002043013","DC","0207001002043013",0,0
"10","0207001002010446","MD","0207001002010446",0.13,31.47
"11","0207001003011436","DC","0207001003011436",0,0.11
"12","0207001002043308","DC","0207001002043308",0.14,34.58
"13","0207001003011202","MD","0207001003011202",0.13,32.86
"14","0207001002010447","MD","0207001002010447",0.07,16.95
"15","0207001002012624","MD","0207001002012624",0,1.21
"16","0207001003010122","VA","0207001003010122",0.01,1.49
"17","0207001002013914","MD","0207001002013914",0.26,63.98
"18","0207001002010448","MD","0207001002010448",0.04,10.87
"19","0207001002010441","MD","0207001002010441",0,1.11
"20","0207000810050525","VA","0207000810050525",0,0.4
"21","0207001002010442","MD","0207001002010442",0.12,29.39
"22","0207000810050408","VA","0207000810050408",0,0.32
"23","0207001002043329","DC","0207001002043329",0,0
"24","0207001002012627","MD","0207001002012627",0.04,10.54
"25","0207001002012625","MD","0207001002012625",0.02,5.88
"26","0207001002040865","MD","0207001002040865",0.01,1.37
"27","0207001002040866","MD","0207001002040866",0.13,31.03
"28","0207001002043309","DC","0207001002043309",0,0
"29","0207001002040877","MD","0207001002040877",0,0.72
"30","0207001002040883","MD","0207001002040883",0.01,3.65
"31","0207000810050411","VA","0207000810050411",0,0.95
"32","0207001002040884","MD","0207001002040884",0.03,8.32
"33","0207001001022816","DC","0207001001022816",0.02,4.28
"34","0207001002040885","MD","0207001002040885",0.01,2.98
"35","0207001002040867","MD","0207001002040867",0,0.98
"36","0207001002040868","MD","0207001002040868",0.26,63.54
"37","0207000810051025","VA","0207000810051025",0.01,1.39
"38","0207001001031009","VA","0207001001031009",0,0.05
"39","0207001002040869","MD","0207001002040869",0.05,12.39
"40","0207001002040870","MD","0207001002040870",0.58,142.68
"41","0207000810051152","MD,VA","0207000810051152",0,0.43
"42","0207000810057225","MD","0207000810057225",0,0.17
"43","0207001002040871","MD","0207001002040871",0.02,4.83
"44","0207001002040880","MD","0207001002040880",0.05,11.98
"45","0207001002040872","MD","0207001002040872",0.06,15.37
"46","0207001002040881","MD","0207001002040881",0.64,159.03
"47","0207001002040882","MD","0207001002040882",1.1,271.29
"48","0207001003011428","DC,MD","0207001003011428",0,0.84
"49","0207001001031914","DC","0207001001031914",0,0.04
"50","0207001002040873","MD","0207001002040873",0.06,14.52
"51","0207001002040874","MD","0207001002040874",0.21,52.23
"52","0207001003011429","DC","0207001003011429",0,0.25
"53","0207001003011430","DC,MD","0207001003011430",0.26,63.34
"54","0207001003011431","DC,MD","0207001003011431",0,0.07
"55","0207001001031915","DC","0207001001031915",0,0.01
"56","0207001002040875","MD","0207001002040875",0.06,14.14
"57","0207001003011434","DC","0207001003011434",0,0.02
"58","0207001003011435","DC","0207001003011435",0,0.2
"59","0207001002040876","MD","0207001002040876",0.07,16.95
"60","0207001002040878","MD","0207001002040878",0.74,182.37
"61","0207001002040879","MD","0207001002040879",0.32,78.18
"62","0207001001031916","DC","0207001001031916",0,0.01
"63","0207001003011432","DC","0207001003011432",0.05,12.02
"64","0207001003011433","DC,MD","0207001003011433",0.01,3.39
"65","0207001003010304","VA","0207001003010304",0.03,8.12
"66","0207001003010301","VA","Munson Hill",0.02,3.93
"67","0207001003011501","DC,MD","0207001003011501",0.06,15.66
"68","0207001003011502","DC","0207001003011502",0.02,4.06
"69","0207001003010123","VA","0207001003010123",0.09,22.31
"70","0207001003010850","VA","0207001003010850",0,0.61
"71","0207001003010302","VA","0207001003010302",0.03,6.6
"72","0207001003010303","VA","0207001003010303",1.1,272.52
"73","0207001003010305","VA","0207001003010305",0.19,48.12
"74","0207000810053825","VA","0207000810053825",0.04,9.82
"75","0207001003010306","VA","0207001003010306",0.08,19.94
"76","0207000810050706","VA","0207000810050706",0.02,5.89
"77","0207001003010307","VA","0207001003010307",0.1,23.61
"78","0207001003010308","VA","0207001003010308",0.49,120.19
"79","0207001003010309","VA","0207001003010309",0.08,19.7
"80","0207001003011427","DC,MD","0207001003011427",0.31,75.42
"81","0207001003010852","VA","0207001003010852",0,0.12
"82","0207001003011001","VA","0207001003011001",0.07,16.2
"83","0207001003011002","VA","0207001003011002",0.91,224.51
"84","0207001003010851","VA","0207001003010851",0,0.79
"85","0207001001022408","DC","0207001001022408",0,0.13
"86","0207000810056004","MD","0207000810056004",0.09,21.63
"87","0207000810050443","VA","0207000810050443",0,1.11
"88","0207000810056014","MD","0207000810056014",0.1,23.71
"89","0207001001022326","DC","0207001001022326",0,0.95
"90","0207000810053824","VA","0207000810053824",0.05,11.17
"91","0207000810050707","VA","0207000810050707",0.01,3.03
"92","0207001001031917","DC","0207001001031917",0,0.04
"93","0207000810050701","VA","0207000810050701",0.11,26.86
"94","0207000810053827","VA","0207000810053827",0,1.05
"95","0207000810051218","VA","0207000810051218",0.04,10.88
"96","0207000810053828","VA","0207000810053828",0,0.23
"97","0207000810050702","VA","0207000810050702",0.04,9.25
"98","0207000810051219","VA","0207000810051219",0.02,5.76
"99","0207001001031918","DC","0207001001031918",0,0
"100","0207000810051220","VA","0207000810051220",0.08,20.35
"101","0207000810056006","MD","0207000810056006",0.02,5.13
"102","0207000810050703","VA","0207000810050703",0.05,13.38
"103","0207000810050704","VA","0207000810050704",0.03,6.47
"104","0207000810056007","MD","0207000810056007",0.26,64.64
"105","0207000810050705","VA","0207000810050705",0.2,49.19
"106","0207000810053826","VA","0207000810053826",0.04,10.5
"107","0207000810055925","MD","0207000810055925",0,0.21
"108","0207000810051120","VA","0207000810051120",0.01,3.11
"109","0207000810055926","DC,MD","0207000810055926",0.07,17.35
"110","0207000810050611","VA","0207000810050611",0.01,1.32
"111","0207000810056005","MD","0207000810056005",0.07,17.5
"112","0207000810052719","VA","0207000810052719",0.01,1.79
"113","0207000810056008","MD","0207000810056008",0.03,8.26
"114","0207000810053823","VA","0207000810053823",0.04,9.59
"115","0207001001023753","DC","0207001001023753",0,0.08
"116","0207000810056009","MD","0207000810056009",0.06,15.67
"117","0207000810050711","VA","0207000810050711",0.01,1.96
"118","0207000810056010","MD","0207000810056010",0.09,23.26
"119","0207000810053822","VA","0207000810053822",0,0.16
"120","0207001001023754","DC","0207001001023754",0,0
"121","0207001001023755","DC","0207001001023755",0,0
"122","0207000810055927","MD","0207000810055927",0.04,9.63
"123","0207000810052637","VA","0207000810052637",0.01,3.1
"124","0207000810056001","MD","0207000810056001",0.08,20.98
"125","0207000810052638","VA","0207000810052638",0,0.07
"126","0207001001031610","DC","0207001001031610",0,0.21
"127","0207000810056002","MD","0207000810056002",0.04,10.15
"128","0207000810056012","MD","0207000810056012",0.02,3.79
"129","0207000810056013","MD","0207000810056013",0.61,149.59
"130","0207001001020609","MD","0207001001020609",0.2,49.22
"131","0207000810056003","MD","0207000810056003",0.07,17.42
"132","0207000810050318","VA","0207000810050318",0.01,2.54
"133","0207000810056011","MD","0207000810056011",0.11,26.13
"134","0207001001031611","DC","0207001001031611",0,0.01
"135","0207001001020610","MD","0207001001020610",0.09,23.07
"136","0207000810051221","VA","0207000810051221",0,0.53
"137","0207001001020611","MD","0207001001020611",0.1,23.8
"138","0207000810056015","MD","0207000810056015",0.14,34.6
"139","0207001001020608","MD","0207001001020608",0.24,58.71
"140","0207001002010432","MD","0207001002010432",0,0.02
"141","0207001002010433","MD","0207001002010433",0.04,8.94
"142","0207000810050218","VA","0207000810050218",0.01,3.37
"143","0207001002010434","MD","0207001002010434",0.05,12.91
"144","0207001002010436","MD","0207001002010436",0.02,5.28
"145","0207001002010435","MD","0207001002010435",0.07,17.57
"146","0207000810055071","VA","0207000810055071",0,0.77
"147","0207001002010437","MD","0207001002010437",0.06,13.92
"148","0207000810051008","VA","0207000810051008",0.01,2.49
"149","0207001002010438","MD","0207001002010438",0.14,35.63
"150","0207000810051110","VA","0207000810051110",0.01,2.42
"151","0207001002010439","MD","0207001002010439",0.02,6.06
"152","0207001002010417","MD","0207001002010417",0.02,6.05
"153","0207001002010440","MD","0207001002010440",0.06,15.66
"154","0207001001022819","DC","0207001001022819",0,1.23
"155","0207001001023717","DC","0207001001023717",0,0.79
"156","0207001002010415","MD","0207001002010415",0.08,20.47
"157","0207001002010416","MD","0207001002010416",0.19,46.94
"158","0207000810052612","VA","0207000810052612",0.01,1.36
"159","0207001002010418","MD","0207001002010418",0.08,18.55
"160","0207001002010419","MD","0207001002010419",0.15,36.62
"161","0207001002040901","MD","0207001002040901",0.2,50.06
"162","0207000810053802","VA","0207000810053802",0.01,1.82
"163","0207001002040902","MD","0207001002040902",0.12,30.63
"164","0207001001023721","DC","0207001001023721",0,0.01
"165","0207001001023756","DC","0207001001023756",0,0.04
"166","0207001001022817","DC","0207001001022817",0.04,9.54
"167","0207001001022818","DC","0207001001022818",0.01,3.39
"168","0207001001023722","DC","0207001001023722",0,0.05
"169","0207001001023757","DC","0207001001023757",0,0.04
"170","0207001002010405","MD","0207001002010405",0.07,17.91
"171","0207000810054832","MD","0207000810054832",0,0.54
"172","0207001002010406","MD","0207001002010406",0.03,7.53
"173","0207001002040886","MD","0207001002040886",0.33,81.27
"174","0207001001022821","DC","0207001001022821",0.01,1.87
"175","0207001002010420","MD","0207001002010420",0,0.13
"176","0207001001032438","DC","0207001001032438",0,0.19
"177","0207001002010421","MD","0207001002010421",0.13,32.1
"178","0207001001022820","DC","0207001001022820",0.03,8.06
"179","0207001002010407","MD","0207001002010407",0,0.76
"180","0207000810050419","VA","0207000810050419",0.02,3.83
"181","0207001002010408","MD","0207001002010408",0.05,13.17
"182","0207000810051114","VA","0207000810051114",0,1.11
"183","0207001002010409","MD","0207001002010409",0.08,19.06
"184","0207000810053002","VA","0207000810053002",0.01,3.12
"185","0207001002010410","MD","0207001002010410",0.04,9.22
"186","0207000810050924","VA","0207000810050924",0.03,6.94
"187","0207001002010422","MD","0207001002010422",0.16,39.96
"188","0207001002010423","MD","0207001002010423",0.05,12.59
"189","0207001002010424","MD","0207001002010424",0.21,52.4
"190","0207000810050925","VA","0207000810050925",0.01,2.68
"191","0207001001022356","DC","0207001001022356",0,0.25
"192","0207001002010425","MD","0207001002010425",0.04,11.03
"193","0207001002010426","MD","0207001002010426",0.04,8.78
"194","0207001002010427","MD","0207001002010427",0.15,37.98
"195","0207001002010428","MD","0207001002010428",0.02,3.85
"196","0207000810050926","VA","0207000810050926",0.04,9.53
"197","0207001002010429","MD","0207001002010429",0.16,38.84
"198","0207001001022433","DC","0207001001022433",0,0.38
"199","0207001002010411","MD","0207001002010411",0.06,14.23
"200","0207001002010412","MD","0207001002010412",0.27,65.96
"201","0207000810050423","VA","0207000810050423",0.02,4.27
"202","0207001002010413","MD","0207001002010413",0.03,8.2
"203","0207000810050927","VA","0207000810050927",0.02,5.24
"204","0207001002010414","MD","0207001002010414",0.05,12.96
"205","0207000810050936","VA","0207000810050936",0.02,4.18
"206","0207001002010430","MD","0207001002010430",0.15,37.53
"207","0207001002010431","MD","0207001002010431",0.04,9.85
"208","0207000810050923","VA","0207000810050923",0.01,2.52
"209","0207000810050932","VA","0207000810050932",0,0.12
"210","0207000810050928","VA","0207000810050928",0.05,11.75
"211","0207000810050933","VA","0207000810050933",0.03,7.7
"212","0207000810050929","VA","0207000810050929",0.05,11.47
"213","0207000810050930","VA","0207000810050930",0.02,5.71
"214","0207000810050931","VA","0207000810050931",0.09,23.35
"215","0207000810050934","VA","0207000810050934",0,0.06
"216","0207000810050937","VA","0207000810050937",0.05,11.18
"217","0207000810050938","VA","0207000810050938",0.01,3.56
"218","0207000810050935","VA","0207000810050935",0.03,7.27
"219","0207000810050939","VA","0207000810050939",0.01,2.88
"220","0207001002010746","MD","0207001002010746",0.01,1.79
"221","0207000810050940","VA","0207000810050940",0.02,3.93
"222","0207000810050941","VA","0207000810050941",0.02,5.35
"223","0207000810050201","VA","0207000810050201",0.06,14.98
"224","0207000810051529","VA","0207000810051529",0.01,3.2
"225","0207000810050202","VA","0207000810050202",0.06,15.99
"226","0207000810050203","VA","0207000810050203",0,0.1
"227","0207001002012353","MD","0207001002012353",0,0.36
"228","0207000810050204","VA","0207000810050204",0.09,22.3
"229","0207000810051701","MD","0207000810051701",0.01,2.67
"230","0207000810050205","VA","0207000810050205",0.02,4.98
"231","0207000810050215","VA","0207000810050215",0.03,7.52
"232","0207000810050206","VA","0207000810050206",0.06,14.59
"233","0207000810050424","VA","0207000810050424",0.01,2.95
"234","0207000810050213","VA","0207000810050213",0.06,15.31
"235","0207000810050214","VA","0207000810050214",0.02,5.08
"236","0207000810050216","VA","0207000810050216",0.08,20.09
"237","0207000810050429","VA","0207000810050429",0,0.06
"238","0207000810051702","MD","0207000810051702",0,0.88
"239","0207000810050207","VA","0207000810050207",0.04,8.97
"240","0207000810050208","VA","0207000810050208",0,0.03
"241","0207000810050212","VA","0207000810050212",0.01,3.32
"242","0207000810050209","VA","0207000810050209",0.03,8.19
"243","0207000810050217","VA","0207000810050217",0,1
"244","0207000810050807","VA","0207000810050807",0.22,53.75
"245","0207001001021719","DC","0207001001021719",0,0.4
"246","0207000810050210","VA","0207000810050210",0.06,14.35
"247","0207000810052639","VA","0207000810052639",0.01,1.57
"248","0207000810050211","VA","0207000810050211",0.08,19.05
"249","0207001001022315","DC","0207001001022315",0,0.45
"250","0207000810050219","VA","0207000810050219",0.08,19.73
"251","0207000810053004","VA","0207000810053004",0.01,1.43
"252","0207000810050220","VA","0207000810050220",0.09,22.78
"253","0207000810051261","VA","0207000810051261",0.01,2.56
"254","0207000810050221","VA","0207000810050221",0.02,5.25
"255","0207000810050229","VA","0207000810050229",0.02,4.97
"256","0207000810050222","VA","0207000810050222",0.14,34.14
"257","0207000810054420","MD","0207000810054420",0.01,1.61
"258","0207000810050223","VA","0207000810050223",0.19,46.03
"259","0207000810050224","VA","0207000810050224",0.07,17.69
"260","0207000810050225","VA","0207000810050225",0.02,5.16
"261","0207000810050226","VA","0207000810050226",0.15,36.39
"262","0207000810050227","VA","0207000810050227",0.06,14.34
"263","0207000810050228","VA","0207000810050228",0.12,30.39
"264","0207000810051530","VA","0207000810051530",0.01,2.67
"265","0207000810050230","VA","0207000810050230",0.06,16.03
"266","0207000810050231","VA","0207000810050231",0,0.29
"267","0207001002042202","DC","0207001002042202",0,0.18
"268","0207000810050232","VA","0207000810050232",0.08,19.22
"269","0207001002040911","MD","0207001002040911",0.36,89.6
"270","0207000810050233","VA","0207000810050233",0.14,33.53
"271","0207000810050234","VA","0207000810050234",0.02,3.74
"272","0207000810050302","VA","0207000810050302",0.02,4.16
"273","0207000810052645","VA","0207000810052645",0,0.22
"274","0207000810050301","VA","0207000810050301",0.06,16.05
"275","0207000810050303","VA","0207000810050303",0,0.91
"276","0207000810050304","VA","0207000810050304",0.02,4.76
"277","0207000810050306","VA","0207000810050306",0.02,4.18
"278","0207000810050307","VA","0207000810050307",0.36,89.29
"279","0207000810050305","VA","0207000810050305",0.04,9.34
"280","0207000810050308","VA","0207000810050308",0.01,3.61
"281","0207000810050310","VA","0207000810050310",0.1,24.25
"282","0207001001022316","DC","0207001001022316",0,0.98
"283","0207000810050311","VA","0207000810050311",0.11,27.62
"284","0207001002011740","MD","0207001002011740",0,0.75
"285","0207000810050312","VA","0207000810050312",0.05,12.86
"286","0207000810050708","VA","0207000810050708",0.01,2.39
"287","0207001002011745","MD","0207001002011745",0,0.05
"288","0207000810050709","VA","0207000810050709",0.03,6.21
"289","0207000810050710","VA","0207000810050710",0.02,6.01
"290","0207001001022317","DC","0207001001022317",0.01,1.36
"291","0207000810050801","VA","0207000810050801",0.03,7.19
"292","0207000810050802","VA","0207000810050802",0.01,3.58
"293","0207000810050803","VA","0207000810050803",0.09,21.32
"294","0207000810050804","VA","0207000810050804",0.15,37.54
"295","0207000810055352","VA","0207000810055352",0,1.14
"296","0207000810050805","VA","0207000810050805",0.02,3.85
"297","0207000810050317","VA","0207000810050317",0.03,7.83
"298","0207000810050806","VA","0207000810050806",0.04,9.68
"299","0207000810050320","VA","0207000810050320",0.02,4.01
"300","0207000810050321","VA","0207000810050321",0.15,36.02
"301","0207000810050313","VA","0207000810050313",0.23,56.54
"302","0207000810050314","VA","0207000810050314",0.04,8.89
"303","0207000810050315","VA","0207000810050315",0.02,4.43
"304","0207000810050316","VA","0207000810050316",0.14,33.64
"305","0207000810050319","VA","0207000810050319",0.02,4.36
"306","0207000810050430","VA","0207000810050430",0.02,4.06
"307","0207000810050322","VA","0207000810050322",0.12,29.38
"308","0207000810050323","VA","0207000810050323",0.04,8.65
"309","0207001001021540","DC","0207001001021540",0,0.29
"310","0207000810050324","VA","0207000810050324",0.08,18.9
"311","0207000810051013","VA","0207000810051013",0,0.98
"312","0207000810050325","VA","0207000810050325",0.07,18.13
"313","0207000810050326","VA","0207000810050326",0.24,59.55
"314","0207000810051014","VA","0207000810051014",0,0.78
"315","0207000810050808","VA","0207000810050808",0.01,3.12
"316","0207000810050810","VA","0207000810050810",0.02,5.29
"317","0207000810051015","VA","0207000810051015",0.14,34.33
"318","0207000810050809","VA","0207000810050809",0.04,10.33
"319","0207000810050815","VA","0207000810050815",0.01,3.45
"320","0207000810050811","VA","0207000810050811",0.03,6.23
"321","0207000810050822","VA","0207000810050822",0.01,3.41
"322","0207000810050812","VA","0207000810050812",0.08,20.9
"323","0207000810054737","MD","0207000810054737",0,0.88
"324","0207000810050813","VA","0207000810050813",0.05,12.82
"325","0207000810050814","VA","0207000810050814",0,0.93
"326","0207000810050816","VA","0207000810050816",0.04,10.81
"327","0207000810050828","VA","0207000810050828",0.03,7.13
"328","0207000810050817","VA","0207000810050817",0.04,10.38
"329","0207000810050818","VA","0207000810050818",0.03,7.13
"330","0207000810050819","VA","0207000810050819",0.07,16.64
"331","0207000810050830","VA","0207000810050830",0.01,3.31
"332","0207000810050820","VA","0207000810050820",0.06,13.69
"333","0207000810050825","VA","0207000810050825",0,0.38
"334","0207000810050826","VA","0207000810050826",0.02,4.23
"335","0207000810050821","VA","0207000810050821",0.02,4.83
"336","0207000810050823","VA","0207000810050823",0.02,5.2
"337","0207000810050824","VA","0207000810050824",0.01,3.46
"338","0207001001021541","DC","0207001001021541",0,0.34
"339","0207000810050827","VA","0207000810050827",0.04,10.72
"340","0207000810050847","VA","0207000810050847",0,0.49
"341","0207001001021542","DC","0207001001021542",0,0.46
"342","0207000810050829","VA","0207000810050829",0.09,22.4
"343","0207000810053804","VA","0207000810053804",0,0.88
"344","0207000810050831","VA","0207000810050831",0.04,10.15
"345","0207000810050852","VA","0207000810050852",0.03,6.28
"346","0207001001021543","DC,MD","0207001001021543",0.41,101.31
"347","0207001001021544","DC,MD","0207001001021544",0.39,96.06
"348","0207000810050832","VA","0207000810050832",0.11,28.22
"349","0207000810050833","VA","0207000810050833",0.1,24.52
"350","0207001001022338","DC","0207001001022338",0.01,1.27
"351","0207000810050834","VA","0207000810050834",0.03,7.38
"352","0207000810050855","VA","0207000810050855",0.01,1.49
"353","0207001001031116","DC","0207001001031116",0,1.22
"354","0207000810050835","VA","0207000810050835",0.05,11.43
"355","0207000810050856","VA","0207000810050856",0.02,5.33
"356","0207000810050836","VA","0207000810050836",0.06,14.82
"357","0207000810050431","VA","0207000810050431",0.01,3.11
"358","0207000810050837","VA","0207000810050837",0.04,9.03
"359","0207000810050838","VA","0207000810050838",0.02,3.82
"360","0207000810050432","VA","0207000810050432",0,0.23
"361","0207000810050839","VA","0207000810050839",0.05,12.3
"362","0207000810051020","VA","0207000810051020",0.01,2
"363","0207000810050840","VA","0207000810050840",0.05,12.59
"364","0207000810050872","VA","0207000810050872",0.03,6.27
"365","0207000810050841","VA","0207000810050841",0.12,29.42
"366","0207000810050842","VA","0207000810050842",0.07,17.51
"367","0207000810053807","VA","0207000810053807",0,0.33
"368","0207000810050843","VA","0207000810050843",0.03,6.84
"369","0207000810050844","VA","0207000810050844",0,0.15
"370","0207000810054225","VA","0207000810054225",0,0.43
"371","0207000810050845","VA","0207000810050845",0.03,7.9
"372","0207000810050846","VA","0207000810050846",0.03,6.26
"373","0207000810050848","VA","0207000810050848",0.09,21.64
"374","0207001002010621","MD","0207001002010621",0,0.45
"375","0207000810050849","VA","0207000810050849",0.06,13.99
"376","0207000810050875","VA","0207000810050875",0.02,3.8
"377","0207000810050850","VA","0207000810050850",0.05,12.88
"378","0207000810050860","VA","0207000810050860",0.02,3.94
"379","0207000810050851","VA","0207000810050851",0.05,13.09
"380","0207000810050867","VA","0207000810050867",0.02,4.83
"381","0207000810050853","VA","0207000810050853",0.06,13.6
"382","0207000810050854","VA","0207000810050854",0,0.09
"383","0207000810050868","VA","0207000810050868",0,0.24
"384","0207000810050857","VA","0207000810050857",0.06,14.72
"385","0207000810050871","VA","0207000810050871",0.01,1.85
"386","0207000810050858","VA","0207000810050858",0.02,5.52
"387","0207000810050859","VA","0207000810050859",0.05,13.5
"388","0207000810050861","VA","0207000810050861",0.04,9.33
"389","0207000810050862","VA","0207000810050862",0.02,5.92
"390","0207000810050863","VA","0207000810050863",0.1,24.61
"391","0207000810050864","VA","0207000810050864",0.05,12.56
"392","0207000810050906","VA","0207000810050906",0.02,5.05
"393","0207000810050865","VA","0207000810050865",0.04,9.6
"394","0207000810050866","VA","0207000810050866",0.01,1.4
"395","0207001001023242","DC","0207001001023242",0,1.02
"396","0207000810050869","VA","0207000810050869",0.04,11.02
"397","0207000810050870","VA","0207000810050870",0.03,8.34
"398","0207000810050873","VA","0207000810050873",0.03,6.93
"399","0207000810050874","VA","0207000810050874",0.03,7.66
"400","0207000810050901","VA","0207000810050901",0.06,16.06
"401","0207000810050902","VA","0207000810050902",0.01,3.35
"402","0207000810050903","VA","0207000810050903",0.03,8.64
"403","0207000810050904","VA","0207000810050904",0.04,9.38
"404","0207000810050905","VA","0207000810050905",0.06,14.23
"405","0207000810050911","VA","0207000810050911",0,0.55
"406","0207000810050907","VA","0207000810050907",0.02,4.72
"407","0207000810050908","VA","0207000810050908",0.03,6.68
"408","0207000810050909","VA","0207000810050909",0.06,13.7
"409","0207000810050910","VA","0207000810050910",0.02,4.1
"410","0207000810050912","VA","0207000810050912",0.03,8.13
"411","0207000810050913","VA","0207000810050913",0,0.09
"412","0207000810050328","VA","0207000810050328",0.02,3.79
"413","0207000810050914","VA","0207000810050914",0.03,8.37
"414","0207000810050915","VA","0207000810050915",0.03,8
"415","0207000810050916","VA","0207000810050916",0.02,5.73
"416","0207000810050917","VA","0207000810050917",0.05,11.35
"417","0207000810050918","VA","0207000810050918",0.02,6.06
"418","0207000810050919","VA","0207000810050919",0,0.4
"419","0207000810051536","VA","0207000810051536",0.02,4.07
"420","0207000810050920","VA","0207000810050920",0.06,14.72
"421","0207000810050346","VA","0207000810050346",0.02,4.8
"422","0207000810050921","VA","0207000810050921",0.03,7.39
"423","0207000810050922","VA","0207000810050922",0.03,6.31
"424","0207001003011503","DC","0207001003011503",0.18,43.87
"425","0207001003010844","VA","0207001003010844",0.02,5.81
"426","0207001003010845","VA","0207001003010845",0.09,22.31
"427","0207001003010848","VA","0207001003010848",0.01,3.44
"428","0207001002040905","MD","0207001002040905",0.87,214.02
"429","0207001002040906","MD","0207001002040906",0.33,80.79
"430","0207001003010849","VA","0207001003010849",0.71,175.73
"431","0207000810050329","VA","0207000810050329",0.06,14.76
"432","0207000810050520","VA","0207000810050520",0.01,2.13
"433","0207000810050330","VA","0207000810050330",0.06,13.62
"434","0207000810051537","VA","0207000810051537",0,0.35
"435","0207000810050331","VA","0207000810050331",0.05,13.58
"436","0207001002040903","MD","0207001002040903",0.15,37.94
"437","0207001002040904","MD","0207001002040904",0.38,94.55
"438","0207001003010846","VA","0207001003010846",0.22,54.42
"439","0207000810051416","VA","0207000810051416",0.01,2.41
"440","0207001003010847","VA","0207001003010847",0.07,17.51
"441","0207000810050327","VA","0207000810050327",0,0.42
"442","0207000810050344","VA","0207000810050344",0.03,8.52
"443","0207000810050345","VA","0207000810050345",0.02,5.41
"444","0207000810050347","VA","0207000810050347",0.1,23.99
"445","0207000810050348","VA","0207000810050348",0.03,6.64
"446","0207000810050349","VA","0207000810050349",0.01,3.2
"447","0207001001023512","DC","0207001001023512",0,0.36
"448","0207000810050401","VA","0207000810050401",0.07,18.15
"449","0207000810053615","VA","0207000810053615",0.01,2.28
"450","0207000810050402","VA","0207000810050402",0.03,6.41
"451","0207000810050403","VA","0207000810050403",0.01,1.44
"452","0207001001022342","DC","0207001001022342",0,0.51
"453","0207000810050404","VA","0207000810050404",0.02,3.86
"454","0207000810050521","VA","0207000810050521",0.03,8.2
"455","0207001001023513","DC","0207001001023513",0,0
"456","0207000810050405","VA","0207000810050405",0.07,16.65
"457","0207000810050406","VA","0207000810050406",0.08,19.34
"458","0207000810050522","VA","0207000810050522",0.02,3.89
"459","0207000810050523","VA","0207000810050523",0,0.11
"460","0207000810050524","VA","0207000810050524",0.02,5.91
"461","0207000810051118","VA","0207000810051118",0.03,7.22
"462","0207000810051119","VA","0207000810051119",0.02,5.67
"463","0207000810050407","VA","0207000810050407",0.08,19.26
"464","0207000810050409","VA","0207000810050409",0.01,3.42
"465","0207000810050410","VA","0207000810050410",0.04,8.97
"466","0207000810050412","VA","0207000810050412",0.02,5.14
"467","0207000810050413","VA","0207000810050413",0.03,6.32
"468","0207000810050414","VA","0207000810050414",0.01,3.64
"469","0207000810051002","VA","0207000810051002",0.02,6.01
"470","0207000810051003","VA","0207000810051003",0.08,20.06
"471","0207000810051004","VA","0207000810051004",0,0.13
"472","0207000810051005","VA","0207000810051005",0.07,16.43
"473","0207000810050502","VA","0207000810050502",0.01,3.68
"474","0207000810051006","VA","0207000810051006",0.09,21.93
"475","0207000810051311","VA","0207000810051311",0.01,2.9
"476","0207000810050527","VA","0207000810050527",0.05,13
"477","0207000810050528","VA","0207000810050528",0.03,6.2
"478","0207000810050529","VA","0207000810050529",0.06,15.77
"479","0207001001022339","DC","0207001001022339",0.01,1.88
"480","0207000810051001","VA","0207000810051001",0.02,3.73
"481","0207000810051007","VA","0207000810051007",0.03,8.63
"482","0207000810050415","VA","0207000810050415",0.04,11.04
"483","0207000810050416","VA","0207000810050416",0,0.87
"484","0207000810050417","VA","0207000810050417",0.04,8.95
"485","0207000810050418","VA","0207000810050418",0.02,4.42
"486","0207000810050420","VA","0207000810050420",0.1,24.59
"487","0207001001023206","DC","0207001001023206",0,0.86
"488","0207000810050421","VA","0207000810050421",0.03,6.64
"489","0207000810051009","VA","0207000810051009",0.01,1.43
"490","0207000810053814","VA","0207000810053814",0.01,2.85
"491","0207000810051010","VA","0207000810051010",0.04,9.9
"492","0207000810051117","VA","0207000810051117",0.03,7.27
"493","0207001001023207","DC","0207001001023207",0.44,108.04
"494","0207000810051011","VA","0207000810051011",0.03,8.14
"495","0207000810051012","VA","0207000810051012",0.01,3.45
"496","0207001001023406","DC","0207001001023406",0,0.01
"497","0207000810051115","VA","0207000810051115",0.04,9.48
"498","0207000810050422","VA","0207000810050422",0.01,1.99
"499","0207000810051116","VA","0207000810051116",0.16,38.78
"500","0207000810050425","VA","0207000810050425",0.06,14.24
"501","0207000810051103","VA","0207000810051103",0.02,6.11
"502","0207000810050426","VA","0207000810050426",0.06,14.85
"503","0207000810050332","VA","0207000810050332",0.01,2.27
"504","0207000810050427","VA","0207000810050427",0.04,10.39
"505","0207000810050428","VA","0207000810050428",0.02,4.54
"506","0207000810051016","VA","0207000810051016",0.08,19.71
"507","0207000810053716","VA","0207000810053716",0.01,1.24
"508","0207000810051017","VA","0207000810051017",0.02,5.43
"509","0207000810051018","VA","0207000810051018",0.02,4.62
"510","0207000810050433","VA","0207000810050433",0.1,24.52
"511","0207000810057005","MD","0207000810057005",0.01,3.61
"512","0207000810050434","VA","0207000810050434",0.04,9.41
"513","0207000810051021","VA","0207000810051021",0.02,4.03
"514","0207000810050435","VA","0207000810050435",0.07,17.33
"515","0207000810051104","VA","0207000810051104",0.02,5.35
"516","0207000810050436","VA","0207000810050436",0.03,7.94
"517","0207000810051024","VA","0207000810051024",0.03,7.13
"518","0207000810050437","VA","0207000810050437",0.04,8.66
"519","0207000810051019","VA","0207000810051019",0.03,8.18
"520","0207000810051022","VA","0207000810051022",0.04,9.71
"521","0207000810051023","VA","0207000810051023",0.03,7.14
"522","0207000810050444","VA","0207000810050444",0.04,9.41
"523","0207000810051101","VA","0207000810051101",0.04,8.79
"524","0207000810050438","VA","0207000810050438",0.09,22.17
"525","0207000810053120","MD","0207000810053120",0.01,1.39
"526","0207000810050439","VA","0207000810050439",0.03,8.15
"527","0207000810050441","VA","0207000810050441",0.03,8.4
"528","0207000810050440","VA","0207000810050440",0.11,26.06
"529","0207000810050442","VA","0207000810050442",0.06,13.92
"530","0207000810050506","VA","0207000810050506",0.01,3.11
"531","0207000810051102","VA","0207000810051102",0.1,24.68
"532","0207000810050507","VA","0207000810050507",0,0.97
"533","0207000810051105","VA","0207000810051105",0.03,6.92
"534","0207000810051026","VA","0207000810051026",0.04,8.95
"535","0207000810051106","VA","0207000810051106",0.07,16.45
"536","0207000810050445","VA","0207000810050445",0.01,1.64
"537","0207000810051027","VA","0207000810051027",0.03,8.25
"538","0207000810050446","VA","0207000810050446",0.01,3.53
"539","0207000810051107","VA","0207000810051107",0.06,14.85
"540","0207000810051153","MD,VA","0207000810051153",0,0.18
"541","0207000810051154","MD,VA","0207000810051154",0.25,62.79
"542","0207001001022343","DC","0207001001022343",0,0.8
"543","0207000810050447","VA","0207000810050447",0.02,4.07
"544","0207000810050601","VA","0207000810050601",0.04,9.9
"545","0207000810050602","VA","0207000810050602",0.05,13.06
"546","0207000810051108","VA","0207000810051108",0.01,2.88
"547","0207000810050603","VA","0207000810050603",0.06,15.55
"548","0207000810050608","VA","0207000810050608",0.02,3.83
"549","0207000810050604","VA","0207000810050604",0.08,19.75
"550","0207000810054307","MD","0207000810054307",0,0.72
"551","0207000810050605","VA","0207000810050605",0.03,7.35
"552","0207000810050606","VA","0207000810050606",0.02,4.24
"553","0207000810051109","VA","0207000810051109",0.03,8.34
"554","0207000810050607","VA","0207000810050607",0.01,2.41
"555","0207001001030825","DC","0207001001030825",0,0.92
"556","0207000810050609","VA","0207000810050609",0.01,3.21
"557","0207000810050610","VA","0207000810050610",0,1.17
"558","0207000810053721","VA","0207000810053721",0.01,3.32
"559","0207000810051121","VA","0207000810051121",0.06,14.45
"560","0207000810051125","VA","0207000810051125",0.01,1.54
"561","0207001001030826","DC","0207001001030826",0,0.13
"562","0207000810051126","VA","0207000810051126",0.04,9.59
"563","0207000810051127","VA","0207000810051127",0.01,2.46
"564","0207001002040217","DC","0207001002040217",0.01,1.26
"565","0207000810050612","VA","0207000810050612",0.01,3.29
"566","0207000810050614","VA","0207000810050614",0.02,5.16
"567","0207001002040218","MD","0207001002040218",0,0.19
"568","0207001002040219","MD","0207001002040219",0.5,124.65
"569","0207001002040220","MD","0207001002040220",0.22,54.48
"570","0207000810050613","VA","0207000810050613",0.06,15.95
"571","0207000810057018","MD","0207000810057018",0.01,2.92
"572","0207001002040212","MD","0207001002040212",0.42,102.79
"573","0207000810050615","VA","0207000810050615",0.05,12.23
"574","0207000810051132","VA","0207000810051132",0.02,4.82
"575","0207000810050616","VA","0207000810050616",0.02,5.25
"576","0207000810050617","VA","0207000810050617",0.03,7.25
"577","0207000810051111","VA","0207000810051111",0.07,17.84
"578","0207000810051128","VA","0207000810051128",0.01,1.36
"579","0207000810051129","VA","0207000810051129",0.02,4.83
"580","0207000810051130","VA","0207000810051130",0.05,12.18
"581","0207000810051131","VA","0207000810051131",0.05,12.8
"582","0207000810054156","VA","0207000810054156",0,0.84
"583","0207000810051133","VA","0207000810051133",0.03,7.15
"584","0207000810051136","VA","0207000810051136",0.03,6.61
"585","0207001002040221","MD","0207001002040221",0,0.14
"586","0207000810051134","VA","0207000810051134",0.07,17.84
"587","0207000810051135","VA","0207000810051135",0,0.15
"588","0207001001021905","DC","0207001001021905",0,0.26
"589","0207000810051137","VA","0207000810051137",0.03,6.95
"590","0207000810050618","VA","0207000810050618",0,0.86
"591","0207001001021834","DC","0207001001021834",0.01,2.04
"592","0207000810050619","VA","0207000810050619",0.03,7.68
"593","0207000810050621","VA","0207000810050621",0.04,9.6
"594","0207001002041614","DC","0207001002041614",0,0.01
"595","0207000810050620","VA","0207000810050620",0.06,13.73
"596","0207000810051139","VA","0207000810051139",0.01,3.21
"597","0207001002041615","DC","0207001002041615",0,0.01
"598","0207000810050622","VA","0207000810050622",0.04,9.21
"599","0207000810050623","VA","0207000810050623",0.01,1.58
"600","0207001001022320","DC","0207001001022320",0,1.1
"601","0207000810050624","VA","0207000810050624",0.04,9.47
"602","0207000810051140","VA","0207000810051140",0.03,6.72
"603","0207000810051122","VA","0207000810051122",0.05,11.38
"604","0207000810050631","VA","0207000810050631",0.01,2.56
"605","0207000810051123","VA","0207000810051123",0.07,16.96
"606","0207000810052635","VA","0207000810052635",0.01,3.55
"607","0207000810051124","VA","0207000810051124",0.05,12.8
"608","0207000810051138","VA","0207000810051138",0.01,1.55
"609","0207000810051141","VA","0207000810051141",0.04,8.73
"610","0207000810050630","VA","0207000810050630",0,0.34
"611","0207000810053803","VA","0207000810053803",0.01,2.51
"612","0207000810050632","VA","0207000810050632",0.06,15.18
"613","0207000810053815","VA","0207000810053815",0.02,4.73
"614","0207000810050625","VA","0207000810050625",0.05,11.98
"615","0207000810050626","VA","0207000810050626",0.01,2.18
"616","0207000810050627","VA","0207000810050627",0.02,4.79
"617","0207000810050629","VA","0207000810050629",0.03,6.93
"618","0207001002041618","DC","0207001002041618",0,0.14
"619","0207000810050628","VA","0207000810050628",0.08,20.03
"620","0207000810051142","VA","0207000810051142",0.02,4
"621","0207000810051143","VA","0207000810051143",0.06,14.37
"622","0207001002041619","DC","0207001002041619",0,0.03
"623","0207000810051144","VA","0207000810051144",0.12,30.28
"624","0207000810051145","VA","0207000810051145",0.04,10.54
"625","0207001002041620","DC","0207001002041620",0,0.01
"626","0207000810051146","VA","0207000810051146",0.05,11.6
"627","0207000810054218","VA","0207000810054218",0.01,3.22
"628","0207000810051147","VA","0207000810051147",0.02,5.63
"629","0207000810050633","VA","0207000810050633",0.01,3.06
"630","0207000810051148","VA","0207000810051148",0.02,5.99
"631","0207000810050635","VA","0207000810050635",0.03,6.87
"632","0207000810051149","VA","0207000810051149",0.04,10.28
"633","0207000810051150","VA","0207000810051150",0.23,55.66
"634","0207001001021844","DC","0207001001021844",0.01,3.12
"635","0207000810050634","VA","0207000810050634",0.05,12.79
"636","0207000810050508","VA","0207000810050508",0.02,5.78
"637","0207000810050636","VA","0207000810050636",0.04,9.47
"638","0207000810050639","VA","0207000810050639",0.03,7.4
"639","0207000810050637","VA","0207000810050637",0.05,12.91
"640","0207000810050638","VA","0207000810050638",0.01,2.78
"641","0207001001021845","DC","0207001001021845",0.39,97.21
"642","0207001001021846","DC","0207001001021846",0.39,95.77
"643","0207000810050640","VA","0207000810050640",0.03,7.64
"644","0207000810051203","VA","0207000810051203",0.01,1.58
"645","0207001001022428","DC","0207001001022428",0,1.11
"646","0207000810050526","VA","0207000810050526",0.03,7.57
"647","0207000810050645","VA","0207000810050645",0.01,2.92
"648","0207000810051201","VA","0207000810051201",0.05,12.56
"649","0207000810051202","VA","0207000810051202",0.02,4.41
"650","0207000810051204","VA","0207000810051204",0.06,15.11
"651","0207000810050641","VA","0207000810050641",0.01,1.26
"652","0207001002043310","DC","0207001002043310",0.01,1.97
"653","0207000810051205","VA","0207000810051205",0.03,6.76
"654","0207000810051206","VA","0207000810051206",0.03,6.62
"655","0207000810051207","VA","0207000810051207",0.06,15.88
"656","0207000810050644","VA","0207000810050644",0.01,1.3
"657","0207000810050642","VA","0207000810050642",0.06,14.15
"658","0207000810051214","VA","0207000810051214",0.02,4.64
"659","0207000810050643","VA","0207000810050643",0.03,6.5
"660","0207000810051151","VA","0207000810051151",0,0.03
"661","0207000810051208","VA","0207000810051208",0.01,2.79
"662","0207001003011205","MD","0207001003011205",0.01,1.48
"663","0207000810051209","VA","0207000810051209",0.04,9.74
"664","0207000810051210","VA","0207000810051210",0.02,3.79
"665","0207001003011206","MD","0207001003011206",0.16,40.68
"666","0207000810051211","VA","0207000810051211",0.05,11.5
"667","0207000810051215","VA","0207000810051215",0.03,8.42
"668","0207000810051212","VA","0207000810051212",0.08,20.29
"669","0207000810050340","VA","0207000810050340",0.01,2.33
"670","0207000810051213","VA","0207000810051213",0.07,17.19
"671","0207000810050341","VA","0207000810050341",0.01,1.4
"672","0207000810051216","VA","0207000810051216",0.03,6.26
"673","0207000810050501","VA","0207000810050501",0.02,4.45
"674","0207000810051217","VA","0207000810051217",0.06,14.1
"675","0207000810050646","VA","0207000810050646",0.01,1.59
"676","0207000810050503","VA","0207000810050503",0.12,28.67
"677","0207001001022432","DC","0207001001022432",0.01,1.97
"678","0207000810050504","VA","0207000810050504",0.01,2.57
"679","0207000810050505","VA","0207000810050505",0.03,6.93
"680","0207000810050333","VA","0207000810050333",0.1,25.86
"681","0207000810050334","VA","0207000810050334",0.06,15.64
"682","0207000810050342","VA","0207000810050342",0.02,4.45
"683","0207000810050335","VA","0207000810050335",0.03,6.81
"684","0207000810050336","VA","0207000810050336",0.02,4.43
"685","0207000810050337","VA","0207000810050337",0.07,16.42
"686","0207000810050509","VA","0207000810050509",0.01,1.42
"687","0207000810050338","VA","0207000810050338",0.02,5.25
"688","0207000810050339","VA","0207000810050339",0.03,6.84
"689","0207000810050343","VA","0207000810050343",0.1,25.09
"690","0207000810050510","VA","0207000810050510",0.07,16.31
"691","0207000810052906","VA","0207000810052906",0.01,2.59
"692","0207000810050511","VA","0207000810050511",0.1,25.75
"693","0207001001022340","DC","0207001001022340",0,0.37
"694","0207000810050512","VA","0207000810050512",0.03,7.18
"695","0207000810050513","VA","0207000810050513",0.02,4.18
"696","0207000810050514","VA","0207000810050514",0.05,11.46
"697","0207000810050515","VA","0207000810050515",0.03,7.56
"698","0207000810050516","VA","0207000810050516",0.02,3.75
"699","0207000810050517","VA","0207000810050517",0.04,10.48
"700","0207000810050518","VA","0207000810050518",0.17,41.02
"701","0207000810050519","VA","0207000810050519",0.02,4.72
"702","0207000810051112","VA","0207000810051112",0.02,4.42
"703","0207000810051113","VA","0207000810051113",0.07,17.4
"704","0207000810052905","VA","0207000810052905",0,0.2
"705","0207000810052907","VA","0207000810052907",0.01,3.3
"706","0207000810052908","VA","0207000810052908",0.04,9.34
"707","0207000810052909","VA","0207000810052909",0.13,32.27
"708","0207000810052910","VA","0207000810052910",0.08,18.66
"709","0207001001020820","MD","0207001001020820",0.01,2
"710","0207000810052911","VA","0207000810052911",0.04,9.5
"711","0207000810051243","VA","0207000810051243",0.02,4.09
"712","0207000810051244","VA","0207000810051244",0.03,8.36
"713","0207000810051247","VA","0207000810051247",0.02,5.08
"714","0207001001020821","MD","0207001001020821",0.45,111.01
"715","0207001001020822","MD","0207001001020822",0.47,115.84
"716","0207000810051245","VA","0207000810051245",0.06,14.25
"717","0207000810051522","VA","0207000810051522",0.02,4.37
"718","0207000810051246","VA","0207000810051246",0.1,23.67
"719","0207001001031334","DC","0207001001031334",0.01,1.28
"720","0207000810051248","VA","0207000810051248",0.04,10.25
"721","0207000810051249","VA","0207000810051249",0.02,5.04
"722","0207000810051250","VA","0207000810051250",0.06,14.75
"723","0207000810056205","MD","0207000810056205",0.02,3.9
"724","0207000810051251","VA","0207000810051251",0.03,7.01
"725","0207000810051518","VA","0207000810051518",0.03,6.61
"726","0207000810051519","VA","0207000810051519",0.03,7.24
"727","0207000810051520","VA","0207000810051520",0,0.27
"728","0207000810051521","VA","0207000810051521",0.01,2.63
"729","0207000810051523","VA","0207000810051523",0.03,8.04
"730","0207000810051524","VA","0207000810051524",0.01,1.34
"731","0207001002011752","MD","0207001002011752",0,1.06
"732","0207000810051525","VA","0207000810051525",0.05,12.69
"733","0207000810051526","VA","0207000810051526",0.02,4.62
"734","0207000810051527","VA","0207000810051527",0.03,7.14
"735","0207000810052634","VA","0207000810052634",0.01,3.43
"736","0207001001030830","DC","0207001001030830",0,0.58
"737","0207000810052636","VA","0207000810052636",0.07,17.13
"738","0207000810053706","VA","0207000810053706",0.01,3.05
"739","0207000810053003","VA","0207000810053003",0.02,6.02
"740","0207000810051253","VA","0207000810051253",0.04,9.01
"741","0207000810052912","VA","0207000810052912",0.1,24.9
"742","0207000810051260","VA","0207000810051260",0,0.2
"743","0207000810053001","VA","0207000810053001",0.06,15.47
"744","0207000810051252","VA","0207000810051252",0,0.27
"745","0207000810051528","VA","0207000810051528",0,0.11
"746","0207000810051254","VA","0207000810051254",0.03,6.99
"747","0207000810051255","VA","0207000810051255",0.04,9.93
"748","0207000810051256","VA","0207000810051256",0.04,10.07
"749","0207000810051257","VA","0207000810051257",0.01,2.99
"750","0207000810051258","VA","0207000810051258",0.02,5.35
"751","0207000810051259","VA","0207000810051259",0.03,7.4
"752","0207000810052640","VA","0207000810052640",0.04,9.33
"753","0207000810052648","VA","0207000810052648",0.02,4.33
"754","0207000810052641","VA","0207000810052641",0.02,4.87
"755","0207000810052642","VA","0207000810052642",0.01,1.52
"756","0207000810052711","VA","0207000810052711",0.01,2.34
"757","0207000810052643","VA","0207000810052643",0.14,34.35
"758","0207000810052644","VA","0207000810052644",0.08,18.91
"759","0207000810052712","VA","0207000810052712",0,0.47
"760","0207000810053005","VA","0207000810053005",0.04,10.88
"761","0207000810053006","VA","0207000810053006",0.02,3.96
"762","0207000810051262","VA","0207000810051262",0.04,10.58
"763","0207000810051263","VA","0207000810051263",0.01,1.56
"764","0207000810051531","VA","0207000810051531",0.06,13.63
"765","0207000810051532","VA","0207000810051532",0.02,4.16
"766","0207000810051533","VA","0207000810051533",0.03,7.52
"767","0207000810051534","VA","0207000810051534",0.02,5.16
"768","0207000810052646","VA","0207000810052646",0.04,11.09
"769","0207000810052649","VA","0207000810052649",0.02,4.46
"770","0207000810052647","VA","0207000810052647",0.05,13.25
"771","0207000810052652","VA","0207000810052652",0.01,2.25
"772","0207000810052650","VA","0207000810052650",0.04,8.78
"773","0207000810053013","VA","0207000810053013",0.01,3.52
"774","0207001002012019","MD","0207001002012019",0,0.82
"775","0207000810052651","VA","0207000810052651",0.15,37.36
"776","0207000810052653","VA","0207000810052653",0.09,21.66
"777","0207000810053008","VA","0207000810053008",0.04,9.15
"778","0207000810053016","VA","0207000810053016",0.02,5.78
"779","0207000810053009","VA","0207000810053009",0.04,9.26
"780","0207000810051265","VA","0207000810051265",0.02,4.33
"781","0207000810053010","VA","0207000810053010",0.05,13.42
"782","0207000810051266","VA","0207000810051266",0.02,3.98
"783","0207000810053011","VA","0207000810053011",0.04,8.94
"784","0207000810053012","VA","0207000810053012",0.01,1.88
"785","0207000810053014","VA","0207000810053014",0.05,13.13
"786","0207000810051267","VA","0207000810051267",0,0.4
"787","0207000810053015","VA","0207000810053015",0.07,18.15
"788","0207000810053007","VA","0207000810053007",0.23,57.93
"789","0207000810051268","VA","0207000810051268",0,0.67
"790","0207000810053017","VA","0207000810053017",0.03,8.6
"791","0207000810051264","VA","0207000810051264",0.02,6.12
"792","0207000810051269","VA","0207000810051269",0.03,7
"793","0207000810051271","VA","0207000810051271",0.07,18.21
"794","0207000810051270","VA","0207000810051270",0.05,13.53
"795","0207000810052659","VA","0207000810052659",0.01,2.75
"796","0207000810051272","VA","0207000810051272",0.03,7.49
"797","0207000810051535","VA","0207000810051535",0.01,1.85
"798","0207000810052665","VA","0207000810052665",0,1.08
"799","0207000810052657","VA","0207000810052657",0.03,8.27
"800","0207000810052654","VA","0207000810052654",0.03,6.47
"801","0207000810052658","VA","0207000810052658",0.07,17.84
"802","0207000810053608","VA","0207000810053608",0,0.64
"803","0207000810052660","VA","0207000810052660",0.03,6.7
"804","0207000810053301","VA","0207000810053301",0.02,4.69
"805","0207000810052661","VA","0207000810052661",0.03,6.79
"806","0207000810052662","VA","0207000810052662",0.02,5.38
"807","0207000810052663","VA","0207000810052663",0.03,7.45
"808","0207000810052664","VA","0207000810052664",0.02,5.34
"809","0207000810052655","VA","0207000810052655",0.07,18
"810","0207000810053707","VA","0207000810053707",0.01,1.73
"811","0207000810052656","VA","0207000810052656",0.07,18.03
"812","0207000810053302","VA","0207000810053302",0.01,3.02
"813","0207000810053303","VA","0207000810053303",0.03,7.81
"814","0207000810053304","VA","0207000810053304",0.04,8.91
"815","0207000810053305","VA","0207000810053305",0.02,6.01
"816","0207000810053306","VA","0207000810053306",0,0.09
"817","0207000810051273","VA","0207000810051273",0,0.78
"818","0207001001031623","DC","0207001001031623",0,0.34
"819","0207000810051274","VA","0207000810051274",0.04,9.83
"820","0207000810053404","VA","0207000810053404",0.01,3.65
"821","0207000810051275","VA","0207000810051275",0.03,6.23
"822","0207000810051278","VA","0207000810051278",0.03,7.06
"823","0207000810051276","VA","0207000810051276",0.08,19.5
"824","0207000810051277","VA","0207000810051277",0,0.17
"825","0207000810051279","VA","0207000810051279",0.05,12.38
"826","0207000810052680","VA","0207000810052680",0.02,4.35
"827","0207000810051280","MD,VA","0207000810051280",0.07,17.74
"828","0207000810052681","VA","0207000810052681",0,0.16
"829","0207000810051281","VA","0207000810051281",0.03,7.47
"830","0207000810051402","VA","0207000810051402",0.02,5.8
"831","0207000810051401","VA","0207000810051401",0.06,15.07
"832","0207001001021144","MD","0207001001021144",0.01,2.78
"833","0207000810052666","VA","0207000810052666",0.01,3.2
"834","0207000810052667","VA","Lake Werowance",0.02,5.66
"835","0207001001021145","MD","0207001001021145",0.22,54.73
"836","0207000810052668","VA","0207000810052668",0.06,15.27
"837","0207000810051403","VA","0207000810051403",0,0.51
"838","0207001001021146","MD","0207001001021146",0.69,170.86
"839","0207000810052669","VA","0207000810052669",0.03,8.17
"840","0207000810052671","VA","0207000810052671",0.05,11.81
"841","0207000810052670","VA","0207000810052670",0.11,26.33
"842","0207001001021006","MD","0207001001021006",0.01,2.23
"843","0207000810052672","VA","0207000810052672",0.05,12.39
"844","0207000810052678","VA","0207000810052678",0.01,3.66
"845","0207001001021007","MD","0207001001021007",0.7,173.5
"846","0207000810052673","VA","0207000810052673",0.03,7.39
"847","0207000810052674","VA","0207000810052674",0.04,10.3
"848","0207000810052675","VA","0207000810052675",0.05,13.1
"849","0207000810052679","VA","0207000810052679",0.02,4.18
"850","0207000810052676","VA","0207000810052676",0.05,13.14
"851","0207000810052677","VA","0207000810052677",0.01,3.26
"852","0207000810052682","VA","0207000810052682",0.04,9.72
"853","0207000810053307","VA","0207000810053307",0,0.94
"854","0207000810053308","VA","0207000810053308",0.01,1.62
"855","0207000810053309","VA","0207000810053309",0.08,19.65
"856","0207000810053310","VA","0207000810053310",0.02,5.05
"857","0207000810053311","VA","0207000810053311",0.05,12.03
"858","0207000810053401","VA","0207000810053401",0.02,5.96
"859","0207000810053402","VA","0207000810053402",0.03,6.21
"860","0207000810053403","VA","0207000810053403",0.02,4.26
"861","0207001002042743","DC","0207001002042743",0,0.27
"862","0207000810051404","VA","0207000810051404",0.06,14.14
"863","0207000810053520","MD","0207000810053520",0.01,3.67
"864","0207000810051405","VA","0207000810051405",0.03,8.06
"865","0207000810051539","VA","0207000810051539",0.03,6.18
"866","0207000810051406","VA","0207000810051406",0.08,18.99
"867","0207000810051407","VA","0207000810051407",0.22,54.2
"868","0207000810051408","VA","0207000810051408",0.03,8.62
"869","0207000810051602","VA","0207000810051602",0.02,3.99
"870","0207000810051409","VA","0207000810051409",0.15,36.6
"871","0207000810051410","VA","0207000810051410",0.03,8.14
"872","0207000810053405","VA","0207000810053405",0.02,6.04
"873","0207000810051411","VA","0207000810051411",0.07,17.51
"874","0207000810055924","DC","0207000810055924",0.01,3.5
"875","0207000810051412","VA","0207000810051412",0.03,7.86
"876","0207000810052502","VA","0207000810052502",0.03,6.73
"877","0207000810051413","VA","0207000810051413",0.12,30.53
"878","0207000810051414","VA","0207000810051414",0.15,37.12
"879","0207000810051415","VA","0207000810051415",0.08,18.97
"880","0207000810051538","VA","0207000810051538",0,0.71
"881","0207000810051540","VA","0207000810051540",0.05,13.28
"882","0207000810053515","MD","0207000810053515",0.01,3.08
"883","0207000810051601","VA","0207000810051601",0.14,35.15
"884","0207000810051603","VA","0207000810051603",0.03,8.53
"885","0207000810051604","VA","0207000810051604",0.02,5.79
"886","0207000810051605","VA","0207000810051605",0.09,23.47
"887","0207000810053516","MD","0207000810053516",0.01,1.89
"888","0207000810052683","VA","0207000810052683",0.03,6.39
"889","0207000810052684","VA","0207000810052684",0,0.65
"890","0207000810055104","MD","0207000810055104",0.01,1.9
"891","0207000810052501","VA","0207000810052501",0.07,16.36
"892","0207000810057228","MD","0207000810057228",0.01,1.7
"893","0207000810052503","VA","0207000810052503",0.07,17.06
"894","0207000810057231","MD","0207000810057231",0,0.32
"895","0207000810052504","VA","0207000810052504",0.03,7.26
"896","0207000810052505","VA","0207000810052505",0.03,6.88
"897","0207000810053406","VA","0207000810053406",0.03,8.25
"898","0207000810053407","VA","0207000810053407",0,0.23
"899","0207000810055326","VA","0207000810055326",0.02,5.17
"900","0207000810053408","VA","0207000810053408",0.03,7.62
"901","0207000810053409","VA","0207000810053409",0.01,2.75
"902","0207001003010914","VA","0207001003010914",0,0.28
"903","0207000810051417","VA","0207000810051417",0.05,13.5
"904","0207000810054110","VA","0207000810054110",0.01,2.03
"905","0207000810051418","VA","0207000810051418",0.07,17.14
"906","0207001001022314","DC","0207001001022314",0.01,3.13
"907","0207000810051419","VA","0207000810051419",0.09,23.36
"908","0207001001022421","DC","0207001001022421",0,0.89
"909","0207000810051420","VA","0207000810051420",0.03,7.79
"910","0207000810051424","VA","0207000810051424",0.03,7.73
"911","0207000810051421","VA","0207000810051421",0.1,24.04
"912","0207001001022422","DC","0207001001022422",0,0.1
"913","0207000810051422","VA","0207000810051422",0.06,14.52
"914","0207000810051423","VA","0207000810051423",0.17,41.92
"915","0207001001031315","DC","0207001001031315",0,0.77
"916","0207000810051425","VA","0207000810051425",0.05,12.09
"917","0207000810051606","VA","0207000810051606",0.01,2.84
"918","0207000810051607","VA","0207000810051607",0.04,10.83
"919","0207000810051608","VA","0207000810051608",0.03,6.52
"920","0207000810051609","VA","0207000810051609",0.07,17.42
"921","0207000810051438","VA","0207000810051438",0.02,6.13
"922","0207000810051610","VA","0207000810051610",0.03,7.97
"923","0207000810051616","VA","0207000810051616",0.02,5.15
"924","0207000810051439","VA","0207000810051439",0.17,42.36
"925","0207000810051611","VA","0207000810051611",0.05,13.18
"926","0207000810051612","VA","0207000810051612",0.01,3.26
"927","0207000810051613","VA","0207000810051613",0.03,8.35
"928","0207000810052506","VA","0207000810052506",0.01,1.97
"929","0207000810051614","VA","0207000810051614",0.07,16.64
"930","0207000810053414","VA","0207000810053414",0.02,5.58
"931","0207000810051615","VA","0207000810051615",0.08,20.39
"932","0207000810054111","VA","0207000810054111",0.01,3.1
"933","0207000810052507","VA","0207000810052507",0.18,43.97
"934","0207000810054112","VA","0207000810054112",0.19,46.78
"935","0207000810052508","VA","0207000810052508",0.06,13.82
"936","0207000810053415","VA","0207000810053415",0.02,5.24
"937","0207000810052509","VA","0207000810052509",0.06,13.62
"938","0207000810053416","VA","0207000810053416",0,0.88
"939","0207000810052510","VA","0207000810052510",0.11,28.4
"940","0207001002012639","MD","0207001002012639",0,0.89
"941","0207000810052511","VA","0207000810052511",0.08,19.47
"942","0207000810053410","VA","0207000810053410",0.01,3.44
"943","0207000810052512","VA","0207000810052512",0.03,6.86
"944","0207000810053412","VA","0207000810053412",0.02,5.05
"945","0207000810053413","VA","0207000810053413",0,0.04
"946","0207000810053417","VA","0207000810053417",0.09,23
"947","0207000810053411","VA","0207000810053411",0.04,10.14
"948","0207000810051426","VA","0207000810051426",0.01,1.99
"949","0207000810051427","VA","0207000810051427",0.05,13.11
"950","0207000810051440","VA","0207000810051440",0.01,1.91
"951","0207000810051428","VA","0207000810051428",0.05,13.54
"952","0207000810052513","VA","0207000810052513",0.01,2.33
"953","0207000810051429","VA","0207000810051429",0.12,30.69
"954","0207000810051430","VA","0207000810051430",0.36,89.55
"955","0207000810051431","VA","0207000810051431",0.04,8.79
"956","0207000810051432","VA","0207000810051432",0,0.61
"957","0207001001022434","DC","0207001001022434",0.02,4.19
"958","0207000810051433","VA","0207000810051433",0.03,8.28
"959","0207000810051434","VA","0207000810051434",0.2,50.49
"960","0207000810051435","VA","0207000810051435",0.02,4.37
"961","0207000810051436","VA","0207000810051436",0.03,8.56
"962","0207000810051303","VA","0207000810051303",0.01,3.1
"963","0207000810051437","VA","0207000810051437",0.08,19.46
"964","0207000810052715","VA","0207000810052715",0,0.46
"965","0207000810052514","VA","0207000810052514",0.04,8.77
"966","0207000810052515","VA","0207000810052515",0.01,3.69
"967","0207000810052516","VA","0207000810052516",0.01,3.24
"968","0207000810053418","VA","0207000810053418",0.01,2.52
"969","0207000810055063","VA","0207000810055063",0,1.17
"970","0207000810053419","VA","0207000810053419",0.01,3.47
"971","0207000810053421","VA","0207000810053421",0.02,5.38
"972","0207000810055064","VA","0207000810055064",0.18,44.21
"973","0207001001021608","DC","0207001001021608",0,0.88
"974","0207000810053420","VA","0207000810053420",0.06,14.21
"975","0207000810052716","VA","0207000810052716",0.02,5.94
"976","0207000810053422","VA","0207000810053422",0.06,14.69
"977","0207000810053423","VA","0207000810053423",0.02,5.95
"978","0207000810053601","VA","0207000810053601",0.05,12.54
"979","0207000810053820","VA","0207000810053820",0.01,3.07
"980","0207000810053602","VA","0207000810053602",0.02,5.99
"981","0207000810051446","VA","0207000810051446",0.02,4.12
"982","0207000810053603","VA","0207000810053603",0.03,8.01
"983","0207000810051450","VA","0207000810051450",0.02,4.17
"984","0207000810051441","VA","0207000810051441",0.06,15.17
"985","0207000810051442","VA","0207000810051442",0.19,46.02
"986","0207000810051319","VA","0207000810051319",0.01,3.27
"987","0207000810051443","VA","0207000810051443",0.01,2.37
"988","0207000810051444","VA","0207000810051444",0.01,3.62
"989","0207000810051445","VA","0207000810051445",0.06,14.3
"990","0207000810051322","VA","0207000810051322",0.01,1.36
"991","0207000810051447","VA","0207000810051447",0.04,9.38
"992","0207000810051448","VA","0207000810051448",0.21,51.62
"993","0207000810051452","VA","0207000810051452",0.02,4.69
"994","0207000810051449","VA","0207000810051449",0.07,16.37
"995","0207000810052517","VA","0207000810052517",0.01,1.68
"996","0207000810051451","VA","0207000810051451",0.08,19.9
"997","0207000810053604","VA","0207000810053604",0.01,1.8
"998","0207000810052701","VA","0207000810052701",0.04,9.04
"999","0207000810052702","VA","0207000810052702",0.02,3.92
"1000","0207000810052703","VA","0207000810052703",0.02,6.15
"1001","0207000810052704","VA","0207000810052704",0.03,6.4
"1002","0207001002012640","MD","0207001002012640",0,0.36
"1003","0207000810052705","VA","0207000810052705",0.03,6.98
"1004","0207000810052708","VA","0207000810052708",0.01,2.23
"1005","0207001002012641","MD","0207001002012641",0.15,36.97
"1006","0207000810052706","VA","0207000810052706",0.01,3.52
"1007","0207000810052707","VA","0207000810052707",0.04,10.94
"1008","0207000810053605","VA","0207000810053605",0.05,11.2
"1009","0207000810053606","VA","0207000810053606",0,0.42
"1010","0207000810053607","VA","0207000810053607",0.04,9.57
"1011","0207000810051453","VA","0207000810051453",0.01,1.62
"1012","0207000810051454","VA","0207000810051454",0.04,9.78
"1013","0207000810051455","VA","0207000810051455",0.03,7.32
"1014","0207000810051456","VA","0207000810051456",0.03,7.88
"1015","0207000810051457","VA","0207000810051457",0,0.16
"1016","0207000810051458","VA","0207000810051458",0,0.14
"1017","0207000810052709","VA","0207000810052709",0.03,7.89
"1018","0207000810052710","VA","0207000810052710",0.02,5.33
"1019","0207000810052713","VA","0207000810052713",0.03,6.37
"1020","0207000810053609","VA","0207000810053609",0.04,11.09
"1021","0207000810053610","VA","0207000810053610",0.02,5.44
"1022","0207000810053613","VA","0207000810053613",0.03,7.93
"1023","0207000810053611","VA","0207000810053611",0.08,19.82
"1024","0207000810052726","VA","0207000810052726",0,0.64
"1025","0207000810053612","VA","0207000810053612",0.07,16.74
"1026","0207001001031352","DC","0207001001031352",0,0.53
"1027","0207000810053614","VA","0207000810053614",0.07,17.28
"1028","0207000810054501","MD","0207000810054501",0.01,2.4
"1029","0207000810051304","VA","0207000810051304",0.09,21.11
"1030","0207001001020802","MD","0207001001020802",0.01,3.41
"1031","0207000810051305","VA","0207000810051305",0.07,18.45
"1032","0207000810051306","VA","0207000810051306",0.02,4.7
"1033","0207000810051307","VA","0207000810051307",0.03,7
"1034","0207000810051308","VA","0207000810051308",0.03,6.36
"1035","0207001001020803","MD","0207001001020803",0.73,179.69
"1036","0207001001031353","DC","0207001001031353",0,0.07
"1037","0207000810051309","VA","0207000810051309",0.07,18.26
"1038","0207000810051310","VA","0207000810051310",0.02,5.4
"1039","0207000810051301","VA","0207000810051301",0.05,13.33
"1040","0207000810052717","VA","0207000810052717",0.03,6.64
"1041","0207000810051302","VA","0207000810051302",0.04,9.4
"1042","0207000810052714","VA","0207000810052714",0.01,1.99
"1043","0207001001023708","DC","0207001001023708",0,0.03
"1044","0207000810053616","VA","0207000810053616",0.1,23.74
"1045","0207000810053617","VA","0207000810053617",0.24,59.48
"1046","0207001001023709","DC","0207001001023709",0,0
"1047","0207001001023710","DC","0207001001023710",0,0
"1048","0207001001023711","DC","0207001001023711",0,0.04
"1049","0207000810053618","VA","0207000810053618",0.04,9.46
"1050","0207000810053619","VA","0207000810053619",0.01,3.69
"1051","0207000810053620","VA","0207000810053620",0.05,12.74
"1052","0207001001021545","DC","0207001001021545",0.01,2.03
"1053","0207000810053621","VA","0207000810053621",0.04,9.65
"1054","0207000810051624","VA","0207000810051624",0.02,4.37
"1055","0207000810053622","VA","0207000810053622",0.09,22.8
"1056","0207001001031354","DC","0207001001031354",0,0.11
"1057","0207000810051312","VA","0207000810051312",0.04,9.44
"1058","0207000810051617","VA","0207000810051617",0,0.37
"1059","0207001001031321","DC","0207001001031321",0.01,1.62
"1060","0207000810051618","VA","0207000810051618",0.02,5.38
"1061","0207000810051619","VA","0207000810051619",0.07,16.45
"1062","0207000810051620","VA","0207000810051620",0.02,6.03
"1063","0207000810051621","VA","0207000810051621",0,0.33
"1064","0207000810053626","VA","0207000810053626",0.02,4.07
"1065","0207000810051622","VA","0207000810051622",0.03,8.07
"1066","0207000810051625","VA","0207000810051625",0.01,3.68
"1067","0207000810051623","VA","0207000810051623",0.06,15.29
"1068","0207000810052718","VA","0207000810052718",0,0.88
"1069","0207000810052720","VA","0207000810052720",0.04,10.64
"1070","0207000810051316","VA","0207000810051316",0.02,4.53
"1071","0207000810052721","VA","0207000810052721",0.07,16.44
"1072","0207000810053623","VA","0207000810053623",0,0.64
"1073","0207000810053624","VA","0207000810053624",0.05,12.17
"1074","0207000810051317","VA","0207000810051317",0.02,5.26
"1075","0207000810053625","VA","0207000810053625",0.12,28.7
"1076","0207001001031322","DC","0207001001031322",0,0.41
"1077","0207000810053627","VA","0207000810053627",0.04,9.56
"1078","0207000810051626","VA","0207000810051626",0.01,2.92
"1079","0207000810053628","VA","0207000810053628",0.08,18.63
"1080","0207001001031317","DC","0207001001031317",0,0.24
"1081","0207000810053629","VA","0207000810053629",0.12,30.36
"1082","0207000810053630","VA","0207000810053630",0.11,27.89
"1083","0207000810053631","VA","0207000810053631",0.05,11.99
"1084","0207000810052724","VA","0207000810052724",0,0.69
"1085","0207000810053632","VA","0207000810053632",0.09,21.35
"1086","0207001002010634","MD","0207001002010634",0.01,2.04
"1087","0207000810053633","VA","0207000810053633",0.03,8.25
"1088","0207000810052725","VA","0207000810052725",0.03,8.18
"1089","0207000810053634","VA","0207000810053634",0.04,9.98
"1090","0207000810051313","VA","0207000810051313",0,1.01
"1091","0207000810051314","VA","0207000810051314",0,0.07
"1092","0207000810051315","VA","0207000810051315",0.12,29.62
"1093","0207001001032533","DC","0207001001032533",0,0.76
"1094","0207000810051627","VA","0207000810051627",0.04,10.45
"1095","0207000810051628","VA","0207000810051628",0.01,3.62
"1096","0207001001032534","DC","0207001001032534",0,0
"1097","0207000810051629","VA","0207000810051629",0.01,3.06
"1098","0207000810052601","VA","0207000810052601",0.18,45.71
"1099","0207000810052602","VA","0207000810052602",0.02,5.38
"1100","0207000810052603","VA","0207000810052603",0.09,21.12
"1101","0207000810052604","VA","0207000810052604",0.19,47.65
"1102","0207000810054452","VA","0207000810054452",0.01,1.53
"1103","0207000810052605","VA","0207000810052605",0.04,10.18
"1104","0207000810052722","VA","0207000810052722",0.01,1.54
"1105","0207000810054453","VA","0207000810054453",0,0.22
"1106","0207000810052723","VA","0207000810052723",0.08,19.91
"1107","0207000810054465","MD","0207000810054465",0,1.21
"1108","0207000810053816","VA","0207000810053816",0.06,15.74
"1109","0207000810053819","VA","0207000810053819",0.02,5.14
"1110","0207000810053817","VA","0207000810053817",0.03,8.15
"1111","0207000810053818","VA","0207000810053818",0.01,3.36
"1112","0207000810053821","VA","0207000810053821",0.04,9.65
"1113","0207000810051318","VA","0207000810051318",0.01,1.55
"1114","0207000810051320","VA","0207000810051320",0.05,12.08
"1115","0207000810051321","VA","0207000810051321",0.01,3.02
"1116","0207000810051323","VA","0207000810051323",0.07,16.29
"1117","0207000810051501","VA","0207000810051501",0.02,4.15
"1118","0207000810052606","VA","0207000810052606",0.01,1.81
"1119","0207000810052607","VA","0207000810052607",0.1,23.87
"1120","0207000810052608","VA","0207000810052608",0.01,3.5
"1121","0207000810052609","VA","0207000810052609",0.07,16.66
"1122","0207000810056502","MD","0207000810056502",0.02,5.12
"1123","0207000810052610","VA","0207000810052610",0.03,7.25
"1124","0207000810052611","VA","0207000810052611",0.01,2.19
"1125","0207000810052727","VA","0207000810052727",0.05,12.78
"1126","0207000810051222","VA","0207000810051222",0.02,3.72
"1127","0207000810052728","VA","0207000810052728",0.04,10.74
"1128","0207000810056506","MD","0207000810056506",0,0.47
"1129","0207000810052729","VA","0207000810052729",0.05,12.71
"1130","0207001002011124","MD","0207001002011124",0,0.58
"1131","0207000810052801","VA","0207000810052801",0.05,11.36
"1132","0207000810052804","VA","0207000810052804",0.02,5.6
"1133","0207000810052802","VA","0207000810052802",0.04,9.85
"1134","0207000810052806","VA","0207000810052806",0.03,6.51
"1135","0207000810052803","VA","0207000810052803",0.08,20.84
"1136","0207000810052807","VA","0207000810052807",0.17,41.23
"1137","0207000810052805","VA","0207000810052805",0.07,17.15
"1138","0207000810052808","VA","0207000810052808",0.04,10.67
"1139","0207000810052809","VA","0207000810052809",0.01,3.18
"1140","0207000810051223","VA","0207000810051223",0.03,7.35
"1141","0207000810051225","VA","0207000810051225",0.02,3.89
"1142","0207000810051224","VA","0207000810051224",0.08,19.4
"1143","0207001002010912","MD","0207001002010912",0,0.97
"1144","0207000810051226","VA","0207000810051226",0.04,10.43
"1145","0207000810051231","VA","0207000810051231",0.03,6.3
"1146","0207000810051227","VA","0207000810051227",0.11,27.38
"1147","0207000810051228","VA","0207000810051228",0.04,10.6
"1148","0207000810051232","VA","0207000810051232",0.02,5.59
"1149","0207000810051229","VA","0207000810051229",0.07,18.08
"1150","0207000810051503","VA","0207000810051503",0.01,1.96
"1151","0207000810051230","VA","0207000810051230",0.08,19.24
"1152","0207000810051504","VA","0207000810051504",0.01,3.49
"1153","0207000810051233","VA","0207000810051233",0.03,7.37
"1154","0207000810051234","VA","0207000810051234",0.04,9.57
"1155","0207000810051235","VA","0207000810051235",0.02,5.36
"1156","0207000810051502","VA","0207000810051502",0.06,15.86
"1157","0207000810052613","VA","0207000810052613",0.05,11.55
"1158","0207000810052615","VA","0207000810052615",0.03,7.55
"1159","0207000810052614","VA","0207000810052614",0.07,16.78
"1160","0207000810054129","VA","0207000810054129",0.01,3.23
"1161","0207000810052616","VA","0207000810052616",0.07,16.69
"1162","0207001002011623","MD","0207001002011623",0,0.52
"1163","0207000810052617","VA","0207000810052617",0.08,20.67
"1164","0207001002011625","MD","0207001002011625",0.24,59.57
"1165","0207001002011626","MD","0207001002011626",0.15,38.01
"1166","0207000810052618","VA","0207000810052618",0.02,4.5
"1167","0207000810052619","VA","0207000810052619",0.02,5.95
"1168","0207001002011318","MD","0207001002011318",0,0.91
"1169","0207000810052620","VA","0207000810052620",0.03,6.54
"1170","0207000810052621","VA","0207000810052621",0.03,7.06
"1171","0207001002011319","MD","0207001002011319",0.44,109.54
"1172","0207000810052622","VA","0207000810052622",0.06,14.01
"1173","0207000810054219","VA","0207000810054219",0.02,6.01
"1174","0207000810052623","VA","0207000810052623",0.07,16.42
"1175","0207001001021619","DC","0207001001021619",0.01,2.72
"1176","0207000810052624","VA","0207000810052624",0.03,6.38
"1177","0207000810052810","VA","0207000810052810",0.02,5.77
"1178","0207000810052811","VA","0207000810052811",0.04,9.62
"1179","0207000810052812","VA","0207000810052812",0.02,4.45
"1180","0207000810052813","VA","0207000810052813",0.04,10.71
"1181","0207000810051801","VA","0207000810051801",0.01,3.51
"1182","0207000810052814","VA","0207000810052814",0.02,4.91
"1183","0207000810052819","VA","0207000810052819",0.04,9.67
"1184","0207000810052815","VA","0207000810052815",0.08,20.42
"1185","0207001001022023","DC","0207001001022023",0.01,2
"1186","0207000810052816","VA","0207000810052816",0.04,9.21
"1187","0207000810052817","VA","0207000810052817",0.13,32.95
"1188","0207000810051240","VA","0207000810051240",0.02,6.06
"1189","0207000810052818","VA","0207000810052818",0.05,11.38
"1190","0207001001022024","DC","0207001001022024",0,0.24
"1191","0207000810051236","VA","0207000810051236",0.02,4.4
"1192","0207000810051507","VA","0207000810051507",0.02,4.08
"1193","0207000810051237","VA","0207000810051237",0.06,14.14
"1194","0207000810051238","VA","0207000810051238",0.01,1.46
"1195","0207000810051239","VA","0207000810051239",0.05,12.88
"1196","0207000810051508","VA","0207000810051508",0.02,3.71
"1197","0207000810051241","VA","0207000810051241",0.06,15.35
"1198","0207000810051242","VA","0207000810051242",0.02,4.96
"1199","0207000810051505","VA","0207000810051505",0.05,13.47
"1200","0207000810051513","VA","0207000810051513",0.02,3.85
"1201","0207000810051506","VA","0207000810051506",0.13,32.68
"1202","0207000810051509","VA","0207000810051509",0.06,14.45
"1203","0207000810051514","VA","0207000810051514",0,1.14
"1204","0207000810051510","VA","0207000810051510",0.03,7.98
"1205","0207000810051516","VA","0207000810051516",0.02,4.75
"1206","0207000810051511","VA","0207000810051511",0.06,15.07
"1207","0207000810052631","VA","0207000810052631",0.02,4.96
"1208","0207000810051512","VA","0207000810051512",0.19,47.27
"1209","0207000810051515","VA","0207000810051515",0.08,18.9
"1210","0207000810052820","VA","0207000810052820",0.01,3.02
"1211","0207000810051517","VA","0207000810051517",0.06,15.66
"1212","0207000810052625","VA","0207000810052625",0,0.09
"1213","0207000810052626","VA","0207000810052626",0,0.83
"1214","0207000810052627","VA","0207000810052627",0.12,30.79
"1215","0207001001023744","DC","0207001001023744",0.01,1.86
"1216","0207000810052628","VA","0207000810052628",0.19,46.54
"1217","0207001001023745","DC","0207001001023745",0,0
"1218","0207000810052629","VA","0207000810052629",0.07,17.61
"1219","0207001001023746","DC","0207001001023746",0,0
"1220","0207001001023739","DC","0207001001023739",0,0.05
"1221","0207000810052630","VA","0207000810052630",0.09,22.06
"1222","0207001001022331","DC","0207001001022331",0.01,1.32
"1223","0207000810052632","VA","0207000810052632",0.05,12.18
"1224","0207000810052823","VA","0207000810052823",0.03,7.41
"1225","0207000810052633","VA","0207000810052633",0.07,17.8
"1226","0207001001022335","DC","0207001001022335",0,0.37
"1227","0207000810052821","VA","0207000810052821",0.03,8.42
"1228","0207000810052822","VA","0207000810052822",0.02,5.04
"1229","0207000810052824","VA","0207000810052824",0.06,15.58
"1230","0207000810051802","VA","0207000810051802",0.01,3.09
"1231","0207000810052825","VA","0207000810052825",0.06,14.9
"1232","0207000810053808","VA","0207000810053808",0.01,1.51
"1233","0207000810052901","VA","0207000810052901",0.08,19.56
"1234","0207001001022502","DC","0207001001022502",0,0.33
"1235","0207000810052902","VA","0207000810052902",0.09,22.61
"1236","0207000810052903","VA","0207000810052903",0.06,14.54
"1237","0207000810052904","VA","0207000810052904",0.22,54.6
"1238","0207000810054172","VA","0207000810054172",0.01,1.25
"1239","0207000810054173","VA","0207000810054173",0.02,5.65
"1240","0207000810054174","VA","0207000810054174",0.01,1.99
"1241","0207001001023410","DC","0207001001023410",0,0.92
"1242","0207000810054175","VA","0207000810054175",0.04,9.91
"1243","0207000810054176","VA","0207000810054176",0.21,52.54
"1244","0207000810055341","VA","0207000810055341",0.02,4.13
"1245","0207001001023411","DC","0207001001023411",0.14,34.97
"1246","0207000810054201","VA","0207000810054201",0.08,19.26
"1247","0207001002012428","MD","0207001002012428",0.01,3.13
"1248","0207000810055342","VA","0207000810055342",0.02,5.6
"1249","0207000810055343","VA","0207000810055343",0.03,7.1
"1250","0207000810055344","VA","0207000810055344",0.04,11.03
"1251","0207000810056308","MD","0207000810056308",0.02,4.04
"1252","0207000810055345","VA","0207000810055345",0.02,5.62
"1253","0207000810053745","VA","0207000810053745",0.01,3.47
"1254","0207000810055346","VA","0207000810055346",0.04,9.88
"1255","0207000810055347","VA","0207000810055347",0,0.76
"1256","0207001002011753","MD","0207001002011753",0.01,2.16
"1257","0207000810055348","VA","0207000810055348",0.03,6.23
"1258","0207000810055349","VA","0207000810055349",0,0.31
"1259","0207000810056307","MD","0207000810056307",0.01,3.07
"1260","0207000810056309","MD","0207000810056309",0.07,17.11
"1261","0207000810053746","VA","0207000810053746",0.02,3.71
"1262","0207000810056310","MD","0207000810056310",0.02,5.15
"1263","0207000810056311","MD","0207000810056311",0.02,6.17
"1264","0207000810053747","VA","0207000810053747",0.05,11.12
"1265","0207000810053801","VA","0207000810053801",0.01,3.05
"1266","0207000810053744","VA","0207000810053744",0.02,4.75
"1267","0207000810054202","VA","0207000810054202",0.03,7.09
"1268","0207000810054207","VA","0207000810054207",0.07,17.82
"1269","0207001002011615","MD","0207001002011615",0.01,2.71
"1270","0207000810054208","VA","0207000810054208",0.03,7.72
"1271","0207000810054209","VA","0207000810054209",0.02,5.38
"1272","0207000810054210","VA","0207000810054210",0.06,14.87
"1273","0207000810054212","VA","0207000810054212",0.03,6.61
"1274","0207000810054203","VA","0207000810054203",0.05,12.36
"1275","0207000810054204","VA","0207000810054204",0.12,28.8
"1276","0207000810054213","VA","0207000810054213",0.01,3.19
"1277","0207000810054205","VA","0207000810054205",0.07,16.17
"1278","0207000810054206","VA","0207000810054206",0.06,14.52
"1279","0207001001022409","DC","0207001001022409",0.02,4.3
"1280","0207000810054211","VA","0207000810054211",0.05,13.3
"1281","0207001001022410","DC","0207001001022410",0.05,13.35
"1282","0207000810054214","VA","0207000810054214",0.03,8.39
"1283","0207000810054217","VA","0207000810054217",0.04,9.78
"1284","0207000810054215","VA","0207000810054215",0.08,19.09
"1285","0207000810055351","VA","0207000810055351",0.02,3.94
"1286","0207000810054216","VA","0207000810054216",0.07,18.25
"1287","0207000810055350","VA","0207000810055350",0,0.74
"1288","0207000810053829","VA","0207000810053829",0.06,16
"1289","0207000810053915","VA","0207000810053915",0.1,25.25
"1290","0207000810053916","VA","0207000810053916",0.21,50.72
"1291","0207000810053917","VA","0207000810053917",0.22,54.86
"1292","0207000810053918","VA","0207000810053918",0.45,110.27
"1293","0207001001021704","DC","0207001001021704",0.01,3.12
"1294","0207000810053919","VA","0207000810053919",0.04,10.18
"1295","0207000810054001","VA","0207000810054001",0.2,48.27
"1296","0207001001021707","DC","0207001001021707",0,0.86
"1297","0207000810054002","VA","0207000810054002",0.14,34.69
"1298","0207000810054220","VA","0207000810054220",0.04,9.17
"1299","0207000810054222","VA","0207000810054222",0.03,6.6
"1300","0207000810054221","VA","0207000810054221",0.08,19.3
"1301","0207000810055353","VA","0207000810055353",0,1.06
"1302","0207000810054223","VA","0207000810054223",0.04,8.83
"1303","0207000810054224","VA","0207000810054224",0.02,5.46
"1304","0207000810055354","VA","0207000810055354",0.03,7.09
"1305","0207000810055355","VA","0207000810055355",0.03,7.4
"1306","0207000810054008","VA","0207000810054008",0.04,9.33
"1307","0207000810053809","VA","0207000810053809",0.02,4.94
"1308","0207000810054009","VA","0207000810054009",0.04,9.91
"1309","0207000810054007","VA","0207000810054007",0.02,4.83
"1310","0207000810054010","VA","0207000810054010",0.12,29.48
"1311","0207000810054003","VA","0207000810054003",0.08,20.31
"1312","0207000810054004","VA","0207000810054004",0.14,34.21
"1313","0207000810054005","VA","0207000810054005",0.18,44.34
"1314","0207000810054006","VA","0207000810054006",0.27,65.77
"1315","0207000810054011","VA","0207000810054011",0.1,25.53
"1316","0207000810054736","MD","0207000810054736",0.06,15.17
"1317","0207001001022726","DC","0207001001022726",0,0.65
"1318","0207000810054738","MD","0207000810054738",0.16,38.32
"1319","0207000810054739","MD","0207000810054739",0.06,15.07
"1320","0207001001022737","DC","0207001001022737",0.01,3.64
"1321","0207000810053805","VA","0207000810053805",0.02,4.73
"1322","0207000810053806","VA","0207000810053806",0.02,5.75
"1323","0207001001023223","DC","0207001001023223",0,0.08
"1324","0207000810054226","VA","0207000810054226",0.15,36.35
"1325","0207000810054227","VA","0207000810054227",0.04,9.11
"1326","0207000810054228","VA","0207000810054228",0.03,7.82
"1327","0207000810054229","VA","0207000810054229",0.04,10.58
"1328","0207000810054230","VA","0207000810054230",0.01,3.1
"1329","0207000810054231","VA","0207000810054231",0.04,8.91
"1330","0207000810055001","VA","0207000810055001",0.04,10.42
"1331","0207000810054232","MD,VA","0207000810054232",0.07,17.14
"1332","0207000810055359","VA","0207000810055359",0,0.52
"1333","0207000810054740","MD","0207000810054740",0,0.27
"1334","0207000810055002","VA","0207000810055002",0.06,14.32
"1335","0207000810054133","VA","0207000810054133",0.02,3.9
"1336","0207000810055003","VA","0207000810055003",0.07,17.67
"1337","0207000810055004","VA","0207000810055004",0,0.29
"1338","0207000810055005","VA","0207000810055005",0.02,6.04
"1339","0207000810055356","VA","0207000810055356",0,0.77
"1340","0207000810054814","MD","0207000810054814",0.02,4.62
"1341","0207000810055357","VA","0207000810055357",0.04,10.25
"1342","0207000810055358","VA","0207000810055358",0.02,4.74
"1343","0207000810054741","MD","0207000810054741",0.03,6.72
"1344","0207000810054745","MD","0207000810054745",0.03,7.93
"1345","0207000810054742","MD","0207000810054742",0.03,7.91
"1346","0207000810054749","MD","0207000810054749",0,0.03
"1347","0207000810053810","VA","0207000810053810",0.02,6.01
"1348","0207000810055006","VA","0207000810055006",0.31,77.54
"1349","0207000810054743","MD","0207000810054743",0.06,14.76
"1350","0207000810054744","MD","0207000810054744",0.02,3.95
"1351","0207000810054746","MD","0207000810054746",0.04,8.83
"1352","0207000810054747","MD","0207000810054747",0.02,4.14
"1353","0207000810054748","MD","0207000810054748",0.11,27.02
"1354","0207000810058300","MD","0207000810058300",0.01,3.09
"1355","0207000810058400","MD","0207000810058400",0.03,7.08
"1356","0207000810051803","VA","0207000810051803",0.03,6.69
"1357","0207000810051804","VA","0207000810051804",0.02,5.14
"1358","0207000810055007","VA","0207000810055007",0.1,24.36
"1359","0207000810055008","VA","0207000810055008",0.12,28.57
"1360","0207000810055009","VA","0207000810055009",0.03,7.81
"1361","0207000810055010","VA","0207000810055010",0.75,184.95
"1362","0207000810055011","VA","0207000810055011",0.18,43.27
"1363","0207000810055012","VA","0207000810055012",0,0.57
"1364","0207000810055014","VA","0207000810055014",0.24,58.84
"1365","0207000810055015","VA","0207000810055015",0.07,16.95
"1366","0207000810053734","VA","0207000810053734",0.01,2.84
"1367","0207000810055016","VA","0207000810055016",0.13,32.65
"1368","0207000810055017","VA","0207000810055017",0.22,53.42
"1369","0207000810055018","VA","0207000810055018",0.04,10.11
"1370","0207000810055361","VA","0207000810055361",0.02,5.03
"1371","0207000810055019","VA","0207000810055019",0.11,27.62
"1372","0207000810055020","VA","0207000810055020",0.23,57.55
"1373","0207000810055021","VA","0207000810055021",0.09,21.05
"1374","0207000810055362","VA","0207000810055362",0.02,5.69
"1375","0207000810055363","VA","0207000810055363",0.03,7.03
"1376","0207000810055364","VA","0207000810055364",0.03,6.8
"1377","0207000810055360","VA","0207000810055360",0.01,3.01
"1378","0207001001023619","DC","0207001001023619",0.01,1.68
"1379","0207000810055365","VA","0207000810055365",0.02,5.32
"1380","0207000810055366","VA","0207000810055366",0.04,9.91
"1381","0207001001023620","DC","0207001001023620",0,0.06
"1382","0207000810055367","VA","0207000810055367",0.02,3.72
"1383","0207000810051805","VA","0207000810051805",0.03,8.19
"1384","0207001001023621","DC","0207001001023621",0,0.05
"1385","0207000810051806","VA","0207000810051806",0.03,6.85
"1386","0207000810051807","VA","0207000810051807",0.01,2.79
"1387","0207000810053111","MD","0207000810053111",0.01,3.03
"1388","0207000810051808","VA","0207000810051808",0.02,4.15
"1389","0207000810053813","VA","0207000810053813",0.02,4.45
"1390","0207000810051809","VA","0207000810051809",0.06,14.08
"1391","0207000810053112","MD","0207000810053112",0,0.45
"1392","0207000810051810","VA","0207000810051810",0.05,11.75
"1393","0207000810055368","VA","0207000810055368",0.01,3.02
"1394","0207000810051811","VA","0207000810051811",0.02,4.39
"1395","0207000810051812","VA","0207000810051812",0,0.02
"1396","0207000810053812","VA","0207000810053812",0,1.12
"1397","0207000810053113","MD","0207000810053113",0.01,1.56
"1398","0207000810053830","VA","0207000810053830",0.04,9.03
"1399","0207000810053811","VA","0207000810053811",0.02,4.83
"1400","0207000810055022","VA","0207000810055022",0.08,20.49
"1401","0207000810055023","VA","0207000810055023",0.32,79.27
"1402","0207000810055369","VA","0207000810055369",0.01,2.75
"1403","0207000810055024","VA","0207000810055024",0.05,12.18
"1404","0207000810051813","VA","0207000810051813",0.02,4
"1405","0207000810055025","VA","0207000810055025",0.17,43.18
"1406","0207000810055026","VA","0207000810055026",0.15,38.08
"1407","0207000810055027","VA","0207000810055027",0.23,55.82
"1408","0207000810055028","VA","0207000810055028",0.51,125.12
"1409","0207000810055029","VA","0207000810055029",0.05,11.66
"1410","0207000810054513","MD","0207000810054513",0,1.17
"1411","0207000810055030","VA","0207000810055030",0.05,11.13
"1412","0207000810051816","VA","0207000810051816",0.02,5.91
"1413","0207000810055031","VA","0207000810055031",0.06,15.63
"1414","0207000810053635","VA","0207000810053635",0,0.47
"1415","0207000810055032","VA","0207000810055032",0.05,13.1
"1416","0207000810053831","MD,VA","0207000810053831",0.01,2.12
"1417","0207000810055033","VA","0207000810055033",0.13,32.88
"1418","0207000810055034","VA","0207000810055034",0,0.05
"1419","0207000810055035","VA","0207000810055035",0.04,10.12
"1420","0207000810053732","VA","0207000810053732",0.01,3.52
"1421","0207000810055036","VA","0207000810055036",0.03,7.24
"1422","0207000810053901","VA","0207000810053901",0.01,3.4
"1423","0207000810053902","VA","0207000810053902",0.64,159.02
"1424","0207000810055037","VA","0207000810055037",0.05,13.37
"1425","0207000810055042","VA","0207000810055042",0,1.19
"1426","0207000810055038","VA","0207000810055038",0.06,15.4
"1427","0207001001023305","DC","0207001001023305",0.01,1.39
"1428","0207000810055039","VA","0207000810055039",0.13,32.62
"1429","0207000810051814","VA","0207000810051814",0.03,6.8
"1430","0207000810055050","VA","0207000810055050",0.04,8.76
"1431","0207001001022610","DC","0207001001022610",0,0.02
"1432","0207000810051815","VA","0207000810051815",0.09,21.66
"1433","0207000810055370","VA","0207000810055370",0.01,1.3
"1434","0207001001022611","DC","0207001001022611",0,0
"1435","0207000810053903","VA","0207000810053903",0.07,17.57
"1436","0207000810055374","VA","0207000810055374",0.01,1.99
"1437","0207000810053904","VA","0207000810053904",0.04,10.34
"1438","0207000810056315","MD","0207000810056315",0.01,3.4
"1439","0207000810055040","VA","0207000810055040",0.06,14.32
"1440","0207001001022309","DC","0207001001022309",0.01,2.26
"1441","0207000810055041","VA","0207000810055041",0.15,37.11
"1442","0207000810055043","VA","0207000810055043",0.1,25.16
"1443","0207000810055044","VA","0207000810055044",0.19,46.8
"1444","0207001001022612","DC","0207001001022612",0,0.01
"1445","0207000810055045","VA","0207000810055045",0.09,21.14
"1446","0207000810055046","VA","0207000810055046",0.07,18.48
"1447","0207000810055375","VA","0207000810055375",0.02,5.83
"1448","0207000810055047","VA","0207000810055047",0.03,8.21
"1449","0207000810055048","VA","0207000810055048",0.28,68.14
"1450","0207000810055066","VA","0207000810055066",0.01,2.47
"1451","0207000810055067","VA","0207000810055067",0.16,40.36
"1452","0207000810055049","VA","0207000810055049",0.1,24.11
"1453","0207000810055371","VA","0207000810055371",0.05,12.32
"1454","0207000810055376","VA","0207000810055376",0.03,6.91
"1455","0207000810055372","VA","0207000810055372",0.04,9.33
"1456","0207000810055373","VA","0207000810055373",0.03,7.2
"1457","0207000810053701","VA","0207000810053701",0.17,42.3
"1458","0207000810053702","VA","0207000810053702",0.08,20.22
"1459","0207000810053637","VA","0207000810053637",0.28,68.71
"1460","0207001002040915","DC","0207001002040915",0.01,1.4
"1461","0207000810053703","VA","0207000810053703",0.07,17.87
"1462","0207000810053636","VA","0207000810053636",0,0.91
"1463","0207000810053638","VA","0207000810053638",0.05,12.31
"1464","0207000810053905","VA","0207000810053905",0.01,1.64
"1465","0207000810053914","VA","0207000810053914",0.61,149.91
"1466","0207001002040910","MD","0207001002040910",0.75,186.12
"1467","0207000810053906","VA","0207000810053906",0.08,19.18
"1468","0207000810053907","VA","0207000810053907",0.27,67.54
"1469","0207000810053908","VA","0207000810053908",0.05,12.45
"1470","0207000810055051","VA","0207000810055051",0.01,2.02
"1471","0207000810053909","VA","0207000810053909",0.1,23.66
"1472","0207000810053910","VA","0207000810053910",0.12,30.22
"1473","0207001002042828","DC","0207001002042828",0,0.82
"1474","0207000810053911","VA","0207000810053911",0.08,20.88
"1475","0207000810053912","VA","0207000810053912",0.18,45.2
"1476","0207000810053913","VA","0207000810053913",0.09,21.11
"1477","0207000810054012","VA","0207000810054012",0.09,22.62
"1478","0207001002042829","DC","0207001002042829",0,0.38
"1479","0207000810055052","VA","0207000810055052",0.04,9.4
"1480","0207000810055053","VA","0207000810055053",0,0.32
"1481","0207000810055054","VA","0207000810055054",0.03,7.47
"1482","0207000810055381","VA","0207000810055381",0.02,5.33
"1483","0207000810055055","VA","0207000810055055",0.02,3.98
"1484","0207000810055056","VA","0207000810055056",0,0.09
"1485","0207000810055382","VA","0207000810055382",0,0.93
"1486","0207001002042327","DC","0207001002042327",0.01,1.62
"1487","0207000810055057","VA","0207000810055057",0.09,21.77
"1488","0207000810055380","VA","0207000810055380",0,0.07
"1489","0207000810055383","VA","0207000810055383",0.02,4.57
"1490","0207000810053705","VA","0207000810053705",0.02,5.4
"1491","0207000810054019","VA","0207000810054019",0.16,39.72
"1492","0207000810054020","VA","0207000810054020",0.08,20.14
"1493","0207000810055384","VA","0207000810055384",0.06,14.67
"1494","0207000810056235","MD","0207000810056235",0.05,11.17
"1495","0207000810055385","VA","0207000810055385",0.04,9.3
"1496","0207000810055377","VA","0207000810055377",0.01,3.4
"1497","0207000810055378","VA","0207000810055378",0.03,7.76
"1498","0207000810056214","MD","0207000810056214",0.03,7.52
"1499","0207000810055379","VA","0207000810055379",0.04,10
"1500","0207000810054015","VA","0207000810054015",0.03,7.74
"1501","0207000810055386","MD,VA","0207000810055386",0.05,11.85
"1502","0207000810056201","MD","0207000810056201",0.16,40.02
"1503","0207000810054106","VA","0207000810054106",0,0.08
"1504","0207000810056318","MD","0207000810056318",0.02,4.91
"1505","0207000810056202","MD","0207000810056202",0.05,11.23
"1506","0207000810053704","VA","0207000810053704",0.01,2.22
"1507","0207000810054021","VA","0207000810054021",0.03,6.2
"1508","0207000810055060","VA","0207000810055060",0.02,5.35
"1509","0207000810054013","VA","0207000810054013",0.05,11.56
"1510","0207000810054014","VA","0207000810054014",1.25,308.67
"1511","0207001002042830","DC","0207001002042830",0,0.25
"1512","0207000810054016","VA","0207000810054016",0.13,32.01
"1513","0207000810054017","VA","0207000810054017",0.4,99.54
"1514","0207000810054817","MD","0207000810054817",0,0.64
"1515","0207000810054018","VA","0207000810054018",0.06,13.7
"1516","0207000810054101","VA","0207000810054101",0.29,70.79
"1517","0207000810054102","VA","0207000810054102",0.06,13.81
"1518","0207000810055061","VA","0207000810055061",0,0.68
"1519","0207000810055062","VA","0207000810055062",0.18,45.6
"1520","0207000810054103","VA","0207000810054103",0.07,16.72
"1521","0207000810054104","VA","0207000810054104",0.2,48.79
"1522","0207001002042831","DC","0207001002042831",0,0.17
"1523","0207000810054105","VA","0207000810054105",0.06,15.48
"1524","0207000810054107","VA","0207000810054107",0.05,12.45
"1525","0207000810056207","MD","0207000810056207",0.03,7.53
"1526","0207000810054108","VA","0207000810054108",0.07,18.37
"1527","0207000810055059","VA","0207000810055059",0,0.43
"1528","0207001002043254","DC","0207001002043254",0,0
"1529","0207000810055058","VA","0207000810055058",0.04,10.23
"1530","0207000810056206","MD","0207000810056206",0.02,4
"1531","0207000810056203","MD","0207000810056203",0.04,9.04
"1532","0207000810056204","MD","0207000810056204",0.04,8.94
"1533","0207001002043255","DC","0207001002043255",0,0.06
"1534","0207000810056208","MD","0207000810056208",0.04,9.42
"1535","0207000810056209","MD","0207000810056209",0.02,4.97
"1536","0207000810056210","MD","0207000810056210",0.12,29.43
"1537","0207001001022503","DC","0207001001022503",0.01,3.04
"1538","0207000810053708","VA","0207000810053708",0.02,5.4
"1539","0207000810055065","VA","0207000810055065",0.02,5.63
"1540","0207000810054109","VA","0207000810054109",0.07,16.62
"1541","0207000810055068","VA","0207000810055068",0.07,16.42
"1542","0207001003010842","VA","0207001003010842",0,0.34
"1543","0207000810055069","VA","0207000810055069",0.05,11.2
"1544","0207000810056218","MD","0207000810056218",0.02,6.13
"1545","0207000810055070","VA","0207000810055070",0.05,13.41
"1546","0207000810056212","MD","0207000810056212",0,0.51
"1547","0207001003010843","VA","0207001003010843",0.31,77.23
"1548","0207000810056213","MD","0207000810056213",0.05,11.65
"1549","0207000810056211","MD","0207000810056211",0.01,2.14
"1550","0207001001022418","DC","0207001001022418",0.01,2.57
"1551","0207000810056215","MD","0207000810056215",0.08,19.33
"1552","0207000810056216","MD","0207000810056216",0.02,5.51
"1553","0207001002042723","DC","0207001002042723",0,0.02
"1554","0207001002042724","DC","0207001002042724",0.54,133.66
"1555","0207001002042725","DC","0207001002042725",0.51,125.08
"1556","0207000810056217","MD","0207000810056217",0.18,43.72
"1557","0207000810056236","MD","0207000810056236",0.03,7.26
"1558","0207000810053713","VA","0207000810053713",0.01,3.51
"1559","0207001001022419","DC","0207001001022419",0.01,1.31
"1560","0207000810053714","VA","0207000810053714",0.08,19.86
"1561","0207001001022013","DC","0207001001022013",0,1.01
"1562","0207000810053715","VA","0207000810053715",0.03,6.39
"1563","0207000810053710","VA","0207000810053710",0.02,4.84
"1564","0207000810053709","VA","0207000810053709",0.08,19.03
"1565","0207001001022327","DC","0207001001022327",0.01,1.48
"1566","0207000810053711","VA","0207000810053711",0.04,10.25
"1567","0207000810054113","VA","0207000810054113",0.01,1.62
"1568","0207000810054114","VA","0207000810054114",0.2,48.72
"1569","0207000810053712","VA","0207000810053712",0.1,23.79
"1570","0207001001022328","DC","0207001001022328",0,0.73
"1571","0207000810054115","VA","0207000810054115",0.08,19.68
"1572","0207000810054116","VA","0207000810054116",0.07,17.44
"1573","0207000810055304","VA","0207000810055304",0.01,3.14
"1574","0207000810054117","VA","0207000810054117",0.06,13.95
"1575","0207000810054118","VA","0207000810054118",0,0.73
"1576","0207000810055301","VA","0207000810055301",0.04,10.29
"1577","0207000810055302","VA","0207000810055302",0.22,55.44
"1578","0207000810055303","VA","0207000810055303",0.02,4.68
"1579","0207000810055305","VA","0207000810055305",0.06,15.58
"1580","0207000810056219","MD","0207000810056219",0.01,3.59
"1581","0207000810056220","MD","0207000810056220",0.09,22.94
"1582","0207000810054135","VA","0207000810054135",0.02,5.19
"1583","0207000810056221","MD","0207000810056221",0.09,21.02
"1584","0207000810056222","MD","0207000810056222",0.02,4.63
"1585","0207000810053717","VA","0207000810053717",0.02,5.75
"1586","0207000810054123","VA","0207000810054123",0.02,5.77
"1587","0207000810053718","VA","0207000810053718",0.07,16.42
"1588","0207000810054122","VA","0207000810054122",0,0.72
"1589","0207000810054119","VA","0207000810054119",0.08,20.36
"1590","0207000810054136","VA","0207000810054136",0,0.12
"1591","0207000810054120","VA","0207000810054120",0.05,12.47
"1592","0207000810054124","VA","0207000810054124",0.02,4.89
"1593","0207000810054121","VA","0207000810054121",0.08,19.05
"1594","0207001001022435","DC","0207001001022435",0.01,1.72
"1595","0207000810054125","VA","0207000810054125",0.04,10.17
"1596","0207000810055310","VA","0207000810055310",0.01,3.3
"1597","0207000810054126","VA","0207000810054126",0.05,12.82
"1598","0207000810055311","VA","0207000810055311",0,0.53
"1599","0207000810054127","VA","0207000810054127",0.06,15.02
"1600","0207000810056224","MD","0207000810056224",0.01,1.95
"1601","0207000810055306","VA","0207000810055306",0.1,25.63
"1602","0207000810055307","VA","0207000810055307",0.03,8.38
"1603","0207000810053719","VA","0207000810053719",0.01,2.19
"1604","0207000810055308","VA","0207000810055308",0.2,49.67
"1605","0207000810055309","VA","0207000810055309",0.12,30.26
"1606","0207000810055312","VA","0207000810055312",0.04,9.99
"1607","0207000810056223","MD","0207000810056223",0.02,4.11
"1608","0207000810053720","VA","0207000810053720",0.03,6.87
"1609","0207000810054128","VA","0207000810054128",0,0.8
"1610","0207000810055317","VA","0207000810055317",0,0.64
"1611","0207000810054130","VA","0207000810054130",0.14,34.31
"1612","0207000810054131","VA","0207000810054131",0.02,5.72
"1613","0207000810054134","VA","0207000810054134",0.03,6.4
"1614","0207000810054132","VA","0207000810054132",0.13,31
"1615","0207000810054137","VA","0207000810054137",0.01,2.58
"1616","0207000810054138","VA","0207000810054138",0.01,3.03
"1617","0207000810054139","VA","0207000810054139",0.05,12.65
"1618","0207000810055313","VA","0207000810055313",0.01,2.19
"1619","0207000810055314","VA","0207000810055314",0.01,2.65
"1620","0207000810055315","VA","0207000810055315",0.14,35.48
"1621","0207000810055316","VA","0207000810055316",0.04,9.8
"1622","0207000810055318","VA","0207000810055318",0.04,10.66
"1623","0207000810056225","MD","0207000810056225",0.02,3.88
"1624","0207000810053722","VA","0207000810053722",0.03,6.58
"1625","0207000810053723","VA","0207000810053723",0.01,3.64
"1626","0207000810053724","VA","0207000810053724",0.03,6.29
"1627","0207000810053726","VA","0207000810053726",0.04,8.94
"1628","0207000810053725","VA","0207000810053725",0.1,23.88
"1629","0207000810053727","VA","0207000810053727",0.09,22.29
"1630","0207001001021624","DC","0207001001021624",0.01,1.93
"1631","0207000810053728","VA","0207000810053728",0.03,8.47
"1632","0207000810055321","VA","0207000810055321",0.02,4.59
"1633","0207000810054144","VA","0207000810054144",0.04,10.03
"1634","0207000810054145","VA","0207000810054145",0.15,36.9
"1635","0207000810054146","VA","0207000810054146",0.01,3.01
"1636","0207000810054147","VA","0207000810054147",0.24,59.05
"1637","0207000810054148","VA","0207000810054148",0.03,7.36
"1638","0207000810054149","VA","0207000810054149",0,0.67
"1639","0207000810054150","VA","0207000810054150",0.15,37.85
"1640","0207000810054151","VA","0207000810054151",0.06,15.03
"1641","0207000810055325","VA","0207000810055325",0.02,4.54
"1642","0207000810054140","VA","0207000810054140",0.04,8.99
"1643","0207000810056226","MD","0207000810056226",0.02,3.94
"1644","0207000810054141","VA","0207000810054141",0.04,10.91
"1645","0207000810056227","MD","0207000810056227",0.02,4.39
"1646","0207000810054142","VA","0207000810054142",0.05,13.28
"1647","0207000810056230","MD","0207000810056230",0.02,5.36
"1648","0207000810054143","VA","0207000810054143",0.05,13.04
"1649","0207000810054152","VA","0207000810054152",0.06,16.05
"1650","0207000810055319","VA","0207000810055319",0,0.75
"1651","0207000810055320","VA","0207000810055320",0.06,13.96
"1652","0207001001022504","DC","0207001001022504",0.01,1.89
"1653","0207001001022524","DC","0207001001022524",0.38,93.66
"1654","0207000810055322","VA","0207000810055322",0.03,6.63
"1655","0207000810056233","MD","0207000810056233",0.03,7.25
"1656","0207000810055323","VA","0207000810055323",0.06,14.09
"1657","0207000810056234","MD","0207000810056234",0.02,5.4
"1658","0207000810055324","VA","0207000810055324",0.07,18.01
"1659","0207000810053729","VA","0207000810053729",0.01,2.88
"1660","0207000810056228","MD","0207000810056228",0.07,18.14
"1661","0207000810056229","MD","0207000810056229",0.02,3.94
"1662","0207000810056231","MD","0207000810056231",0.08,19.97
"1663","0207000810056232","MD","0207000810056232",0,0.09
"1664","0207001001022926","DC","0207001001022926",0.01,2.42
"1665","0207000810053730","VA","0207000810053730",0.03,7.28
"1666","0207000810053731","VA","0207000810053731",0.01,1.47
"1667","0207001001022933","DC","0207001001022933",0,0.07
"1668","0207001001023307","DC","0207001001023307",0,0.02
"1669","0207001001023308","DC","0207001001023308",0,0.04
"1670","0207000810053733","VA","0207000810053733",0.01,3.57
"1671","0207000810054155","VA","0207000810054155",0.02,6.14
"1672","0207001001023309","DC","Fairview Hill",0.13,31.22
"1673","0207000810054153","VA","0207000810054153",0.05,11.33
"1674","0207000810054154","VA","0207000810054154",0.01,1.26
"1675","0207001001023733","DC","0207001001023733",0,0.1
"1676","0207000810055327","VA","0207000810055327",0.02,6
"1677","0207000810055328","VA","0207000810055328",0.02,5.48
"1678","0207000810056237","MD","0207000810056237",0.02,4.93
"1679","0207000810056238","MD","0207000810056238",0.02,4.21
"1680","0207001001022801","DC","0207001001022801",0.01,1.78
"1681","0207000810056239","MD","0207000810056239",0.04,8.66
"1682","0207000810056245","MD","0207000810056245",0.02,4.06
"1683","0207001001022802","DC","0207001001022802",0,0.03
"1684","0207000810056240","MD","0207000810056240",0.04,10.64
"1685","0207000810053737","VA","0207000810053737",0.02,4.45
"1686","0207000810056241","MD","0207000810056241",0.07,17.13
"1687","0207000810053740","VA","0207000810053740",0.02,5.1
"1688","0207000810056242","MD","0207000810056242",0.14,34.51
"1689","0207000810056243","MD","0207000810056243",0.02,3.95
"1690","0207000810056244","MD","0207000810056244",0.01,1.88
"1691","0207000810053736","VA","0207000810053736",0.18,44.74
"1692","0207000810053738","VA","0207000810053738",0.08,19.85
"1693","0207001001022805","DC","0207001001022805",0,0.43
"1694","0207000810053739","VA","0207000810053739",0.05,11.26
"1695","0207000810053743","VA","0207000810053743",0.01,2.99
"1696","0207000810053741","VA","0207000810053741",0.02,4.99
"1697","0207000810053742","VA","0207000810053742",0.02,6.13
"1698","0207000810053735","VA","0207000810053735",0.03,8.37
"1699","0207000810054165","VA","0207000810054165",0.03,6.67
"1700","0207000810054166","VA","0207000810054166",0.07,16.93
"1701","0207001001022701","DC","0207001001022701",0,0.61
"1702","0207000810054167","VA","0207000810054167",0.06,15.79
"1703","0207000810054168","VA","0207000810054168",0,0.13
"1704","0207000810054169","VA","0207000810054169",0.25,61.82
"1705","0207001001022702","DC","0207001001022702",0,0.51
"1706","0207000810054170","VA","0207000810054170",0.07,18.26
"1707","0207000810054171","VA","0207000810054171",0,0.06
"1708","0207000810054157","VA","0207000810054157",0.21,50.78
"1709","0207000810054158","VA","0207000810054158",0.02,5.42
"1710","0207000810054160","VA","0207000810054160",0.03,6.63
"1711","0207000810054159","VA","0207000810054159",0.1,25.21
"1712","0207001001022703","DC","0207001001022703",0.01,2.11
"1713","0207000810054161","VA","0207000810054161",0.06,15.54
"1714","0207000810056305","MD","0207000810056305",0.03,6.4
"1715","0207000810054162","VA","0207000810054162",0.12,28.61
"1716","0207000810054163","VA","0207000810054163",0.04,9.11
"1717","0207000810056306","MD","0207000810056306",0,0.24
"1718","0207001001022934","DC","0207001001022934",0,0
"1719","0207001001022935","DC","0207001001022935",0,0.02
"1720","0207000810054164","VA","0207000810054164",0.04,10.46
"1721","0207000810055329","VA","0207000810055329",0,0.82
"1722","0207001001022936","DC","0207001001022936",0,0
"1723","0207000810055330","VA","0207000810055330",0.05,11.24
"1724","0207000810054706","MD","0207000810054706",0.02,5.09
"1725","0207000810055331","VA","0207000810055331",0.04,8.71
"1726","0207000810055333","VA","0207000810055333",0.03,8.56
"1727","0207000810055332","VA","0207000810055332",0.06,15.81
"1728","0207001001022937","DC","0207001001022937",0,0.12
"1729","0207000810055334","VA","0207000810055334",0.04,10.01
"1730","0207000810055335","VA","0207000810055335",0.03,6.74
"1731","0207000810055336","VA","0207000810055336",0.04,9.77
"1732","0207000810054721","MD","0207000810054721",0.02,4.19
"1733","0207000810055337","VA","0207000810055337",0.03,8.06
"1734","0207000810055340","VA","0207000810055340",0.02,5.26
"1735","0207000810055338","VA","0207000810055338",0.04,10.08
"1736","0207000810055339","VA","0207000810055339",0,0.03
"1737","0207000810056248","MD","0207000810056248",0.51,126.69
"1738","0207000810056327","MD","0207000810056327",0.02,5.51
"1739","0207000810056246","MD","0207000810056246",0.09,21.2
"1740","0207000810056247","MD","0207000810056247",0,0.24
"1741","0207000810056301","MD","0207000810056301",0.03,8.26
"1742","0207000810056302","MD","0207000810056302",0.02,4.97
"1743","0207001001023001","DC","0207001001023001",0,0.56
"1744","0207001001023002","DC","0207001001023002",0,0.01
"1745","0207000810056303","MD","0207000810056303",0.06,13.69
"1746","0207000810056304","MD","0207000810056304",0.02,4.03
"1747","0207001001023736","DC","0207001001023736",0,0.67
"1748","0207000810054707","MD","0207000810054707",0.06,15.11
"1749","0207000810056334","MD","0207000810056334",0.03,7.69
"1750","0207000810054708","MD","0207000810054708",0.04,9.74
"1751","0207000810054709","MD","0207000810054709",0.02,5.26
"1752","0207000810054710","MD","0207000810054710",0.03,6.95
"1753","0207000810054711","MD","0207000810054711",0.8,197.88
"1754","0207000810054712","MD","0207000810054712",0,1.06
"1755","0207001003012204","DC","0207001003012204",0.02,4.43
"1756","0207000810054713","MD","0207000810054713",0.04,10.99
"1757","0207000810056323","MD","0207000810056323",0.04,9.59
"1758","0207000810054714","MD","0207000810054714",0.04,10.64
"1759","0207000810056322","MD","0207000810056322",0.03,8.11
"1760","0207000810054715","MD","0207000810054715",0.07,17.46
"1761","0207000810053116","MD","0207000810053116",0.01,2.98
"1762","0207000810054716","MD","0207000810054716",0.05,11.76
"1763","0207000810054717","MD","0207000810054717",0,1.11
"1764","0207000810056324","MD","0207000810056324",0.05,11.76
"1765","0207000810056325","MD","0207000810056325",0.01,3.54
"1766","0207000810056321","MD","0207000810056321",0,0.73
"1767","0207000810052005","MD","0207000810052005",0.03,7.54
"1768","0207000810052006","MD","0207000810052006",0.01,1.27
"1769","0207000810052007","MD","0207000810052007",0.03,7.51
"1770","0207000810056701","MD","0207000810056701",0.01,3.23
"1771","0207000810054718","MD","0207000810054718",0.04,10.66
"1772","0207000810054719","MD","0207000810054719",0,0.03
"1773","0207000810054720","MD","0207000810054720",0,0.55
"1774","0207001003012205","DC","0207001003012205",0.03,7.92
"1775","0207000810054722","MD","0207000810054722",0.14,34.97
"1776","0207000810054723","MD","0207000810054723",0.05,12.64
"1777","0207000810056404","MD","0207000810056404",0.02,4.72
"1778","0207000810054724","MD","0207000810054724",0.07,16.51
"1779","0207000810052102","MD","0207000810052102",0.03,7.48
"1780","0207000810054725","MD","0207000810054725",0.03,6.57
"1781","0207000810056326","MD","0207000810056326",0,1.19
"1782","0207000810052103","MD","0207000810052103",0.11,27.18
"1783","0207000810056800","MD","0207000810056800",0.01,2.11
"1784","0207000810056328","MD","0207000810056328",0.02,6.17
"1785","0207000810056329","MD","0207000810056329",0.06,14.11
"1786","0207000810056330","MD","0207000810056330",0.04,10.58
"1787","0207000810056331","MD","0207000810056331",0,0.47
"1788","0207000810052200","MD","0207000810052200",0.11,26.95
"1789","0207000810052308","MD","0207000810052308",0,1.16
"1790","0207000810056332","MD","0207000810056332",0.07,18.41
"1791","0207000810056333","MD","0207000810056333",0.02,5.85
"1792","0207000810056900","MD","0207000810056900",0.03,8.53
"1793","0207000810054727","MD","0207000810054727",0.03,7.22
"1794","0207000810052301","MD","0207000810052301",0.07,16.41
"1795","0207000810053118","MD","0207000810053118",0.02,3.94
"1796","0207000810052302","MD","0207000810052302",0.06,13.7
"1797","0207000810054821","MD","0207000810054821",0.02,5.23
"1798","0207000810052303","MD","0207000810052303",0.2,50.45
"1799","0207000810056702","MD","0207000810056702",0.06,14.84
"1800","0207000810052101","MD","0207000810052101",0.02,4.34
"1801","0207000810052304","MD","0207000810052304",0.1,25.34
"1802","0207000810053117","MD","0207000810053117",0.01,2.37
"1803","0207000810054726","MD","0207000810054726",0.03,7.53
"1804","0207000810053119","MD","0207000810053119",0.02,5.06
"1805","0207000810054728","MD","0207000810054728",0.07,17.57
"1806","0207000810054838","MD","0207000810054838",0.03,6.37
"1807","0207000810054729","MD","0207000810054729",0.1,23.65
"1808","0207000810054822","MD","0207000810054822",0.01,2.7
"1809","0207000810054730","MD","0207000810054730",0.05,12.15
"1810","0207000810054823","MD","0207000810054823",0.29,71.95
"1811","0207001001021462","DC","0207001001021462",0.01,2.68
"1812","0207000810054731","MD","0207000810054731",0.01,3.49
"1813","0207000810054839","MD","0207000810054839",0.03,6.31
"1814","0207000810054732","MD","0207000810054732",0.12,29.21
"1815","0207000810054733","MD","0207000810054733",0.03,8.36
"1816","0207000810054734","MD","0207000810054734",0.52,128.26
"1817","0207000810054735","MD","0207000810054735",0.17,41.05
"1818","0207000810056335","MD","0207000810056335",0.03,6.36
"1819","0207000810054801","MD","0207000810054801",0.07,16.61
"1820","0207000810056406","MD","0207000810056406",0.01,2.61
"1821","0207000810054820","MD","0207000810054820",0.09,22.55
"1822","0207000810054834","MD","0207000810054834",0.03,8.51
"1823","0207000810056339","MD","0207000810056339",0.04,8.72
"1824","0207000810056340","MD","0207000810056340",0.34,83.03
"1825","0207000810054835","MD","0207000810054835",0.03,8.53
"1826","0207001001022707","DC","0207001001022707",0.01,1.7
"1827","0207000810054836","MD","0207000810054836",0.08,18.59
"1828","0207001001021803","DC","0207001001021803",0.01,2.42
"1829","0207000810054837","MD","0207000810054837",0.07,17.51
"1830","0207000810056407","MD","0207000810056407",0.01,2.65
"1831","0207000810056336","MD","0207000810056336",0.06,14.57
"1832","0207000810056337","MD","0207000810056337",0.02,5.33
"1833","0207000810056408","MD","0207000810056408",0.27,65.7
"1834","0207000810056338","MD","0207000810056338",0.06,15.99
"1835","0207000810057004","MD","0207000810057004",0.01,2.64
"1836","0207000810056401","MD","0207000810056401",0.05,11.5
"1837","0207000810056402","MD","0207000810056402",0.03,8
"1838","0207000810056403","MD","0207000810056403",0.06,15.47
"1839","0207001002040211","MD","0207001002040211",0,0.49
"1840","0207000810056405","MD","0207000810056405",0.03,7.87
"1841","0207000810052306","MD","0207000810052306",0.04,8.9
"1842","0207000810052307","MD","Great Falls Estate Lake",0.17,41.63
"1843","0207000810052309","MD","0207000810052309",0.08,20.99
"1844","0207000810057001","MD","0207000810057001",0.28,70.23
"1845","0207000810057002","MD","0207000810057002",0.03,7.33
"1846","0207000810057003","MD","0207000810057003",0.04,10.78
"1847","0207000810052305","MD","0207000810052305",0.19,47.95
"1848","0207000810054824","MD","0207000810054824",0.04,8.84
"1849","0207000810054825","MD","0207000810054825",0.03,6.79
"1850","0207000810054826","MD","0207000810054826",0.04,8.68
"1851","0207000810054827","MD","0207000810054827",0.05,11.9
"1852","0207000810053121","MD","0207000810053121",0.08,20.39
"1853","0207001001022806","DC","0207001001022806",0.02,3.87
"1854","0207000810057300","MD","0207000810057300",0.01,3.46
"1855","0207000810053502","MD","0207000810053502",0.02,6.1
"1856","0207001001022807","DC","0207001001022807",0,0.49
"1857","0207000810057400","MD","0207000810057400",0.05,12.71
"1858","0207000810053501","MD","0207000810053501",0.31,76.18
"1859","0207000810053503","MD","0207000810053503",0.02,5.48
"1860","0207000810053504","MD","0207000810053504",0.03,7.97
"1861","0207000810053505","MD","0207000810053505",0.04,11.1
"1862","0207000810053506","MD","0207000810053506",0.02,5.09
"1863","0207000810053507","MD","0207000810053507",0.05,11.5
"1864","0207000810054828","MD","0207000810054828",0.02,4.98
"1865","0207000810054829","MD","0207000810054829",0.04,9.55
"1866","0207000810054830","MD","0207000810054830",0.03,6.64
"1867","0207000810054831","MD","0207000810054831",0.14,35.71
"1868","0207000810054833","MD","0207000810054833",0.05,12.98
"1869","0207000810057007","MD","0207000810057007",0.06,14.13
"1870","0207000810057008","MD","0207000810057008",0.3,73.65
"1871","0207000810057009","MD","0207000810057009",0,0.53
"1872","0207000810057010","MD","0207000810057010",0.05,13.31
"1873","0207001001023712","DC","0207001001023712",0.01,1.45
"1874","0207000810057011","MD","0207000810057011",0.04,9.66
"1875","0207000810057012","MD","0207000810057012",0.03,6.51
"1876","0207001001023713","DC","0207001001023713",0,0.05
"1877","0207000810057013","MD","0207000810057013",0.04,9.99
"1878","0207000810053508","MD","0207000810053508",0.04,9.69
"1879","0207000810057006","MD","0207000810057006",0.08,20.42
"1880","0207001001023714","DC","0207001001023714",0,0
"1881","0207001001023715","DC","0207001001023715",0,0
"1882","0207001001023716","DC","0207001001023716",0.19,45.83
"1883","0207001001023707","DC","0207001001023707",0,0
"1884","0207000810057014","MD","0207000810057014",0.09,22.97
"1885","0207000810053509","MD","0207000810053509",0.02,5.87
"1886","0207000810057015","MD","0207000810057015",0.04,8.7
"1887","0207000810053512","MD","0207000810053512",0.01,3.1
"1888","0207000810053510","MD","0207000810053510",0.03,7.87
"1889","0207000810053511","MD","0207000810053511",0.03,6.5
"1890","0207000810053513","MD","0207000810053513",0.04,9.7
"1891","0207000810053514","MD","0207000810053514",0.03,6.72
"1892","0207000810053518","MD","0207000810053518",0.12,28.97
"1893","0207000810053519","MD","0207000810053519",0.09,22.79
"1894","0207001001021831","DC","0207001001021831",0.01,2.71
"1895","0207000810054840","MD","0207000810054840",0.03,6.97
"1896","0207000810054842","MD","0207000810054842",0.05,13.39
"1897","0207000810054841","MD","0207000810054841",0.06,13.94
"1898","0207000810057213","MD","0207000810057213",0.03,6.8
"1899","0207000810054843","MD","0207000810054843",0.07,17.68
"1900","0207001001021806","DC","0207001001021806",0,0.64
"1901","0207000810054844","MD","0207000810054844",0.04,9.13
"1902","0207000810055103","MD","0207000810055103",0.03,6.24
"1903","0207000810054845","MD","0207000810054845",0.12,30.52
"1904","0207000810054846","MD","0207000810054846",0.12,30.43
"1905","0207000810054847","MD","0207000810054847",0.06,14.76
"1906","0207000810051703","MD","0207000810051703",0.01,1.37
"1907","0207000810054848","MD","0207000810054848",0.03,8.53
"1908","0207000810051704","MD","0207000810051704",0,0.22
"1909","0207000810054850","MD","0207000810054850",0.03,7.89
"1910","0207000810057016","MD","0207000810057016",0.01,2.16
"1911","0207000810054849","MD","0207000810054849",0.02,4.78
"1912","0207000810058500","MD","Lock 13-C&O Canal",0.13,32.14
"1913","0207000810057017","MD","0207000810057017",0.03,6.77
"1914","0207000810055101","MD","0207000810055101",0.04,10.26
"1915","0207000810055102","MD","0207000810055102",0.01,3.62
"1916","0207000810053517","MD","0207000810053517",0.22,53.27
"1917","0207000810055105","MD","0207000810055105",0.08,19.02
"1918","0207001001022344","DC","0207001001022344",0,0.5
"1919","0207000810055106","MD","0207000810055106",0.02,3.72
"1920","0207000810055107","MD","0207000810055107",0.11,27.99
"1921","0207000810055109","MD","0207000810055109",0.04,8.73
"1922","0207000810055108","MD","0207000810055108",0.06,14.98
"1923","0207000810055206","MD","0207000810055206",0.02,4.13
"1924","0207000810055110","MD","0207000810055110",0.02,5.67
"1925","0207000810055112","MD","0207000810055112",0.03,7.2
"1926","0207000810055111","MD","0207000810055111",0.06,14.43
"1927","0207000810051706","MD","0207000810051706",0,0.6
"1928","0207000810055207","MD","0207000810055207",0.15,35.95
"1929","0207000810055113","MD","0207000810055113",0.09,21.52
"1930","0207001001022345","DC","0207001001022345",0.01,2.28
"1931","0207000810055114","MD","0207000810055114",0.04,8.77
"1932","0207000810051705","MD","0207000810051705",0.01,3.29
"1933","0207000810051707","MD","0207000810051707",0.03,6.59
"1934","0207000810051710","MD","0207000810051710",0.01,1.99
"1935","0207000810051708","MD","0207000810051708",0.04,10.77
"1936","0207000810057019","MD","0207000810057019",0.02,4.71
"1937","0207000810051709","MD","0207000810051709",0.04,11.04
"1938","0207000810057020","MD","0207000810057020",0.03,6.29
"1939","0207000810057103","MD","0207000810057103",0.04,8.97
"1940","0207000810057101","MD","0207000810057101",0.06,14.79
"1941","0207000810057104","MD","0207000810057104",0.02,3.85
"1942","0207000810057102","MD","0207000810057102",0.05,13.04
"1943","0207000810053529","MD","0207000810053529",0.01,2.82
"1944","0207000810053525","MD","0207000810053525",0.03,7.2
"1945","0207000810053526","MD","0207000810053526",0,0.12
"1946","0207000810053527","MD","0207000810053527",0.01,2.34
"1947","0207000810053528","MD","0207000810053528",0.16,40.35
"1948","0207000810053521","MD","0207000810053521",0.03,8.36
"1949","0207000810055115","MD","0207000810055115",0.01,2.23
"1950","0207000810053522","MD","0207000810053522",0.06,15.67
"1951","0207000810055116","MD","0207000810055116",0,0.26
"1952","0207000810053523","MD","0207000810053523",0.13,31.91
"1953","0207000810053524","MD","0207000810053524",0.1,24.84
"1954","0207000810057501","MD","0207000810057501",0.09,22.25
"1955","0207000810055117","MD","0207000810055117",0.04,9.36
"1956","0207001001022346","DC","0207001001022346",0,0.49
"1957","0207000810058601","MD","0207000810058601",0.11,27.03
"1958","0207000810058602","MD","0207000810058602",0.02,4.47
"1959","0207000810055202","MD","0207000810055202",0.03,7.21
"1960","0207000810055203","MD","0207000810055203",0.19,47.56
"1961","0207000810055201","MD","0207000810055201",0.05,13.07
"1962","0207000810051714","MD","0207000810051714",0.01,1.66
"1963","0207000810051711","MD","0207000810051711",0.11,26.86
"1964","0207001001022207","DC","0207001001022207",0,0.49
"1965","0207000810051712","MD","0207000810051712",0.03,6.65
"1966","0207000810051713","MD","0207000810051713",0.02,5.42
"1967","0207000810056501","MD","0207000810056501",0.12,28.59
"1968","0207000810056503","MD","0207000810056503",0.08,19.33
"1969","0207001001021303","MD","0207001001021303",0.02,4.71
"1970","0207000810056504","MD","0207000810056504",0.05,12.56
"1971","0207000810057800","MD","0207000810057800",0.02,5.91
"1972","0207000810056505","MD","0207000810056505",0.15,37.28
"1973","0207000810056507","MD","0207000810056507",0.05,13.27
"1974","0207000810056508","MD","0207000810056508",0.02,6.09
"1975","0207000810056509","MD","0207000810056509",0.04,8.94
"1976","0207000810056510","MD","0207000810056510",0.15,37.1
"1977","0207000810057108","MD","0207000810057108",0.04,9.2
"1978","0207000810051901","MD","0207000810051901",0.07,17.77
"1979","0207000810054305","MD","0207000810054305",0,0.52
"1980","0207000810057109","MD","0207000810057109",0.06,14.41
"1981","0207000810057106","MD","0207000810057106",0.04,8.99
"1982","0207000810057110","MD","0207000810057110",0.09,22.61
"1983","0207000810057111","MD","0207000810057111",0.03,8.29
"1984","0207000810057700","MD","0207000810057700",0.01,3.68
"1985","0207000810057502","MD","0207000810057502",0.13,31.19
"1986","0207000810057112","MD","0207000810057112",0.06,14.93
"1987","0207000810051902","MD","0207000810051902",0.02,4.35
"1988","0207000810057113","MD","0207000810057113",0.06,14.77
"1989","0207000810051905","MD","0207000810051905",0,1.19
"1990","0207000810057114","MD","0207000810057114",0.06,14.52
"1991","0207000810051906","MD","0207000810051906",0.01,3.13
"1992","0207000810057115","MD","0207000810057115",0.04,10.54
"1993","0207000810057105","MD","0207000810057105",0,0.8
"1994","0207001001022907","DC","0207001001022907",0.01,2.69
"1995","0207000810057107","MD","0207000810057107",0.04,10.55
"1996","0207000810057600","MD","0207000810057600",0,0.41
"1997","0207000810057116","MD","0207000810057116",0.01,3.26
"1998","0207000810057900","MD","0207000810057900",0.04,9.72
"1999","0207000810054306","MD","0207000810054306",0.02,4.37
"2000","0207000810058000","MD","0207000810058000",0.04,9.16
"2001","0207000810058900","MD","0207000810058900",0.01,3.13
"2002","0207000810054301","MD","0207000810054301",0.06,15.31
"2003","0207000810055204","MD","0207000810055204",0.02,4.95
"2004","0207000810054302","MD","0207000810054302",0.09,21.01
"2005","0207000810054303","MD","0207000810054303",0.22,55.16
"2006","0207000810057117","MD","0207000810057117",0,0.1
"2007","0207000810057118","MD","0207000810057118",0.28,70.11
"2008","0207000810054304","MD","0207000810054304",0.13,31.42
"2009","0207000810058700","MD","0207000810058700",0.02,5.57
"2010","0207000810058800","MD","Lock 8-C&O Canal",0.02,4.11
"2011","0207000810059000","MD","0207000810059000",0.07,16.28
"2012","0207000810059100","MD","Glen Echo-C&O Canal",0.26,63.77
"2013","0207000810055501","MD","0207000810055501",0.41,101.79
"2014","0207000810055205","MD","0207000810055205",0.09,22.06
"2015","0207001001022908","DC","0207001001022908",0.01,1.68
"2016","0207000810051903","MD","0207000810051903",0.06,15.32
"2017","0207001002043017","DC","0207001002043017",0.01,2.23
"2018","0207000810051904","MD","0207000810051904",0.17,41.66
"2019","0207000810051907","MD","0207000810051907",0.19,47.34
"2020","0207000810051908","MD","0207000810051908",0.09,21.39
"2021","0207000810057203","MD","0207000810057203",0.03,6.18
"2022","0207000810051909","MD","0207000810051909",0.16,38.38
"2023","0207000810051910","MD","0207000810051910",0.08,19.47
"2024","0207000810057201","MD","0207000810057201",0.04,9.18
"2025","0207000810051911","MD","0207000810051911",0.17,41.48
"2026","0207000810051912","MD","0207000810051912",0.07,18.15
"2027","0207000810057202","MD","0207000810057202",0.03,7.95
"2028","0207000810051913","MD","0207000810051913",0.15,37.48
"2029","0207000810054308","MD","0207000810054308",0.05,11.64
"2030","0207000810054309","MD","0207000810054309",0.2,49.54
"2031","0207001002043018","DC","0207001002043018",0,1.05
"2032","0207000810058100","MD","0207000810058100",0.03,6.94
"2033","0207000810058200","MD","0207000810058200",0,0.81
"2034","0207000810054601","MD","0207000810054601",0.26,63.87
"2035","0207000810054602","MD","0207000810054602",0.09,21.79
"2036","0207001001020612","MD","0207001001020612",0.01,1.75
"2037","0207000810055502","MD","0207000810055502",0.11,26.87
"2038","0207000810055503","MD","0207000810055503",1.03,255.59
"2039","0207001002041609","DC","0207001002041609",0.01,2.33
"2040","0207000810055504","MD","0207000810055504",0.14,34.24
"2041","0207000810055505","MD","0207000810055505",0.06,14.32
"2042","0207000810055506","MD","0207000810055506",0.03,7.21
"2043","0207000810055507","MD","0207000810055507",0.65,159.59
"2044","0207000810055508","MD","0207000810055508",0.05,13.13
"2045","0207000810051918","MD","0207000810051918",0.04,9.48
"2046","0207000810055509","MD","0207000810055509",0.08,20.92
"2047","0207000810055510","MD","0207000810055510",0.01,1.94
"2048","0207000810055511","MD","0207000810055511",0.28,68.23
"2049","0207000810055512","MD","0207000810055512",0.21,51.02
"2050","0207000810055513","MD","0207000810055513",0.38,93.37
"2051","0207000810051919","MD","0207000810051919",0.03,8.59
"2052","0207000810051920","MD","0207000810051920",0.01,2.7
"2053","0207000810057210","MD","0207000810057210",0,0.19
"2054","0207000810051921","MD","0207000810051921",0.1,23.92
"2055","0207000810056600","MD","0207000810056600",0.03,6.75
"2056","0207000810051914","MD","0207000810051914",0.03,8.43
"2057","0207000810051915","MD","0207000810051915",0.04,9.89
"2058","0207000810051916","MD","0207000810051916",0,0.07
"2059","0207000810057211","MD","0207000810057211",0.02,5.09
"2060","0207000810051917","MD","0207000810051917",0.07,18.35
"2061","0207000810057204","MD","0207000810057204",0,0.44
"2062","0207001001023008","DC","0207001001023008",0,1.08
"2063","0207000810057205","MD","0207000810057205",0.1,25.32
"2064","0207000810057212","MD","0207000810057212",0.02,5.21
"2065","0207000810057206","MD","0207000810057206",0.03,7.16
"2066","0207000810057207","MD","0207000810057207",0.04,11.11
"2067","0207000810057208","MD","0207000810057208",0.08,20.97
"2068","0207000810057209","MD","0207000810057209",0.02,4.88
"2069","0207000810057232","MD","0207000810057232",0.04,9.39
"2070","0207000810054615","MD","0207000810054615",0.03,6.66
"2071","0207000810057233","MD","0207000810057233",0.09,21.45
"2072","0207000810059500","MD","0207000810059500",0.02,4.07
"2073","0207000810057234","MD","0207000810057234",0.06,15.49
"2074","0207000810055702","MD","0207000810055702",0.02,3.79
"2075","0207000810054603","MD","0207000810054603",0.06,14.08
"2076","0207000810057214","MD","0207000810057214",0.03,6.28
"2077","0207000810054604","MD","0207000810054604",0.02,3.73
"2078","0207000810057219","MD","0207000810057219",0.02,4.73
"2079","0207000810054605","MD","0207000810054605",0.06,14.52
"2080","0207001001021832","DC","0207001001021832",0.01,2.68
"2081","0207000810054606","MD","0207000810054606",0.04,9.27
"2082","0207000810054607","MD","0207000810054607",0.41,101.79
"2083","0207000810055703","MD","0207000810055703",0.01,3.32
"2084","0207000810054608","MD","0207000810054608",0.03,8.56
"2085","0207000810054609","MD","0207000810054609",0.2,48.9
"2086","0207000810054610","MD","0207000810054610",0.34,84.49
"2087","0207000810054611","MD","0207000810054611",0.13,31.56
"2088","0207000810054612","MD","0207000810054612",0.36,90.09
"2089","0207000810054613","MD","0207000810054613",0.26,63.7
"2090","0207000810054802","MD","0207000810054802",0.02,5.94
"2091","0207000810054614","MD","0207000810054614",0.13,33.15
"2092","0207000810054616","MD","0207000810054616",0.08,20.35
"2093","0207001001022208","DC","0207001001022208",0.01,1.95
"2094","0207000810054617","MD","0207000810054617",0.05,12.66
"2095","0207000810054618","MD","0207000810054618",0.01,3.39
"2096","0207000810054619","MD","0207000810054619",0.05,12.39
"2097","0207000810052001","MD","0207000810052001",0.04,9.51
"2098","0207000810054620","MD","0207000810054620",0.12,30.26
"2099","0207000810055514","MD","0207000810055514",0.05,11.59
"2100","0207000810055515","MD","Chatauqua Island",0.23,57.83
"2101","0207000810053101","MD","0207000810053101",0.03,6.78
"2102","0207000810059200","MD","Lock 7-C&O Canal",0.04,8.87
"2103","0207000810053102","MD","0207000810053102",0.01,2.73
"2104","0207000810059300","MD","0207000810059300",0.12,28.64
"2105","0207000810055601","MD","0207000810055601",0.18,43.56
"2106","0207000810055602","MD","0207000810055602",0.15,37.45
"2107","0207000810055603","MD","0207000810055603",0.35,85.31
"2108","0207000810059400","MD","0207000810059400",0.09,23.07
"2109","0207001001023009","DC","0207001001023009",0.01,1.28
"2110","0207000810059600","MD","Little Falls Reservoir-C&O Canal",0.13,33.15
"2111","0207001001022209","DC","0207001001022209",0,0.71
"2112","0207000810052003","MD","0207000810052003",0.1,24.42
"2113","0207000810053109","MD","0207000810053109",0.01,3.03
"2114","0207000810057215","MD","0207000810057215",0.04,11.01
"2115","0207000810054621","MD","0207000810054621",0.04,8.76
"2116","0207000810057216","MD","0207000810057216",0.06,15.03
"2117","0207000810059702","MD","0207000810059702",0.02,5.08
"2118","0207000810057217","MD","0207000810057217",0.07,16.34
"2119","0207000810057218","MD","0207000810057218",0.01,2.92
"2120","0207000810059703","MD","0207000810059703",0.3,73.92
"2121","0207000810052002","MD","0207000810052002",0.11,26.5
"2122","0207000810053110","MD","0207000810053110",0,0.95
"2123","0207000810057235","MD","0207000810057235",0.09,21.17
"2124","0207000810057236","MD","0207000810057236",0,0.49
"2125","0207000810057237","MD","0207000810057237",0.47,117.14
"2126","0207000810054622","MD","0207000810054622",0.07,16.37
"2127","0207000810054623","MD","0207000810054623",0,0.08
"2128","0207000810055905","DC","0207000810055905",0,0.72
"2129","0207000810054624","MD","0207000810054624",0.15,37.66
"2130","0207000810054625","MD","0207000810054625",0.04,9.05
"2131","0207000810054629","MD","0207000810054629",0.04,9.88
"2132","0207000810054626","MD","0207000810054626",0.1,25.27
"2133","0207000810054630","MD","0207000810054630",0.41,100.28
"2134","0207000810054503","MD","0207000810054503",0,1.13
"2135","0207000810054627","MD","0207000810054627",0.05,13.39
"2136","0207000810057221","MD","0207000810057221",0.01,3.14
"2137","0207000810054504","MD","0207000810054504",0.28,70.39
"2138","0207000810054628","MD","0207000810054628",0.11,27.45
"2139","0207000810054631","MD","0207000810054631",0.1,25.85
"2140","0207000810054632","MD","0207000810054632",0.15,36.51
"2141","0207000810054633","MD","0207000810054633",0.09,21.74
"2142","0207001001023748","DC","0207001001023748",0.01,1.52
"2143","0207000810054634","MD","0207000810054634",0.06,14.28
"2144","0207000810055901","DC,MD","0207000810055901",2.9,717.71
"2145","0207001001022357","DC","0207001001022357",0.01,1.56
"2146","0207000810055902","DC","0207000810055902",0.08,19.1
"2147","0207000810055904","DC","0207000810055904",0.01,3.46
"2148","0207000810055903","DC","0207000810055903",0.13,31.15
"2149","0207000810055701","MD","0207000810055701",0.07,18.04
"2150","0207000810057222","MD","0207000810057222",0.02,4.65
"2151","0207000810055704","MD","0207000810055704",0.03,8.57
"2152","0207000810057224","MD","0207000810057224",0.04,8.86
"2153","0207000810055705","MD","0207000810055705",0.03,7.13
"2154","0207000810053103","MD","0207000810053103",0.02,4.04
"2155","0207000810059701","MD","0207000810059701",0.12,30.68
"2156","0207000810055906","DC,MD","0207000810055906",0.05,11.97
"2157","0207000810057220","MD","0207000810057220",0,0.79
"2158","0207000810057223","MD","0207000810057223",0.05,13.37
"2159","0207000810053104","MD","0207000810053104",0,0.33
"2160","0207000810054635","MD","0207000810054635",0,0.92
"2161","0207000810054636","MD","0207000810054636",0.3,75.35
"2162","0207000810054637","MD","0207000810054637",0.47,117.08
"2163","0207000810054638","MD","0207000810054638",0.11,27.83
"2164","0207000810054639","MD","0207000810054639",0.07,17.37
"2165","0207001001022423","DC","0207001001022423",0.01,2.98
"2166","0207000810054640","MD","0207000810054640",0.08,20.75
"2167","0207001001031357","DC","0207001001031357",0,0.89
"2168","0207000810054641","MD","0207000810054641",0.04,11.04
"2169","0207000810054642","MD","0207000810054642",0.24,59.16
"2170","0207000810055920","DC","0207000810055920",0.02,4.76
"2171","0207000810054643","MD","0207000810054643",0.03,7.24
"2172","0207000810054646","MD","0207000810054646",0.03,7.03
"2173","0207000810055921","DC,MD","0207000810055921",0.35,86.57
"2174","0207000810054644","MD","0207000810054644",0.04,10.75
"2175","0207000810054645","MD","0207000810054645",0.02,4
"2176","0207000810055911","DC","0207000810055911",0,0.18
"2177","0207000810054647","MD","0207000810054647",0.14,33.64
"2178","0207000810055907","DC","0207000810055907",0.72,178.48
"2179","0207000810055908","DC","0207000810055908",0,0.3
"2180","0207000810055909","DC","0207000810055909",0.04,8.92
"2181","0207000810055913","DC,MD","0207000810055913",0.02,5.3
"2182","0207000810055914","DC","0207000810055914",0.17,41.87
"2183","0207000810055910","DC","0207000810055910",0.11,27.64
"2184","0207000810055912","DC,MD","0207000810055912",0.04,9.66
"2185","0207000810055915","DC","0207000810055915",0.01,2.89
"2186","0207000810055916","DC","0207000810055916",0.03,8.39
"2187","0207000810055917","MD","0207000810055917",0,0.09
"2188","0207000810057227","MD","0207000810057227",0.01,2.93
"2189","0207000810055918","DC,MD","0207000810055918",0.06,13.68
"2190","0207000810055919","DC","0207000810055919",0.02,5.76
"2191","0207000810057226","MD","0207000810057226",0.02,5.35
"2192","0207000810053105","MD","0207000810053105",0.01,3.09
"2193","0207000810053106","MD","0207000810053106",0,0.16
"2194","0207000810053107","MD","0207000810053107",0.03,6.54
"2195","0207000810053108","MD","0207000810053108",0.02,4.71
"2196","0207000810054648","MD","0207000810054648",0.05,12.72
"2197","0207000810055923","DC","0207000810055923",0.03,7.03
"2198","0207000810054649","MD","0207000810054649",0.06,14.87
"2199","0207000810054502","MD","0207000810054502",0.02,6.14
"2200","0207000810054650","MD","0207000810054650",0.03,7.29
"2201","0207000810055922","MD","0207000810055922",0,0.54
"2202","0207000810057229","MD","0207000810057229",0.08,18.55
"2203","0207000810057230","MD","0207000810057230",0.03,6.7
"2204","0207000810054803","MD","0207000810054803",0.06,13.62
"2205","0207001003012049","MD","0207001003012049",0.01,2.15
"2206","0207000810054804","MD","0207000810054804",0.09,22.4
"2207","0207001001020815","MD","0207001001020815",0,1.05
"2208","0207001001020816","MD","0207001001020816",0.32,78.71
"2209","0207000810054805","MD","0207000810054805",0.12,28.5
"2210","0207001001022424","DC","0207001001022424",0.01,2.26
"2211","0207000810054505","MD","0207000810054505",0.03,7.45
"2212","0207001001020620","MD","0207001001020620",0.01,3.02
"2213","0207001001022909","DC","0207001001022909",0.23,57.05
"2214","0207000810054506","MD","0207000810054506",0.03,8.28
"2215","0207000810054511","MD","0207000810054511",0.04,10.25
"2216","0207000810054507","MD","0207000810054507",0.17,43.19
"2217","0207000810054508","MD","0207000810054508",0.16,39.85
"2218","0207000810054509","MD","0207000810054509",0.23,57.46
"2219","0207000810054510","MD","0207000810054510",0.04,9.13
"2220","0207001001021717","DC","0207001001021717",0,0.7
"2221","0207000810054512","MD","0207000810054512",0.03,6.2
"2222","0207000810056312","MD","0207000810056312",0.01,2.67
"2223","0207001001023760","DC","0207001001023760",0.01,1.41
"2224","0207000810056313","MD","0207000810056313",0.02,5.41
"2225","0207000810054809","MD","0207000810054809",0.05,13.35
"2226","0207000810056314","MD","0207000810056314",0.06,15.56
"2227","0207000810054806","MD","0207000810054806",0,0.76
"2228","0207000810054807","MD","0207000810054807",0.14,34.94
"2229","0207000810054808","MD","0207000810054808",0.04,9.88
"2230","0207000810054810","MD","0207000810054810",0.02,5.12
"2231","0207000810054811","MD","0207000810054811",0.02,5.73
"2232","0207000810054812","MD","0207000810054812",0.01,2.52
"2233","0207000810054813","MD","0207000810054813",0,0.46
"2234","0207000810054514","MD","0207000810054514",0.05,12.89
"2235","0207001001022347","DC","0207001001022347",0.01,2.76
"2236","0207000810054515","MD","0207000810054515",0.12,29.93
"2237","0207000810054516","MD","0207000810054516",0.06,15
"2238","0207001001022348","DC","0207001001022348",0,0.24
"2239","0207000810054517","MD","0207000810054517",0.06,13.89
"2240","0207000810054518","MD","0207000810054518",0,0.64
"2241","0207001001022349","DC","0207001001022349",0,0.02
"2242","0207001001022350","DC","0207001001022350",0,0.03
"2243","0207000810056316","MD","0207000810056316",0.02,5.2
"2244","0207000810056317","MD","0207000810056317",0.03,6.96
"2245","0207000810056319","MD","0207000810056319",0.02,4.68
"2246","0207000810056320","MD","0207000810056320",0.07,16.96
"2247","0207000810054818","MD","0207000810054818",0.03,8.03
"2248","0207000810054819","MD","0207000810054819",0.01,2.71
"2249","0207000810052004","MD","0207000810052004",0.04,9.52
"2250","0207001001022910","DC","0207001001022910",0.01,3.18
"2251","0207000810054815","MD","0207000810054815",0.05,12.67
"2252","0207001001021211","MD","0207001001021211",0.02,3.89
"2253","0207000810054816","MD","0207000810054816",0.04,11.03
"2254","0207000810053114","MD","0207000810053114",0.02,3.85
"2255","0207000810053115","MD","0207000810053115",0.05,12.52
"2256","0207000810054701","MD","0207000810054701",0.02,3.94
"2257","0207000810054702","MD","0207000810054702",0.02,5.98
"2258","0207001001021212","MD","0207001001021212",0.02,5.96
"2259","0207001001021213","MD","0207001001021213",0.82,202.8
"2260","0207000810054703","MD","0207000810054703",0.09,21.92
"2261","0207000810054704","MD","0207000810054704",0,0.37
"2262","0207000810054705","MD","0207000810054705",0.05,12.35
"2263","0207001001021215","MD","0207001001021215",0.01,2.34
"2264","0207001001021214","MD","0207001001021214",0.14,34.04
"2265","0207001001021216","MD","0207001001021216",0.11,27.86
"2266","0207001001021217","MD","0207001001021217",0.05,13.42
"2267","0207001002043012","DC","0207001002043012",0.01,2.95
"2268","0207001001021218","MD","0207001001021218",0.08,19.92
"2269","0207001001021209","MD","0207001001021209",0.23,57.26
"2270","0207001001021210","MD","0207001001021210",0.01,1.49
"2271","0207001002043014","DC","0207001002043014",0.13,31.38
"2272","0207001002043015","DC","0207001002043015",0.02,5.69
"2273","0207001002043016","DC","0207001002043016",0,0.21
"2274","0207001001022915","DC","0207001001022915",0.01,2.7
"2275","0207001001021460","DC,MD","0207001001021460",0.05,11.8
"2276","0207001001021461","DC","0207001001021461",0.01,3.62
"2277","0207001001021463","MD","0207001001021463",0.02,5.11
"2278","0207001001021464","DC","0207001001021464",0.01,2.83
"2279","0207001001021465","DC","0207001001021465",0.03,6.65
"2280","0207001001021502","DC,MD","0207001001021502",0.03,7.45
"2281","0207001001021466","DC","0207001001021466",0.01,3.47
"2282","0207001001021503","MD","0207001001021503",0.56,137.85
"2283","0207001001021504","MD","0207001001021504",0,0.06
"2284","0207001001021505","MD","0207001001021505",0,0
"2285","0207001001021234","MD","0207001001021234",0,0.99
"2286","0207001001021467","DC","0207001001021467",0.04,10.65
"2287","0207001001021468","DC,MD","0207001001021468",0.89,219.72
"2288","0207001001021501","MD","0207001001021501",1.16,287.16
"2289","0207001001021302","MD","0207001001021302",0.02,6.17
"2290","0207001001021506","DC,MD","0207001001021506",0.12,28.54
"2291","0207001001021219","MD","0207001001021219",0.03,7.3
"2292","0207001001021220","MD","0207001001021220",0,0.61
"2293","0207001001021842","DC","0207001001021842",0.03,6.41
"2294","0207001001021221","MD","0207001001021221",0.09,21.97
"2295","0207001001021105","MD","0207001001021105",0.01,3.32
"2296","0207001001021222","MD","0207001001021222",0.05,13.15
"2297","0207001001022921","DC","0207001001022921",0.02,5.41
"2298","0207001001021223","MD","0207001001021223",0.05,11.25
"2299","0207001001022918","DC","0207001001022918",0.01,3.66
"2300","0207001001021224","MD","0207001001021224",0.03,6.5
"2301","0207001001021225","MD","0207001001021225",0.01,1.65
"2302","0207001001021106","MD","0207001001021106",0.46,112.85
"2303","0207001001021226","MD","0207001001021226",0.1,25.1
"2304","0207001001020613","MD","0207001001020613",0.14,34.76
"2305","0207001001020614","MD","0207001001020614",0.04,10.77
"2306","0207001001020615","MD","0207001001020615",0.03,6.59
"2307","0207001001020616","MD","0207001001020616",0.03,8.09
"2308","0207001001020617","MD","0207001001020617",0.27,65.89
"2309","0207001001020618","MD","0207001001020618",0,0.25
"2310","0207001001020619","MD","0207001001020619",0.21,53.06
"2311","0207001001022919","DC","0207001001022919",0,1.07
"2312","0207001001022911","DC","0207001001022911",0.08,20.56
"2313","0207001001022912","DC","0207001001022912",0.03,6.32
"2314","0207001001022920","DC","0207001001022920",0.01,3.59
"2315","0207001001022913","DC","0207001001022913",0.03,7.16
"2316","0207001001022914","DC","0207001001022914",0,0
"2317","0207001001022513","DC","0207001001022513",0,1.22
"2318","0207001001022916","DC","0207001001022916",0.03,7.18
"2319","0207001002043023","DC","0207001002043023",0.03,7.33
"2320","0207001001022917","DC","0207001001022917",0.05,12.83
"2321","0207001001021232","MD","0207001001021232",0.22,55.07
"2322","0207001001021233","MD","0207001001021233",0,0.88
"2323","0207001001021235","MD","0207001001021235",0.06,15.88
"2324","0207001001021236","MD","0207001001021236",0.25,62.14
"2325","0207001001021227","MD","0207001001021227",0.03,7.95
"2326","0207001001020621","MD","0207001001020621",0.02,5.17
"2327","0207001001021228","MD","0207001001021228",0.04,9.23
"2328","0207001001021229","MD","0207001001021229",0.5,124.32
"2329","0207001001021230","MD","0207001001021230",0.11,26.35
"2330","0207001001020629","MD","0207001001020629",0.01,3.06
"2331","0207001001021231","MD","0207001001021231",0.04,9.96
"2332","0207001002043019","DC","0207001002043019",0.01,2.21
"2333","0207001002043020","DC","0207001002043020",0.28,69.96
"2334","0207001002043021","DC","0207001002043021",0,0
"2335","0207001002043022","DC","0207001002043022",2.26,558.61
"2336","0207001001020622","MD","0207001001020622",0.11,27.65
"2337","0207001001021401","DC","0207001001021401",0,0.59
"2338","0207001001020623","MD","0207001001020623",0.02,5.75
"2339","0207001001020631","MD","0207001001020631",0.01,3.09
"2340","0207001001021402","DC","0207001001021402",0,0.01
"2341","0207001001021403","DC","0207001001021403",0,0.02
"2342","0207001001020624","MD","0207001001020624",0.1,23.58
"2343","0207001001020625","MD","0207001001020625",0.68,168.26
"2344","0207001001020626","MD","0207001001020626",0.08,19.38
"2345","0207001001022514","DC","0207001001022514",0.01,2.51
"2346","0207001001020627","MD","0207001001020627",0.07,18.36
"2347","0207001001020628","MD","0207001001020628",0.02,5.22
"2348","0207001001020630","MD","0207001001020630",0.08,20.32
"2349","0207001001021425","DC","0207001001021425",0.01,2
"2350","0207001001020632","MD","0207001001020632",0.05,12.38
"2351","0207001001020801","MD","0207001001020801",0.06,14.61
"2352","0207001001020633","MD","0207001001020633",0.02,4.18
"2353","0207001001020634","MD","0207001001020634",0,0.1
"2354","0207001001020635","MD","0207001001020635",0.21,51.64
"2355","0207001001020636","MD","0207001001020636",0.31,75.79
"2356","0207001001022922","DC","0207001001022922",0.02,5.25
"2357","0207001001021829","DC","0207001001021829",0.02,5.64
"2358","0207001001021237","MD","0207001001021237",0.12,30.26
"2359","0207001001021238","MD","0207001001021238",0.19,47.08
"2360","0207001001021830","DC","0207001001021830",0.03,6.46
"2361","0207001002043024","DC","0207001002043024",0.01,3.08
"2362","0207001002041412","MD","0207001002041412",0,1.23
"2363","0207001001020804","MD","0207001001020804",0.02,4.71
"2364","0207001001020805","MD","0207001001020805",0.03,8.17
"2365","0207001002041413","MD","0207001002041413",0.26,63.05
"2366","0207001001020806","MD","0207001001020806",0.08,19.48
"2367","0207001001020807","MD","0207001001020807",0.13,31.98
"2368","0207001001020808","MD","0207001001020808",0.03,7.78
"2369","0207001001020809","MD","0207001001020809",0.02,4.21
"2370","0207001001020810","MD","0207001001020810",0.12,29.06
"2371","0207001001020811","MD","0207001001020811",0.09,21.74
"2372","0207001001021833","DC","0207001001021833",0.04,9.56
"2373","0207001002043025","DC","0207001002043025",0.01,3.6
"2374","0207001002043026","DC","0207001002043026",0,0.06
"2375","0207001003012046","MD","0207001003012046",0.02,5.18
"2376","0207001003012047","MD","0207001003012047",0.04,10.37
"2377","0207001003012048","MD","0207001003012048",0.06,15.2
"2378","0207001001021426","DC","0207001001021426",0.01,2.17
"2379","0207001003012050","MD","0207001003012050",0.08,19.05
"2380","0207001001022436","DC","0207001001022436",0.02,4.34
"2381","0207001003012051","MD","0207001003012051",0.04,9.53
"2382","0207001002011746","MD","0207001002011746",0.01,2.46
"2383","0207001003012052","MD","0207001003012052",0.02,5.81
"2384","0207001001020817","MD","0207001001020817",0.03,6.24
"2385","0207001001020812","MD","0207001001020812",0.16,39.37
"2386","0207001001020813","MD","0207001001020813",0.28,68.01
"2387","0207001001020814","MD","0207001001020814",0.36,89.4
"2388","0207001001020818","MD","0207001001020818",0.13,32.77
"2389","0207001001020819","MD","0207001001020819",0.41,100.79
"2390","0207001001023718","DC","0207001001023718",0.08,18.76
"2391","0207001001023719","DC","0207001001023719",0,0
"2392","0207001001023720","DC","0207001001023720",0,0.01
"2393","0207001001032501","VA","0207001001032501",0.07,16.28
"2394","0207001001032502","VA","0207001001032502",0.02,5.45
"2395","0207001001021835","DC","0207001001021835",0.02,5.53
"2396","0207001001021836","DC","0207001001021836",0.03,6.18
"2397","0207001001022437","DC","0207001001022437",0,0.47
"2398","0207001001021837","DC","0207001001021837",0.06,14.99
"2399","0207001001021838","DC","0207001001021838",0.02,4.66
"2400","0207001003012056","MD","0207001003012056",0.04,8.92
"2401","0207001003012057","MD","0207001003012057",0.04,9.59
"2402","0207001003012058","MD","0207001003012058",0.11,26.42
"2403","0207001003012059","MD","0207001003012059",0.12,30.12
"2404","0207001003012060","MD","0207001003012060",0.02,5.28
"2405","0207001003012062","MD","0207001003012062",0.01,2.79
"2406","0207001003012063","MD","0207001003012063",0.13,32.85
"2407","0207001003012061","MD","0207001003012061",0.14,34.07
"2408","0207001002041536","MD","0207001002041536",0.94,231.29
"2409","0207001002041530","MD","0207001002041530",0.04,8.71
"2410","0207001001021404","DC","0207001001021404",0.02,4.91
"2411","0207001002041531","MD","0207001002041531",0.15,36.28
"2412","0207001002041532","MD","0207001002041532",0.1,25.28
"2413","0207001002041533","MD","0207001002041533",0.11,27.7
"2414","0207001002041534","MD","0207001002041534",0,0.15
"2415","0207001002041535","MD","0207001002041535",0.17,42.37
"2416","0207001001020701","MD","0207001001020701",0.02,5.45
"2417","0207001001020704","MD","0207001001020704",0.02,5.55
"2418","0207001001020702","MD","0207001001020702",0.14,34
"2419","0207001001020703","MD","0207001001020703",0.81,200.72
"2420","0207001001020705","MD","0207001001020705",0.1,24.19
"2421","0207001001020706","MD","0207001001020706",0.16,38.81
"2422","0207001001020707","MD","0207001001020707",0.07,16.18
"2423","0207001001020708","MD","0207001001020708",0.66,162.87
"2424","0207001001032503","VA","0207001001032503",0,0.36
"2425","0207001001032507","VA","0207001001032507",0.13,33.17
"2426","0207001001032508","VA","0207001001032508",0.16,38.79
"2427","0207001001032504","VA","0207001001032504",0.03,6.82
"2428","0207001001032505","VA","0207001001032505",0.04,10.06
"2429","0207001001032506","VA","0207001001032506",0.02,5.42
"2430","0207001001032509","VA","0207001001032509",0.01,3.57
"2431","0207001001032510","VA","0207001001032510",0.02,4.63
"2432","0207001001032511","VA","0207001001032511",0.05,11.32
"2433","0207001001032512","VA","0207001001032512",0.19,45.92
"2434","0207001001032513","VA","0207001001032513",0.03,6.52
"2435","0207001002010743","MD","0207001002010743",0.02,3.8
"2436","0207001001032514","VA","0207001001032514",0.12,30.05
"2437","0207001001032515","VA","0207001001032515",0.14,33.9
"2438","0207001001021840","DC","0207001001021840",0.01,1.6
"2439","0207001002010744","MD","0207001002010744",0.04,9.18
"2440","0207001001021839","DC","0207001001021839",0.01,2.35
"2441","0207001001021616","DC","0207001001021616",0,0.61
"2442","0207001001021841","DC","0207001001021841",0.08,19.7
"2443","0207001001021405","DC","0207001001021405",0,0.56
"2444","0207001001021617","DC","0207001001021617",0,0
"2445","0207001001021406","DC,MD","0207001001021406",0.03,6.85
"2446","0207001001021407","MD","0207001001021407",0,0.89
"2447","0207001001021417","DC","0207001001021417",0.02,3.79
"2448","0207001001021408","DC","0207001001021408",0.05,12.81
"2449","0207001001021409","DC","0207001001021409",0.02,5.72
"2450","0207001001021410","DC","0207001001021410",0.02,3.99
"2451","0207001001021411","DC","0207001001021411",0,0.05
"2452","0207001001021412","DC,MD","0207001001021412",0.02,4.34
"2453","0207001001021413","DC,MD","0207001001021413",0.02,4.53
"2454","0207001001020906","MD","0207001001020906",0.03,7.32
"2455","0207001001020709","MD","0207001001020709",0.06,15.84
"2456","0207001001020901","MD","0207001001020901",0.66,162.97
"2457","0207001001021418","DC","0207001001021418",0,0.53
"2458","0207001001020902","MD","0207001001020902",0.12,29.09
"2459","0207001001020903","MD","0207001001020903",0.25,61.34
"2460","0207001001020904","MD","0207001001020904",0.24,60.35
"2461","0207001001020905","MD","0207001001020905",0.8,196.71
"2462","0207001001020907","MD","0207001001020907",0.03,8.48
"2463","0207001001020908","MD","0207001001020908",0.03,8.52
"2464","0207001001020909","MD","0207001001020909",0.04,8.7
"2465","0207001001021101","MD","0207001001021101",0.03,6.36
"2466","0207001001020910","MD","0207001001020910",0.07,18.06
"2467","0207001001020911","MD","0207001001020911",0.25,62.5
"2468","0207001001020912","MD","0207001001020912",0.3,74.55
"2469","0207001002010745","MD","0207001002010745",0,0.34
"2470","0207001001020913","MD","0207001001020913",0.1,24.39
"2471","0207001001020914","MD","0207001001020914",0.09,21.62
"2472","0207001001020915","MD","0207001001020915",0.21,52.8
"2473","0207001001020916","MD","0207001001020916",0.67,166.19
"2474","0207001002010747","MD","0207001002010747",0.03,7.57
"2475","0207001001021843","DC","0207001001021843",0.02,4.72
"2476","0207001002010748","MD","0207001002010748",0.06,13.79
"2477","0207001002010749","MD","0207001002010749",0,0.74
"2478","0207001001021419","DC","0207001001021419",0,0.52
"2479","0207001001021847","DC","0207001001021847",0.04,8.92
"2480","0207001001021416","DC","0207001001021416",0.03,6.26
"2481","0207001001022505","DC","0207001001022505",0.06,14.66
"2482","0207001001022511","DC","0207001001022511",0.01,2.61
"2483","0207001001022506","DC","0207001001022506",0.12,28.48
"2484","0207001001022507","DC","0207001001022507",0.1,23.92
"2485","0207001001021010","MD","0207001001021010",0.02,4.13
"2486","0207001001022508","DC","0207001001022508",0.07,17.99
"2487","0207001001021414","DC","0207001001021414",0,0.12
"2488","0207001001021415","DC","0207001001021415",0,0.39
"2489","0207001001021420","DC","0207001001021420",0.01,2.44
"2490","0207001001021102","MD","0207001001021102",0,1.23
"2491","0207001001021120","MD","0207001001021120",0.02,4.88
"2492","0207001001021121","MD","0207001001021121",0.29,72.34
"2493","0207001001021103","MD","0207001001021103",0.03,8.39
"2494","0207001001021104","MD","0207001001021104",0.22,55.1
"2495","0207001001022512","DC","0207001001022512",0.03,7.65
"2496","0207001002010750","MD","0207001002010750",0.1,23.59
"2497","0207001001022509","DC","0207001001022509",0,0.5
"2498","0207001002010751","MD","0207001002010751",0.13,31.31
"2499","0207001001021423","DC","0207001001021423",0,0.39
"2500","0207001002010752","MD","0207001002010752",0.04,9.7
"2501","0207001002010753","MD","0207001002010753",0.01,2.39
"2502","0207001001021424","DC","0207001001021424",0.01,1.65
"2503","0207001002010754","MD","0207001002010754",0.04,9.04
"2504","0207001001021421","DC","0207001001021421",0,0.03
"2505","0207001001021122","MD","0207001001021122",0.01,1.33
"2506","0207001002010601","MD","0207001002010601",0.02,5.91
"2507","0207001001021108","MD","0207001001021108",0,0.67
"2508","0207001002010602","MD","0207001002010602",0.14,34.13
"2509","0207001002010603","MD","0207001002010603",0.19,46.03
"2510","0207001002010604","MD","0207001002010604",0.1,24.44
"2511","0207001001021112","MD","0207001001021112",0.01,2.74
"2512","0207001002011734","MD","0207001002011734",0.05,13.4
"2513","0207001001022510","DC","0207001001022510",0.01,2.98
"2514","0207001001021422","DC,MD","0207001001021422",0.07,17.75
"2515","0207001001021109","MD","0207001001021109",0.06,14.39
"2516","0207001001021110","MD","0207001001021110",0.58,143.65
"2517","0207001001021111","MD","0207001001021111",0.29,72.73
"2518","0207001001021107","MD","0207001001021107",0.04,11.11
"2519","0207001002011735","MD","0207001002011735",0.01,2.05
"2520","0207001001021113","MD","0207001001021113",0.09,22.84
"2521","0207001001021114","MD","0207001001021114",0.36,89.96
"2522","0207001001031601","DC","0207001001031601",0.01,1.73
"2523","0207001001021115","MD","0207001001021115",0.02,5.67
"2524","0207001001021116","MD","0207001001021116",0.05,13.33
"2525","0207001001021117","MD","0207001001021117",0.03,7.09
"2526","0207001002011736","MD","0207001002011736",0.01,2.92
"2527","0207001001021118","MD","0207001001021118",0.06,15.13
"2528","0207001001022815","DC","0207001001022815",0.01,2.23
"2529","0207001001021119","MD","0207001001021119",0.07,18.27
"2530","0207001001022813","DC","0207001001022813",0,0.09
"2531","0207001001021123","MD","0207001001021123",0.09,23.28
"2532","0207001001021124","MD","0207001001021124",0.06,15.23
"2533","0207001001022814","DC","0207001001022814",0.01,1.25
"2534","0207001001021125","MD","0207001001021125",0.05,13.14
"2535","0207001002010913","MD","0207001002010913",0.01,1.3
"2536","0207001002011737","MD","0207001002011737",0.04,10.67
"2537","0207001001022516","DC","0207001001022516",0.01,2.58
"2538","0207001002010914","MD","0207001002010914",0.22,53.17
"2539","0207001002011738","MD","0207001002011738",0.04,9.8
"2540","0207001002011739","MD","0207001002011739",0,0.56
"2541","0207001001021427","DC","0207001001021427",0,0.52
"2542","0207001002012102","MD","0207001002012102",0.09,23.17
"2543","0207001001022515","DC","0207001001022515",0.01,1.47
"2544","0207001001022517","DC","0207001001022517",0.02,4.7
"2545","0207001001021428","DC","0207001001021428",0.01,1.47
"2546","0207001001021429","DC","0207001001021429",0.01,3.67
"2547","0207001001022518","DC","0207001001022518",0.07,16.46
"2548","0207001001022519","DC","0207001001022519",0.01,1.53
"2549","0207001001021430","MD","0207001001021430",0.07,16.2
"2550","0207001001021812","DC","0207001001021812",0.02,4.18
"2551","0207001001021431","MD","0207001001021431",0.05,12.93
"2552","0207001001021432","DC","0207001001021432",0.02,4.08
"2553","0207001001021130","MD","0207001001021130",0.31,77.62
"2554","0207001001021131","MD","0207001001021131",0.24,58.45
"2555","0207001001021132","MD","0207001001021132",0.07,17.45
"2556","0207001001021133","MD","0207001001021133",0.14,34.51
"2557","0207001001021134","MD","0207001001021134",0.11,26.63
"2558","0207001001022212","DC","0207001001022212",0.01,2.57
"2559","0207001001021126","MD","0207001001021126",0.06,13.73
"2560","0207001002011747","MD","0207001002011747",0.02,5.72
"2561","0207001001021127","MD","0207001001021127",0.03,7.26
"2562","0207001001021129","MD","0207001001021129",0.03,8.03
"2563","0207001002011748","MD","0207001002011748",0,0.02
"2564","0207001001021128","MD","0207001001021128",0.06,14.38
"2565","0207001001021139","MD","0207001001021139",0.01,3.04
"2566","0207001001021135","MD","0207001001021135",0.09,21.14
"2567","0207001001021136","MD","0207001001021136",0.29,70.93
"2568","0207001001021141","MD","0207001001021141",0.31,76.97
"2569","0207001001021142","MD","0207001001021142",0.37,92.28
"2570","0207001001021433","DC","0207001001021433",0,0.78
"2571","0207001001021137","MD","0207001001021137",0.04,10.01
"2572","0207001001021143","MD","0207001001021143",0.03,8.14
"2573","0207001001021138","MD","0207001001021138",0.1,25.15
"2574","0207001001021140","MD","0207001001021140",0.19,47.08
"2575","0207001002011741","MD","0207001002011741",0.02,3.76
"2576","0207001002011742","MD","0207001002011742",0.04,8.73
"2577","0207001002011743","MD","0207001002011743",0.02,4.57
"2578","0207001002011744","MD","0207001002011744",0.06,13.76
"2579","0207001002011749","MD","0207001002011749",0.02,4.06
"2580","0207001002012101","MD","0207001002012101",0.2,50.19
"2581","0207001001022520","DC","0207001001022520",0,0.25
"2582","0207001001021434","DC","0207001001021434",0.01,1.94
"2583","0207001001022521","DC","0207001001022521",0.02,6.08
"2584","0207001001022522","DC","0207001001022522",0.01,3.45
"2585","0207001001022523","DC","0207001001022523",0,0.02
"2586","0207001001021435","DC","0207001001021435",0,0.67
"2587","0207001002010237","MD","0207001002010237",0.12,30.25
"2588","0207001001021001","MD","0207001001021001",0.09,21.41
"2589","0207001001022351","DC","0207001001022351",0,0.76
"2590","0207001001021002","MD","0207001001021002",0.03,7.15
"2591","0207001001021003","MD","0207001001021003",0.24,59.42
"2592","0207001001021005","MD","0207001001021005",0.04,9.62
"2593","0207001001021004","MD","0207001001021004",0.13,31.43
"2594","0207001002012105","MD","0207001002012105",0.02,4.87
"2595","0207001002012106","MD","0207001002012106",0,0.55
"2596","0207001002012107","MD","0207001002012107",0.16,40.67
"2597","0207001002012108","MD","0207001002012108",0.06,15.23
"2598","0207001002012109","MD","0207001002012109",0.01,1.97
"2599","0207001002013025","MD","0207001002013025",0.02,4.63
"2600","0207001002012103","MD","0207001002012103",0.03,8.64
"2601","0207001002013026","MD","0207001002013026",0.05,11.6
"2602","0207001002013028","MD","0207001002013028",2.13,527.41
"2603","0207001002013801","MD","0207001002013801",0.21,52.78
"2604","0207001001021639","DC","0207001001021639",0.01,3.14
"2605","0207001002012104","MD","0207001002012104",0.02,5.99
"2606","0207001002013027","MD","0207001002013027",0.03,7.74
"2607","0207001002013802","MD","0207001002013802",0.04,10.64
"2608","0207001002013803","MD","0207001002013803",0.44,109.65
"2609","0207001002013804","MD","0207001002013804",0.45,111.64
"2610","0207001002010240","MD","0207001002010240",0.02,5.79
"2611","0207001002010238","MD","0207001002010238",0.05,11.48
"2612","0207001002010245","MD","0207001002010245",0.01,1.76
"2613","0207001001021640","DC","0207001001021640",0,0.08
"2614","0207001002010239","MD","0207001002010239",0.11,26.23
"2615","0207001002010241","MD","0207001002010241",0.06,15.5
"2616","0207001002010246","MD","0207001002010246",0.01,2.84
"2617","0207001002010242","MD","0207001002010242",0.05,13.01
"2618","0207001001021437","DC","0207001001021437",0,0.57
"2619","0207001001021438","MD","0207001001021438",0.31,77.22
"2620","0207001002010243","MD","0207001002010243",0.04,9.68
"2621","0207001002010244","MD","0207001002010244",0.02,4.67
"2622","0207001002010247","MD","0207001002010247",0.03,8.56
"2623","0207001002010248","MD","0207001002010248",0.01,2.63
"2624","0207001002010249","MD","0207001002010249",0.05,13.34
"2625","0207001001021436","DC","0207001001021436",0,0.34
"2626","0207001001021439","DC,MD","0207001001021439",0.05,12.53
"2627","0207001001021440","DC","0207001001021440",0,0.59
"2628","0207001001021008","MD","0207001001021008",0.06,13.63
"2629","0207001002012111","MD","0207001002012111",0.04,8.86
"2630","0207001002012112","MD","0207001002012112",0.41,102.46
"2631","0207001002012113","MD","0207001002012113",0.18,44.48
"2632","0207001001021009","MD","0207001001021009",0.17,42.9
"2633","0207001001021011","MD","0207001001021011",0.11,27.11
"2634","0207001002012110","MD","0207001002012110",0.02,5.52
"2635","0207001002010103","MD","0207001002010103",0.02,3.71
"2636","0207001002012114","MD","0207001002012114",0.01,3.29
"2637","0207001002012001","MD","0207001002012001",0.02,5.77
"2638","0207001001021441","DC","0207001001021441",0,0
"2639","0207001002012002","MD","0207001002012002",0.04,8.85
"2640","0207001002013024","MD","0207001002013024",0.29,71.62
"2641","0207001002010101","MD","0207001002010101",0.18,45.19
"2642","0207001002010102","MD","0207001002010102",0.01,2.71
"2643","0207001002010104","MD","0207001002010104",0.07,16.39
"2644","0207001001020120","MD","0207001001020120",0,1.05
"2645","0207001002010105","MD","0207001002010105",0.03,8.09
"2646","0207001002013613","MD","0207001002013613",0.14,34.65
"2647","0207001002013614","MD","0207001002013614",0.2,50.53
"2648","0207001002013615","MD","0207001002013615",0.01,3.33
"2649","0207001002013616","DC,MD","0207001002013616",0.17,40.93
"2650","0207001001020121","MD","0207001001020121",0.62,152.25
"2651","0207001002013617","DC,MD","0207001002013617",0.08,18.93
"2652","0207001001021442","DC","0207001001021442",0.01,1.87
"2653","0207001001021443","DC,MD","0207001001021443",0,0
"2654","0207001001021015","MD","0207001001021015",0.08,20.89
"2655","0207001001021019","MD","0207001001021019",0.01,3.61
"2656","0207001001021016","MD","0207001001021016",0.05,13.56
"2657","0207001001021012","MD","0207001001021012",0,0.56
"2658","0207001001021017","MD","0207001001021017",0.19,45.82
"2659","0207001001021018","MD","0207001001021018",0.32,77.84
"2660","0207001001021020","MD","0207001001021020",0.04,9.02
"2661","0207001001021021","MD","0207001001021021",0,0.53
"2662","0207001001021013","MD","0207001001021013",0.08,19.31
"2663","0207001001021014","MD","0207001001021014",0.06,15.29
"2664","0207001001021305","MD","0207001001021305",0.03,8.05
"2665","0207001001021022","MD","0207001001021022",0.03,7.18
"2666","0207001002013809","MD","0207001002013809",0.02,3.97
"2667","0207001002013810","MD","0207001002013810",0.16,38.4
"2668","0207001002013811","MD","0207001002013811",0.05,11.2
"2669","0207001001021304","MD","0207001001021304",0,0.21
"2670","0207001001022352","DC","0207001001022352",0.01,3.12
"2671","0207001002013805","MD","0207001002013805",0.12,29.69
"2672","0207001002013806","MD","0207001002013806",0.22,55.14
"2673","0207001002013807","MD","0207001002013807",0.01,1.87
"2674","0207001002013808","MD","0207001002013808",0.02,5.47
"2675","0207001001021306","MD","0207001001021306",0.04,10.76
"2676","0207001001021307","MD","0207001001021307",0.53,131.06
"2677","0207001001021308","MD","0207001001021308",0.02,4.13
"2678","0207001001021309","MD","0207001001021309",0.05,11.76
"2679","0207001002013619","DC,MD","0207001002013619",0.01,3.03
"2680","0207001001021310","MD","0207001001021310",0.02,5.57
"2681","0207001001021311","MD","0207001001021311",0.02,4.88
"2682","0207001001021312","MD","0207001001021312",0.03,7.03
"2683","0207001002013623","MD","0207001002013623",0.02,4.99
"2684","0207001002013620","DC,MD","0207001002013620",0.05,12.66
"2685","0207001002013621","MD","0207001002013621",0.39,97.3
"2686","0207001002013622","MD","0207001002013622",0.01,3.37
"2687","0207001002013618","MD","0207001002013618",0.12,29.41
"2688","0207001002013624","MD","0207001002013624",0.11,27.52
"2689","0207001002011840","MD","0207001002011840",0.01,3.07
"2690","0207001002013625","MD","0207001002013625",0.02,5.05
"2691","0207001002013627","MD","0207001002013627",0.03,6.43
"2692","0207001002013626","MD","0207001002013626",0.12,29.24
"2693","0207001002013628","MD","0207001002013628",0.05,11.28
"2694","0207001002013701","MD","0207001002013701",0.29,71.71
"2695","0207001001021445","DC","0207001001021445",0,0.57
"2696","0207001002011841","MD","0207001002011841",0,0.21
"2697","0207001002013702","MD","0207001002013702",0.08,19.18
"2698","0207001002043008","DC","0207001002043008",0,0.05
"2699","0207001001030812","DC","0207001001030812",0.01,3.25
"2700","0207001002043009","DC","0207001002043009",0.07,16.93
"2701","0207001001021446","DC","0207001001021446",0.02,5.13
"2702","0207001003012053","MD","0207001003012053",0.02,5.37
"2703","0207001003012054","MD","0207001003012054",0.03,6.56
"2704","0207001003012055","MD","0207001003012055",0.04,9.48
"2705","0207001001021444","DC","0207001001021444",0,0.69
"2706","0207001001021023","MD","0207001001021023",0.01,3.47
"2707","0207001001021024","MD","0207001001021024",0.01,2.74
"2708","0207001001021026","MD","0207001001021026",0.02,3.89
"2709","0207001001021025","MD","0207001001021025",0.04,9.23
"2710","0207001001021027","MD","0207001001021027",0.09,22.78
"2711","0207001001021028","MD","0207001001021028",0,0.4
"2712","0207001001021301","MD","0207001001021301",0.01,2.79
"2713","0207001001021314","MD","0207001001021314",0.18,43.91
"2714","0207001001021315","MD","0207001001021315",0.01,2.97
"2715","0207001001021316","MD","0207001001021316",0.26,63.39
"2716","0207001002041610","DC","0207001002041610",0.01,1.66
"2717","0207001001021317","MD","0207001001021317",0.19,46
"2718","0207001001021318","MD","0207001001021318",0.13,31.88
"2719","0207001001021319","MD","0207001001021319",0.02,5.98
"2720","0207001001021320","MD","0207001001021320",0.03,6.24
"2721","0207001001021321","MD","0207001001021321",0.03,6.32
"2722","0207001001021203","MD","0207001001021203",0.02,5.36
"2723","0207001001021313","MD","0207001001021313",0.07,17.01
"2724","0207001001021322","MD","0207001001021322",0.76,186.83
"2725","0207001002043010","DC","0207001002043010",0,0.43
"2726","0207001001021201","MD","0207001001021201",0.09,23.31
"2727","0207001002043011","DC","0207001002043011",0,0.21
"2728","0207001001021202","MD","0207001001021202",0.07,17.4
"2729","0207001001021447","DC","0207001001021447",0,0.29
"2730","0207001001021204","MD","0207001001021204",0.04,9.92
"2731","0207001001021205","MD","0207001001021205",0.43,106.27
"2732","0207001001021206","MD","0207001001021206",0.23,56.03
"2733","0207001001021207","MD","0207001001021207",0.02,5.65
"2734","0207001001021208","MD","0207001001021208",0.11,26.4
"2735","0207001001021448","DC","0207001001021448",0,0.23
"2736","0207001001021449","DC","0207001001021449",0.01,2.57
"2737","0207001001021450","DC","0207001001021450",0.03,6.39
"2738","0207001002041304","DC","0207001002041304",0.01,1.51
"2739","0207001001021451","DC","0207001001021451",0.04,9.1
"2740","0207001001021452","MD","0207001001021452",0.21,52.12
"2741","0207001001021453","MD","0207001001021453",0.57,141.27
"2742","0207001001021454","MD","0207001001021454",0.19,47.31
"2743","0207001001021507","DC,MD","0207001001021507",0.01,1.28
"2744","0207001001021455","MD","0207001001021455",0.1,24.06
"2745","0207001001021508","DC","0207001001021508",0,0.35
"2746","0207001001021456","MD","0207001001021456",0.13,31.22
"2747","0207001001021457","MD","0207001001021457",0.09,23.33
"2748","0207001001021458","DC,MD","0207001001021458",0.05,13.1
"2749","0207001001021459","DC,MD","0207001001021459",0.14,35.38
"2750","0207001001022407","DC","0207001001022407",0.02,4.34
"2751","0207001001022411","DC","0207001001022411",0.03,6.36
"2752","0207001001022412","DC","0207001001022412",0,0.01
"2753","0207001001022405","DC","0207001001022405",0,0.01
"2754","0207001001022406","DC","0207001001022406",0.01,3.06
"2755","0207001001022413","DC","0207001001022413",0.03,6.86
"2756","0207001001022414","DC","0207001001022414",0.02,5.12
"2757","0207001001022415","DC","0207001001022415",0.03,7.78
"2758","0207001001022416","DC","0207001001022416",0,0.04
"2759","0207001001022417","DC","0207001001022417",0.01,3.28
"2760","0207001002041223","DC","0207001002041223",0,0.16
"2761","0207001001021520","DC","0207001001021520",0.03,6.49
"2762","0207001001021521","DC","0207001001021521",0,0.18
"2763","0207001001022353","DC","0207001001022353",0.01,1.6
"2764","0207001001021522","DC","0207001001021522",0.04,9.15
"2765","0207001001021523","DC","0207001001021523",0,0.15
"2766","0207001001021524","DC,MD","0207001001021524",0.13,32.02
"2767","0207001001021532","DC","0207001001021532",0.03,7.82
"2768","0207001001021525","DC,MD","0207001001021525",0.09,22.49
"2769","0207001001021533","DC","0207001001021533",0.01,2.7
"2770","0207001001021526","DC,MD","0207001001021526",0.12,30.14
"2771","0207001001021824","DC","0207001001021824",0,0.35
"2772","0207001001021527","DC","0207001001021527",0.03,8.48
"2773","0207001001021519","DC","0207001001021519",0.02,4.47
"2774","0207001002041723","DC","0207001002041723",0,0.06
"2775","0207001001021528","DC","0207001001021528",0.04,9.36
"2776","0207001001021529","DC","0207001001021529",0,0.01
"2777","0207001001021530","DC","0207001001021530",0.02,5.52
"2778","0207001001021705","DC","0207001001021705",0.04,8.83
"2779","0207001001021706","DC","0207001001021706",0.01,2.13
"2780","0207001001021701","DC","0207001001021701",0.05,12.83
"2781","0207001001021712","DC","0207001001021712",0.02,5.21
"2782","0207001001021702","DC","0207001001021702",0.21,51.73
"2783","0207001001021703","DC","0207001001021703",0.07,16.46
"2784","0207001001022308","DC","0207001001022308",0.01,1.45
"2785","0207001002041724","DC","0207001002041724",0,0.17
"2786","0207001001022420","DC","0207001001022420",0.03,8.61
"2787","0207001001021531","DC","0207001001021531",0.01,3.07
"2788","0207001001021713","DC","0207001001021713",0.03,7.16
"2789","0207001001021714","DC","0207001001021714",0.03,6.81
"2790","0207001002042134","DC","0207001002042134",0,0.34
"2791","0207001001021715","DC","0207001001021715",0.03,7.57
"2792","0207001001021708","DC","0207001001021708",0.03,6.96
"2793","0207001001021709","DC","0207001001021709",0.04,10.29
"2794","0207001001021710","DC","0207001001021710",0,0.51
"2795","0207001001023219","DC","0207001001023219",0.01,3.09
"2796","0207001001021711","DC","0207001001021711",0.03,7.17
"2797","0207001001022310","DC","0207001001022310",0,0.45
"2798","0207001001022313","DC","0207001001022313",0.02,4.2
"2799","0207001001022311","DC","0207001001022311",0.02,6.16
"2800","0207001001022312","DC","0207001001022312",0.02,5.39
"2801","0207001001022425","DC","0207001001022425",0.05,11.96
"2802","0207001001021534","DC","0207001001021534",0.01,3.41
"2803","0207001001023614","DC","0207001001023614",0,1.08
"2804","0207001001021535","DC","0207001001021535",0.01,3.69
"2805","0207001001021536","DC","0207001001021536",0.02,5.71
"2806","0207001001021537","DC","0207001001021537",0.04,9.02
"2807","0207001001021718","DC","0207001001021718",0.01,3.35
"2808","0207001001021538","DC","0207001001021538",0.02,4.23
"2809","0207001001021539","DC","0207001001021539",0,0.64
"2810","0207001001021716","DC","0207001001021716",0.01,3.5
"2811","0207001001022318","DC","0207001001022318",0.02,5.3
"2812","0207001001022427","DC","0207001001022427",0.01,1.38
"2813","0207001001022426","DC","0207001001022426",0.01,1.35
"2814","0207001001021901","DC","0207001001021901",0.09,22.43
"2815","0207001001021902","DC,MD","0207001001021902",1.2,297.66
"2816","0207001001021903","DC","0207001001021903",0.54,133.92
"2817","0207001001021904","DC","0207001001021904",0.16,40.06
"2818","0207001001021906","DC","0207001001021906",0.12,29.65
"2819","0207001001021907","DC","0207001001021907",0.37,91.44
"2820","0207001001030132","VA","0207001001030132",0.01,1.33
"2821","0207001001021908","DC","0207001001021908",0.05,12.85
"2822","0207001001021909","DC","0207001001021909",0,0.23
"2823","0207001001030353","VA","0207001001030353",0.01,2.58
"2824","0207001001021910","DC","0207001001021910",0.07,17.66
"2825","0207001001030814","DC","0207001001030814",0.03,6.33
"2826","0207001001022001","DC","0207001001022001",0.02,5.48
"2827","0207001001022002","DC","0207001001022002",0.06,13.97
"2828","0207001001022321","DC","0207001001022321",0.06,15.97
"2829","0207001001022431","DC","0207001001022431",0.03,6.24
"2830","0207001001022322","DC","0207001001022322",0.05,11.57
"2831","0207001001022323","DC","0207001001022323",0,0.26
"2832","0207001001022319","DC","0207001001022319",0,0.96
"2833","0207001001022429","DC","0207001001022429",0.02,5.8
"2834","0207001001022430","DC","0207001001022430",0.03,6.55
"2835","0207001001021546","DC","0207001001021546",0.03,8.59
"2836","0207001001021618","DC","0207001001021618",0.02,5.73
"2837","0207001001021547","DC","0207001001021547",0.04,10.58
"2838","0207001001021548","DC","0207001001021548",0.04,10.71
"2839","0207001001021601","MD","0207001001021601",0.04,9.25
"2840","0207001001022005","DC","0207001001022005",0.02,4.21
"2841","0207001001021602","MD","0207001001021602",0.18,43.54
"2842","0207001001021603","MD","0207001001021603",0.57,141.46
"2843","0207001001021604","MD","0207001001021604",0.05,12.07
"2844","0207001001021605","MD","0207001001021605",0.01,2.6
"2845","0207001001021606","DC,MD","0207001001021606",0.04,9.31
"2846","0207001001021607","DC,MD","0207001001021607",0.12,30.17
"2847","0207001001022324","DC","0207001001022324",0,0.08
"2848","0207001001022003","DC","0207001001022003",0.07,17.32
"2849","0207001001022004","DC","0207001001022004",0.01,1.91
"2850","0207001001022006","DC","0207001001022006",0.1,25.26
"2851","0207001001022007","DC","0207001001022007",0.02,4.2
"2852","0207001001022008","DC","0207001001022008",0.11,26.03
"2853","0207001001022325","DC","0207001001022325",0.01,1.29
"2854","0207001001022009","DC","0207001001022009",0.03,8.44
"2855","0207001001022010","DC","0207001001022010",0.02,5.55
"2856","0207001001022011","DC","0207001001022011",0,0
"2857","0207001001021609","DC","0207001001021609",0.04,8.84
"2858","0207001001021610","DC","0207001001021610",0.01,1.99
"2859","0207001001021611","DC","0207001001021611",0.03,7.09
"2860","0207001001021612","DC","0207001001021612",0.25,62.7
"2861","0207001001022329","DC","0207001001022329",0.02,3.77
"2862","0207001001021613","DC","0207001001021613",0.02,5.3
"2863","0207001001021614","DC","0207001001021614",0.37,92.54
"2864","0207001001022012","DC","0207001001022012",0.01,1.85
"2865","0207001002042407","DC","0207001002042407",0,1.07
"2866","0207001001022438","DC","0207001001022438",0.04,10.14
"2867","0207001001022439","DC","0207001001022439",0.08,18.76
"2868","0207001001022330","DC","0207001001022330",0.01,2.83
"2869","0207001001022442","DC","0207001001022442",0,0.01
"2870","0207001001022440","DC","0207001001022440",0.04,10
"2871","0207001001022449","DC","0207001001022449",0,0.77
"2872","0207001001022441","DC","0207001001022441",0.05,13.39
"2873","0207001001021615","DC","0207001001021615",0.01,2
"2874","0207001001022016","DC","0207001001022016",0.1,24.59
"2875","0207001002042139","DC","0207001002042139",0,0.75
"2876","0207001001022017","DC","0207001001022017",0.05,11.18
"2877","0207001001022018","DC","0207001001022018",0,0.98
"2878","0207001001022014","DC","0207001001022014",0,0
"2879","0207001001022015","DC","0207001001022015",0,0.15
"2880","0207001001022443","DC","0207001001022443",0.05,13.01
"2881","0207001001022444","DC","0207001001022444",0.02,5.69
"2882","0207001001022445","DC","0207001001022445",0.04,10.24
"2883","0207001001022446","DC","0207001001022446",0,0.11
"2884","0207001001022447","DC","0207001001022447",0,0.18
"2885","0207001001022448","DC","0207001001022448",0,0.01
"2886","0207001001021620","DC","0207001001021620",0.05,11.28
"2887","0207001001021621","DC","0207001001021621",0,0
"2888","0207001001021622","DC","0207001001021622",0,0.06
"2889","0207001001021623","DC","0207001001021623",0,0.01
"2890","0207001001022019","DC","0207001001022019",0,0.74
"2891","0207001001022020","DC","0207001001022020",0.03,8.09
"2892","0207001001022021","DC","0207001001022021",0.04,10.43
"2893","0207001001022022","DC","0207001001022022",0.09,22.73
"2894","0207001001022332","DC","0207001001022332",0.03,8
"2895","0207001001022333","DC","0207001001022333",0.05,12.06
"2896","0207001001022334","DC","0207001001022334",0,0
"2897","0207001001022450","DC","0207001001022450",0.05,11.22
"2898","0207001001022501","DC","0207001001022501",0.02,5.91
"2899","0207001001021625","DC","0207001001021625",0.03,6.69
"2900","0207001001021626","DC","0207001001021626",0.02,4.03
"2901","0207001001021627","DC","0207001001021627",0.01,3.13
"2902","0207001001021628","DC","0207001001021628",0.11,26.74
"2903","0207001001021629","DC","0207001001021629",0.05,12.47
"2904","0207001001021630","DC","0207001001021630",0.05,12.71
"2905","0207001001021804","DC","0207001001021804",0.01,3.06
"2906","0207001001021631","DC","0207001001021631",0.04,9.69
"2907","0207001001021633","DC","0207001001021633",0.02,5.4
"2908","0207001001021632","DC","0207001001021632",0.08,20.77
"2909","0207001001021805","DC","0207001001021805",0,1.17
"2910","0207001001021634","DC","0207001001021634",0.01,2.17
"2911","0207001001021635","DC","0207001001021635",0.05,11.89
"2912","0207001001022025","DC","0207001001022025",0.14,34.16
"2913","0207001001022026","DC","0207001001022026",0.02,5.06
"2914","0207001001022027","DC","0207001001022027",0.02,3.76
"2915","0207001001022028","DC","0207001001022028",0,0.05
"2916","0207001001022336","DC","0207001001022336",0.01,1.69
"2917","0207001001022029","DC","0207001001022029",0.03,6.73
"2918","0207001001022030","DC","0207001001022030",0,0.05
"2919","0207001001022337","DC","0207001001022337",0,1.06
"2920","0207001001022031","DC","0207001001022031",0.08,20.36
"2921","0207001001022032","DC","0207001001022032",0.02,3.81
"2922","0207001001021636","DC","0207001001021636",0.06,15.98
"2923","0207001001022104","DC","0207001001022104",0.01,2.16
"2924","0207001001021637","DC","0207001001021637",0.08,20.03
"2925","0207001001021638","DC","0207001001021638",0,0.06
"2926","0207001001022105","DC","0207001001022105",0.01,3.24
"2927","0207001001022106","DC,MD","Point Reno",2.21,546.11
"2928","0207001001021641","DC","0207001001021641",0.03,7.64
"2929","0207001001021642","DC","0207001001021642",0.04,8.97
"2930","0207001001021643","DC","0207001001021643",0.03,6.31
"2931","0207001001021645","DC","0207001001021645",0.06,15.93
"2932","0207001001021644","DC","0207001001021644",0.08,20.56
"2933","0207001001022036","DC","0207001001022036",0,0.83
"2934","0207001001021801","DC","0207001001021801",0.03,8.27
"2935","0207001001021802","DC","0207001001021802",0,0.64
"2936","0207001001022033","DC","0207001001022033",0.23,56.26
"2937","0207001001022034","DC","0207001001022034",0.02,5.13
"2938","0207001001022035","DC","0207001001022035",0.03,7.01
"2939","0207001001022037","DC","0207001001022037",0.04,8.7
"2940","0207001001022038","DC","0207001001022038",0.02,4.59
"2941","0207001001022039","DC","0207001001022039",0.03,8.12
"2942","0207001001022040","DC","0207001001022040",0.03,8.2
"2943","0207001001022041","DC","0207001001022041",0.23,56.66
"2944","0207001001022101","DC","0207001001022101",0.11,26.76
"2945","0207001001022102","DC","0207001001022102",0.02,4.78
"2946","0207001001022103","DC","0207001001022103",0.03,7.14
"2947","0207001001022803","DC","0207001001022803",0.02,5.08
"2948","0207001001022804","DC","0207001001022804",0.02,5.52
"2949","0207001001022107","DC","0207001001022107",0.04,11.01
"2950","0207001001022341","DC","0207001001022341",0.01,2.94
"2951","0207001001021807","DC","0207001001021807",0.1,25.31
"2952","0207001001021808","DC","0207001001021808",0.05,12.02
"2953","0207001001021809","DC","0207001001021809",0,0.5
"2954","0207001001022110","DC","0207001001022110",0.02,5.15
"2955","0207001001022201","DC","0207001001022201",0.07,16.25
"2956","0207001001022202","DC","0207001001022202",0.02,5.59
"2957","0207001001022203","DC","0207001001022203",0.02,5.53
"2958","0207001001022204","DC","0207001001022204",0,0.04
"2959","0207001001022205","DC","0207001001022205",0.67,165.61
"2960","0207001001022108","DC","0207001001022108",0.04,11.08
"2961","0207001001022109","DC","0207001001022109",0.1,24.51
"2962","0207001002042140","DC","0207001002042140",0,1.08
"2963","0207001001022809","DC","0207001001022809",0.05,12.31
"2964","0207001001022808","DC","0207001001022808",0.01,2.05
"2965","0207001001022810","DC","0207001001022810",0.04,9.52
"2966","0207001001022811","DC","0207001001022811",0.39,97.04
"2967","0207001001022812","DC","0207001001022812",0,0.82
"2968","0207001001023701","DC","0207001001023701",0.01,2.14
"2969","0207001001021810","DC","0207001001021810",0.01,1.82
"2970","0207001001021811","DC","0207001001021811",0,0.01
"2971","0207001001022206","DC","0207001001022206",0.06,15.74
"2972","0207001001021813","DC","0207001001021813",0.03,6.43
"2973","0207001001021814","DC","0207001001021814",0.02,4.8
"2974","0207001001021815","DC","0207001001021815",0.01,1.96
"2975","0207001001022210","DC","0207001001022210",0.09,23.11
"2976","0207001001022211","DC","0207001001022211",0,0.56
"2977","0207001001021509","DC,MD","0207001001021509",0.1,25.81
"2978","0207001001021510","DC,MD","0207001001021510",0.03,6.61
"2979","0207001001021511","DC,MD","0207001001021511",0.01,2.51
"2980","0207001001021816","DC","0207001001021816",0,0.9
"2981","0207001001021817","DC","0207001001021817",0.03,6.52
"2982","0207001001021818","DC","0207001001021818",0.04,8.95
"2983","0207001001021819","DC","0207001001021819",0.02,4.6
"2984","0207001001021820","DC","0207001001021820",0.02,3.74
"2985","0207001001022213","DC","0207001001022213",0.02,3.77
"2986","0207001001022214","DC","0207001001022214",0.07,17.78
"2987","0207001001022215","DC","0207001001022215",0,0.43
"2988","0207001001022301","DC","0207001001022301",1.22,301.33
"2989","0207001001022302","DC","0207001001022302",0.25,60.96
"2990","0207001001022354","DC","0207001001022354",0.03,6.47
"2991","0207001001022355","DC","0207001001022355",0.01,2.2
"2992","0207001001021512","DC","0207001001021512",0,0.37
"2993","0207001001021513","DC,MD","0207001001021513",0.14,35.46
"2994","0207001001021514","DC","0207001001021514",0.02,5.74
"2995","0207001001021515","DC","0207001001021515",0,0.38
"2996","0207001001030617","VA","0207001001030617",0.01,2.07
"2997","0207001001021516","DC","0207001001021516",0.02,4.77
"2998","0207001001021517","DC","0207001001021517",0,1.09
"2999","0207001001021518","DC","0207001001021518",0,0.05
"3000","0207001001021823","DC","0207001001021823",0,0.58
"3001","0207001001021825","DC","0207001001021825",0.03,6.66
"3002","0207001001021826","DC","0207001001021826",0.05,11.18
"3003","0207001001021827","DC","0207001001021827",0.1,24.7
"3004","0207001001021828","DC","0207001001021828",0,0.42
"3005","0207001001021848","DC","0207001001021848",0.03,6.57
"3006","0207001001021821","DC","0207001001021821",0.03,7.34
"3007","0207001001021849","DC","0207001001021849",0.08,20.72
"3008","0207001001021822","DC","0207001001021822",0.03,6.5
"3009","0207001001022303","DC","0207001001022303",0,0.27
"3010","0207001001022304","DC","0207001001022304",0,0.01
"3011","0207001001022307","DC","0207001001022307",0,0.71
"3012","0207001001022305","DC","0207001001022305",0.06,14.64
"3013","0207001001022306","DC","0207001001022306",0,1.2
"3014","0207001001022358","DC","0207001001022358",0.03,6.79
"3015","0207001001022401","DC","0207001001022401",0.02,5.37
"3016","0207001002042410","DC","0207001002042410",0,1
"3017","0207001001022402","DC","0207001001022402",0.04,8.96
"3018","0207001001022403","DC","0207001001022403",0,0.2
"3019","0207001001022404","DC","0207001001022404",0.16,39.76
"3020","0207001001031106","DC","0207001001031106",0.01,1.41
"3021","0207001001031107","DC","0207001001031107",0.02,5.74
"3022","0207001001031603","DC","0207001001031603",0.04,10.34
"3023","0207001001031105","DC","0207001001031105",0.1,25.14
"3024","0207001001031602","DC","0207001001031602",0.04,11.05
"3025","0207001001031711","DC","0207001001031711",0.01,1.58
"3026","0207001001031604","DC","0207001001031604",0.03,7.46
"3027","0207001001031605","DC","0207001001031605",0.01,3.03
"3028","0207001001031712","DC","0207001001031712",0.03,6.28
"3029","0207001001031713","DC","0207001001031713",0,1
"3030","0207001001031714","DC","0207001001031714",0.31,76.04
"3031","0207001001031111","DC","0207001001031111",0,0.86
"3032","0207001001030348","VA","0207001001030348",0.15,36.46
"3033","0207001001030349","VA","0207001001030349",0.03,6.66
"3034","0207001001030350","VA","0207001001030350",0.01,3.3
"3035","0207001001031607","DC","0207001001031607",0,0.03
"3036","0207001001031608","DC","0207001001031608",0.71,176.56
"3037","0207001001030351","VA","0207001001030351",0.05,12.42
"3038","0207001001031609","DC","0207001001031609",0,1.05
"3039","0207001001030352","VA","0207001001030352",0.06,15.92
"3040","0207001001031108","DC","0207001001031108",0.01,2.01
"3041","0207001001031109","DC","0207001001031109",0.06,14.83
"3042","0207001001031110","DC","0207001001031110",0.01,2.18
"3043","0207001001031606","DC","0207001001031606",0.01,3.03
"3044","0207001001031612","DC","0207001001031612",0,0.01
"3045","0207001001030138","VA","0207001001030138",0.01,2.03
"3046","0207001002041817","DC","0207001002041817",0.01,1.41
"3047","0207001001030139","VA","0207001001030139",0.02,5.14
"3048","0207001001031615","DC","0207001001031615",0.02,4.41
"3049","0207001001030140","VA","0207001001030140",0.15,38.29
"3050","0207001001030141","VA","0207001001030141",0.15,37.49
"3051","0207001001030142","VA","0207001001030142",0.18,43.96
"3052","0207001001030143","VA","0207001001030143",0.02,4.59
"3053","0207001001030144","VA","0207001001030144",0.38,92.96
"3054","0207001001030505","VA","0207001001030505",0.03,7.03
"3055","0207001001030145","VA","0207001001030145",0.04,9.24
"3056","0207001001030146","VA","0207001001030146",0.21,51.68
"3057","0207001003011529","DC","0207001003011529",0.01,2.19
"3058","0207001001030147","VA","0207001001030147",0.03,7.35
"3059","0207001001030148","VA","0207001001030148",0.02,4.73
"3060","0207001001030354","VA","0207001001030354",0.05,13.27
"3061","0207001001031616","DC","0207001001031616",0.01,3.36
"3062","0207001001030355","VA","0207001001030355",0.03,8.18
"3063","0207001001030356","VA","0207001001030356",0.41,101.41
"3064","0207001001030501","VA","0207001001030501",0.41,101
"3065","0207001001030204","VA","0207001001030204",0.02,5.47
"3066","0207001001030502","VA","0207001001030502",0.12,29.41
"3067","0207001001030503","VA","0207001001030503",0.05,12.37
"3068","0207001001031114","DC","0207001001031114",0.03,6.39
"3069","0207001001030504","VA","0207001001030504",0.04,9.63
"3070","0207001001031115","DC","0207001001031115",0.03,7.33
"3071","0207001001030506","VA","0207001001030506",0.12,28.87
"3072","0207001001030507","VA","0207001001030507",0.09,22.5
"3073","0207001001031112","DC","0207001001031112",0,1.19
"3074","0207001001031113","DC","0207001001031113",0.1,23.76
"3075","0207001001031117","DC","0207001001031117",0.03,6.58
"3076","0207001001030514","VA","0207001001030514",0.02,6.04
"3077","0207001001031118","DC","0207001001031118",0.1,24.42
"3078","0207001001031201","DC","0207001001031201",0.13,31.02
"3079","0207001001031613","DC","0207001001031613",0,0
"3080","0207001001031614","DC","0207001001031614",0,0
"3081","0207001001030153","VA","0207001001030153",0.03,8.48
"3082","0207001001030150","VA","0207001001030150",0.02,4.84
"3083","0207001001030154","VA","0207001001030154",0.04,9.82
"3084","0207001001030155","VA","0207001001030155",0,0.41
"3085","0207001001030156","VA","0207001001030156",0.04,10.66
"3086","0207001001030517","VA","0207001001030517",0.01,3.02
"3087","0207001001030157","VA","0207001001030157",0.06,15.71
"3088","0207001001031202","DC","0207001001031202",0.01,2.72
"3089","0207001001030158","VA","0207001001030158",0.04,9.51
"3090","0207001001031203","DC","0207001001031203",0.01,1.68
"3091","0207001001030149","VA","0207001001030149",0.06,14.22
"3092","0207001001031617","DC","0207001001031617",0.01,2.95
"3093","0207001001030151","VA","0207001001030151",0.02,4.17
"3094","0207001001030160","VA","0207001001030160",0.05,11.42
"3095","0207001001030152","VA","0207001001030152",0.07,17.98
"3096","0207001001031618","DC,MD","0207001001031618",0.19,46.12
"3097","0207001001031316","DC","0207001001031316",0.01,2.91
"3098","0207001001030159","VA","0207001001030159",0.06,14.99
"3099","0207001001031638","DC","0207001001031638",0.64,158.54
"3100","0207001001031639","DC","0207001001031639",0.08,20.24
"3101","0207001001030161","VA","0207001001030161",0.03,6.18
"3102","0207001001030162","VA","0207001001030162",0.6,147.32
"3103","0207001001030508","VA","0207001001030508",0.02,4.62
"3104","0207001001030163","VA","0207001001030163",0.04,10.49
"3105","0207001001030259","VA","0207001001030259",0,0.78
"3106","0207001001030515","VA","0207001001030515",0.03,8.62
"3107","0207001001030516","VA","0207001001030516",0.01,3.58
"3108","0207001001030509","VA","0207001001030509",0.06,13.6
"3109","0207001001030261","VA","0207001001030261",0,0.8
"3110","0207001001030510","VA","0207001001030510",0.05,12.7
"3111","0207001002042728","DC","0207001002042728",0,0.85
"3112","0207001001030511","VA","0207001001030511",0.16,38.33
"3113","0207001002042729","DC","0207001002042729",0,0
"3114","0207001001030512","VA","0207001001030512",0.03,7.33
"3115","0207001001030513","VA","0207001001030513",0.03,6.24
"3116","0207001001031204","DC","0207001001031204",0.16,40.72
"3117","0207001001031619","DC","0207001001031619",0.01,3.29
"3118","0207001001031620","DC","0207001001031620",0.02,5.39
"3119","0207001001030164","VA","0207001001030164",0.03,8.18
"3120","0207001001031305","DC","0207001001031305",0.01,1.86
"3121","0207001001030165","VA","0207001001030165",0.13,33
"3122","0207001001030166","VA","0207001001030166",0.3,73.69
"3123","0207001001030167","VA","0207001001030167",0.18,43.25
"3124","0207001001030168","VA","0207001001030168",0.22,53.72
"3125","0207001001030169","VA","0207001001030169",0.41,102.41
"3126","0207001001030170","VA","0207001001030170",0.19,48.1
"3127","0207001001030171","VA","0207001001030171",0.44,109.74
"3128","0207001001030172","VA","0207001001030172",0.28,69.06
"3129","0207001001030201","VA","0207001001030201",0.07,17.19
"3130","0207001001022718","DC","0207001001022718",0.01,1.53
"3131","0207001001030202","VA","0207001001030202",0.09,22.91
"3132","0207001001030203","VA","0207001001030203",0.18,43.63
"3133","0207001001032542","DC","0207001001032542",0.01,2.13
"3134","0207001001030205","VA","0207001001030205",0.02,6.1
"3135","0207001001030206","VA","0207001001030206",0.27,67.1
"3136","0207001001030207","VA","0207001001030207",0.53,130.55
"3137","0207001001030520","VA","0207001001030520",0.02,6.03
"3138","0207001001030208","VA","0207001001030208",0.02,5.07
"3139","0207001001030524","VA","0207001001030524",0.02,5.64
"3140","0207001001030209","VA","0207001001030209",0.06,13.73
"3141","0207001001030533","VA","0207001001030533",0.01,2.3
"3142","0207001001030534","VA","0207001001030534",0.14,33.76
"3143","0207001001030518","VA","0207001001030518",0.05,13.41
"3144","0207001001030535","VA","0207001001030535",0.58,142.29
"3145","0207001001030212","VA","0207001001030212",0.01,3.07
"3146","0207001001030519","VA","0207001001030519",0.1,25.93
"3147","0207001001030213","VA","0207001001030213",0.45,110.99
"3148","0207001002010822","MD","0207001002010822",0,1.01
"3149","0207001001030521","VA","0207001001030521",0.07,16.33
"3150","0207001001032107","DC","0207001001032107",0.01,1.51
"3151","0207001001030522","VA","0207001001030522",0.04,10.96
"3152","0207001001030523","VA","0207001001030523",0.01,3.35
"3153","0207001001032108","DC","0207001001032108",0,0
"3154","0207001001030525","VA","0207001001030525",0.02,4.86
"3155","0207001001030526","VA","0207001001030526",0.03,7.18
"3156","0207001001032109","DC","0207001001032109",0,0.01
"3157","0207001001032110","DC","0207001001032110",0,0.02
"3158","0207001001030527","VA","0207001001030527",0.07,17.86
"3159","0207001001031306","DC","0207001001031306",0.02,3.85
"3160","0207001001030528","VA","0207001001030528",0.04,10.17
"3161","0207001001031207","DC","0207001001031207",0.01,3.06
"3162","0207001001030529","VA","0207001001030529",0.04,9.8
"3163","0207001001031206","DC","0207001001031206",0.05,11.32
"3164","0207001001030530","VA","0207001001030530",0.05,11.62
"3165","0207001001031621","DC","0207001001031621",0,0.55
"3166","0207001001032201","DC","0207001001032201",0,0
"3167","0207001001030531","VA","0207001001030531",0.13,31.42
"3168","0207001001030532","VA","0207001001030532",0.13,31.98
"3169","0207001001032202","DC","0207001001032202",0,0.33
"3170","0207001001030601","VA","0207001001030601",0.06,14.52
"3171","0207001001031622","DC","0207001001031622",0.01,2.45
"3172","0207001001031205","DC","0207001001031205",0.08,19.3
"3173","0207001001030210","VA","0207001001030210",0,0.41
"3174","0207001001030211","VA","0207001001030211",0.34,84.75
"3175","0207001001031208","DC","0207001001031208",0.06,14.71
"3176","0207001001031209","DC","0207001001031209",0,0.07
"3177","0207001001031210","DC","0207001001031210",0,0.15
"3178","0207001001031211","DC","0207001001031211",0.01,2.09
"3179","0207001001030214","VA","0207001001030214",0.01,2.21
"3180","0207001001030215","VA","0207001001030215",0.02,3.99
"3181","0207001001030216","VA","0207001001030216",0.09,22.97
"3182","0207001001030217","VA","0207001001030217",0.4,98.64
"3183","0207001001030218","VA","0207001001030218",0.2,48.33
"3184","0207001001030219","VA","0207001001030219",0.12,29.68
"3185","0207001001030220","VA","0207001001030220",0.13,30.99
"3186","0207001001030221","VA","0207001001030221",0.07,18.25
"3187","0207001001030222","VA","0207001001030222",0.33,81.58
"3188","0207001002040428","MD","0207001002040428",0.01,1.9
"3189","0207001001030232","VA","0207001001030232",0.08,19.62
"3190","0207001001030806","DC","0207001001030806",0.02,5.47
"3191","0207001001030233","VA","0207001001030233",0.26,63.04
"3192","0207001001030234","VA","0207001001030234",0.1,23.75
"3193","0207001001030807","DC","0207001001030807",0,0.07
"3194","0207001001030605","VA","0207001001030605",0.03,8.47
"3195","0207001001030606","VA","0207001001030606",0.02,4.96
"3196","0207001001030607","VA","0207001001030607",0.02,5.05
"3197","0207001001030609","VA","0207001001030609",0.04,10.24
"3198","0207001001030608","VA","0207001001030608",0.04,8.88
"3199","0207001001030602","VA","0207001001030602",0.28,68.69
"3200","0207001001031213","DC","0207001001031213",0.03,6.41
"3201","0207001001030603","VA","0207001001030603",0.03,8.6
"3202","0207001001030612","VA","0207001001030612",0.01,3.06
"3203","0207001001030604","VA","0207001001030604",0.19,48.15
"3204","0207001001031214","DC","0207001001031214",0.2,49.87
"3205","0207001001030610","VA","0207001001030610",0.02,5.94
"3206","0207001001030611","VA","0207001001030611",0.02,3.83
"3207","0207001001030613","VA","0207001001030613",0.02,5.43
"3208","0207001001030614","VA","0207001001030614",0,0.96
"3209","0207001001031212","DC","0207001001031212",0.01,2.14
"3210","0207001001031215","DC","0207001001031215",0.07,16.66
"3211","0207001001031624","DC","0207001001031624",0,0.01
"3212","0207001001031625","DC","0207001001031625",0.01,1.69
"3213","0207001001031626","DC","0207001001031626",0.05,12.99
"3214","0207001001030223","VA","0207001001030223",0.01,3.04
"3215","0207001001030224","VA","0207001001030224",0.04,9.72
"3216","0207001001030225","VA","0207001001030225",0.38,93.18
"3217","0207001001031708","DC","0207001001031708",0.01,3.09
"3218","0207001001030226","VA","0207001001030226",0.12,30.25
"3219","0207001001031709","DC","0207001001031709",0,0.04
"3220","0207001001030227","VA","0207001001030227",0.01,2.8
"3221","0207001001030228","VA","0207001001030228",0.21,50.94
"3222","0207001001030229","VA","0207001001030229",0.12,29.32
"3223","0207001001030618","VA","0207001001030618",0.03,7.52
"3224","0207001001030615","VA","0207001001030615",0.35,86.75
"3225","0207001001030230","VA","0207001001030230",0.15,36.79
"3226","0207001001030231","VA","0207001001030231",0.5,122.85
"3227","0207001001031222","DC","0207001001031222",0,0.23
"3228","0207001001030616","VA","0207001001030616",0.17,42.68
"3229","0207001001030619","VA","0207001001030619",0.09,21.29
"3230","0207001001030620","VA","0207001001030620",0.16,39.38
"3231","0207001001030621","VA","0207001001030621",0.14,33.47
"3232","0207001001031627","DC","0207001001031627",0,0.78
"3233","0207001001030622","VA","0207001001030622",0.05,11.12
"3234","0207001001030623","VA","0207001001030623",0.01,2.53
"3235","0207001001031628","DC","0207001001031628",0,0.3
"3236","0207001001030624","VA","0207001001030624",0.04,9.35
"3237","0207001001031629","DC","0207001001031629",0,0.4
"3238","0207001002010806","MD","0207001002010806",0,0.62
"3239","0207001001030625","VA","0207001001030625",0.1,24.84
"3240","0207001001030626","VA","0207001001030626",0.03,8.04
"3241","0207001001031216","DC","0207001001031216",0.01,3.04
"3242","0207001001031217","DC","Mount Alto",0.74,182.31
"3243","0207001001031218","DC","0207001001031218",0.38,94.18
"3244","0207001001031219","DC","0207001001031219",0,0.01
"3245","0207001001031220","DC","0207001001031220",0,0
"3246","0207001001031221","DC","0207001001031221",0,0
"3247","0207001001031630","DC","0207001001031630",0.02,4.45
"3248","0207001001031631","DC","0207001001031631",0,0.01
"3249","0207001001031632","DC","0207001001031632",0,0.02
"3250","0207001001030241","VA","0207001001030241",0,0.63
"3251","0207001001030242","VA","0207001001030242",0.48,118.81
"3252","0207001001030243","VA","0207001001030243",0.13,33.3
"3253","0207001001030244","VA","0207001001030244",0.11,27.72
"3254","0207001001030245","VA","0207001001030245",0.08,20.97
"3255","0207001001030246","VA","0207001001030246",0.04,9.58
"3256","0207001001030628","VA","0207001001030628",0.04,9.4
"3257","0207001001030247","VA","0207001001030247",0.11,27.11
"3258","0207001001030248","VA","0207001001030248",0.16,40.26
"3259","0207001001030235","VA","0207001001030235",0.15,37.85
"3260","0207001001030236","VA","0207001001030236",0.1,23.48
"3261","0207001001030237","VA","0207001001030237",0.09,23.39
"3262","0207001001032549","DC","0207001001032549",0.01,2.92
"3263","0207001001030238","VA","0207001001030238",0.05,12.48
"3264","0207001001030808","DC","0207001001030808",0.01,3.11
"3265","0207001001030239","VA","0207001001030239",0.09,22.81
"3266","0207001001030240","VA","0207001001030240",0.19,46.92
"3267","0207001001030627","VA","0207001001030627",0.12,30.48
"3268","0207001001030629","DC,MD,VA","0207001001030629",0.04,10.02
"3269","0207001001030701","VA","0207001001030701",0.02,6.17
"3270","0207001001030702","VA","0207001001030702",0.02,6.07
"3271","0207001001030704","VA","0207001001030704",0.03,7.8
"3272","0207001001030703","VA","0207001001030703",0.11,27.04
"3273","0207001001030705","VA","0207001001030705",0.13,31.37
"3274","0207001001030706","VA","0207001001030706",0.03,8.48
"3275","0207001001030712","VA","0207001001030712",0.01,3.22
"3276","0207001001030707","VA","0207001001030707",0.03,6.57
"3277","0207001001030713","VA","0207001001030713",0.02,5.82
"3278","0207001001030708","VA","0207001001030708",0.05,11.7
"3279","0207001001031635","DC","0207001001031635",0,0.67
"3280","0207001001031636","DC","0207001001031636",0,0.02
"3281","0207001001030709","VA","0207001001030709",0.18,45.37
"3282","0207001001030710","VA","0207001001030710",0.2,50.44
"3283","0207001001030711","VA","0207001001030711",0.17,41.17
"3284","0207001001030714","VA","0207001001030714",0.11,26.95
"3285","0207001001030715","VA","0207001001030715",0.04,10.31
"3286","0207001001030250","VA","0207001001030250",0.02,5.16
"3287","0207001001030716","VA","0207001001030716",0.03,8.09
"3288","0207001001030255","VA","0207001001030255",0.02,3.96
"3289","0207001001030256","VA","0207001001030256",0.22,55.31
"3290","0207001001031225","DC","0207001001031225",0.06,13.83
"3291","0207001001031301","DC","0207001001031301",0,0.43
"3292","0207001001031223","DC","0207001001031223",0.01,2.01
"3293","0207001001031224","DC","0207001001031224",0,0
"3294","0207001001031302","DC","0207001001031302",0,0
"3295","0207001001031303","DC","0207001001031303",0.04,8.83
"3296","0207001001031633","DC","0207001001031633",0,0.07
"3297","0207001001031634","DC","0207001001031634",0,0.68
"3298","0207001001030257","VA","0207001001030257",0.06,15.9
"3299","0207001001030258","VA","0207001001030258",0.01,2.25
"3300","0207001001030249","VA","0207001001030249",0.09,22.81
"3301","0207001001022719","DC","0207001001022719",0.01,1.87
"3302","0207001001030251","VA","0207001001030251",0.07,16.86
"3303","0207001001030252","VA","0207001001030252",0.16,40.21
"3304","0207001001030253","VA","0207001001030253",0.02,3.93
"3305","0207001001023107","DC","0207001001023107",0,0.02
"3306","0207001001023108","DC","0207001001023108",0.4,97.8
"3307","0207001001030254","VA","0207001001030254",0.08,20.97
"3308","0207001001023201","DC","Mount Saint Alban",0.2,48.51
"3309","0207001001030718","VA","0207001001030718",0.12,29.06
"3310","0207001001030719","VA","0207001001030719",0.18,43.39
"3311","0207001001030720","VA","0207001001030720",0.04,8.98
"3312","0207001001030727","VA","0207001001030727",0.01,1.95
"3313","0207001001030717","VA","0207001001030717",0.07,18.22
"3314","0207001001031304","DC","0207001001031304",0.01,1.96
"3315","0207001001030721","VA","0207001001030721",0.14,33.43
"3316","0207001001030722","VA","0207001001030722",0.04,10.49
"3317","0207001001030723","VA","0207001001030723",0.24,59.7
"3318","0207001001030724","VA","0207001001030724",0.04,9.93
"3319","0207001001030725","VA","0207001001030725",0.04,9.99
"3320","0207001001030726","VA","0207001001030726",0.01,3.17
"3321","0207001001031314","DC","0207001001031314",0.11,26.33
"3322","0207001001030801","DC","0207001001030801",0.02,4.37
"3323","0207001001030802","DC","0207001001030802",0.01,2.11
"3324","0207001001030809","DC","0207001001030809",0,0.7
"3325","0207001001030803","DC","0207001001030803",0.04,10.32
"3326","0207001001030402","VA","0207001001030402",0.03,6.42
"3327","0207001001030804","DC","0207001001030804",0.04,10.73
"3328","0207001001030403","VA","0207001001030403",0.02,4.61
"3329","0207001001030805","DC","0207001001030805",0.04,9.02
"3330","0207001001031637","DC","0207001001031637",0,0.15
"3331","0207001001030810","DC","0207001001030810",0,0.78
"3332","0207001001030260","VA","0207001001030260",0.09,21.55
"3333","0207001001030262","VA","0207001001030262",0.15,38.26
"3334","0207001001030263","VA","0207001001030263",0.03,7.1
"3335","0207001001030728","VA","0207001001030728",0.04,10.8
"3336","0207001001030401","VA","0207001001030401",0.09,23.32
"3337","0207001001030729","VA","0207001001030729",0.02,5.99
"3338","0207001001030730","VA","0207001001030730",0,0.8
"3339","0207001001030733","VA","0207001001030733",0.03,6.86
"3340","0207001001030731","VA","0207001001030731",0.09,22.01
"3341","0207001001030406","VA","0207001001030406",0.01,3.56
"3342","0207001001030732","VA","0207001001030732",0.12,30.88
"3343","0207001001030407","VA","0207001001030407",0.25,61.73
"3344","0207001001030734","VA","0207001001030734",0.09,21.27
"3345","0207001001030735","VA","0207001001030735",0,0.97
"3346","0207001001031307","DC","0207001001031307",0.04,8.71
"3347","0207001001031308","DC","0207001001031308",0.01,2.78
"3348","0207001001030740","VA","0207001001030740",0.03,8.33
"3349","0207001001031309","DC","0207001001031309",0.05,12.37
"3350","0207001001031313","DC","0207001001031313",0.04,9.04
"3351","0207001001031310","DC","0207001001031310",0.03,7.53
"3352","0207001001031311","DC","0207001001031311",0.02,5.55
"3353","0207001001031312","DC","0207001001031312",0,0.01
"3354","0207001001030811","DC","0207001001030811",0.03,7.61
"3355","0207001001030404","VA","0207001001030404",0.22,54.49
"3356","0207001001030405","VA","0207001001030405",0.03,6.92
"3357","0207001001030408","VA","0207001001030408",0.02,4.69
"3358","0207001001030409","VA","0207001001030409",0.01,2.39
"3359","0207001001030410","VA","0207001001030410",0.35,85.5
"3360","0207001001030411","VA","0207001001030411",0.02,4.47
"3361","0207001001030412","VA","0207001001030412",0.03,7.99
"3362","0207001001030413","VA","0207001001030413",0.08,18.95
"3363","0207001001030736","VA","0207001001030736",0.01,1.89
"3364","0207001001030737","VA","0207001001030737",0.06,14.05
"3365","0207001001031320","DC","0207001001031320",0.02,4.44
"3366","0207001001030738","VA","0207001001030738",0.04,9.81
"3367","0207001001030739","VA","0207001001030739",0.02,6.1
"3368","0207001001031318","DC","0207001001031318",0.02,6.06
"3369","0207001001031319","DC","0207001001031319",0.02,3.72
"3370","0207001002041629","DC","0207001002041629",0.01,1.25
"3371","0207001001030813","DC","0207001001030813",0.05,13.53
"3372","0207001001030421","VA","0207001001030421",0.02,4.54
"3373","0207001001030414","VA","0207001001030414",0.1,24.51
"3374","0207001001030415","VA","0207001001030415",0.01,2.78
"3375","0207001001030416","VA","0207001001030416",0.03,6.35
"3376","0207001001030904","VA","0207001001030904",0,0.24
"3377","0207001001030916","VA","0207001001030916",0.02,4.44
"3378","0207001001030417","VA","0207001001030417",0.06,13.67
"3379","0207001001030418","VA","0207001001030418",0.1,24.02
"3380","0207001001030917","VA","0207001001030917",0,0.68
"3381","0207001001030419","VA","0207001001030419",0.09,21.43
"3382","0207001001030420","VA","0207001001030420",0.16,38.97
"3383","0207001001030422","VA","0207001001030422",0.08,20.16
"3384","0207001002041630","DC","0207001002041630",0.01,2.91
"3385","0207001001030423","VA","0207001001030423",0.14,35.19
"3386","0207001001030905","VA","0207001001030905",0.03,6.56
"3387","0207001001030901","VA","0207001001030901",0.7,174.04
"3388","0207001001030906","VA","0207001001030906",0.04,9.49
"3389","0207001001030902","VA","0207001001030902",0.1,23.74
"3390","0207001001031323","DC","0207001001031323",0,0.1
"3391","0207001001030903","VA","0207001001030903",0.04,8.95
"3392","0207001001030918","VA","0207001001030918",0.02,4.71
"3393","0207001001030907","VA","0207001001030907",0.02,6.17
"3394","0207001001030908","VA","0207001001030908",0.01,1.69
"3395","0207001002042403","DC","0207001002042403",0.01,1.75
"3396","0207001001030909","VA","0207001001030909",0.2,49.15
"3397","0207001001031324","DC","0207001001031324",0.06,14.35
"3398","0207001001031327","DC","0207001001031327",0.02,6.15
"3399","0207001001031325","DC","0207001001031325",0.13,31.86
"3400","0207001001031328","DC","0207001001031328",0,0.66
"3401","0207001001031326","DC","0207001001031326",0.04,9.52
"3402","0207001001031329","DC","0207001001031329",0,0.11
"3403","0207001002041214","DC","0207001002041214",0,0.01
"3404","0207001001030815","DC","0207001001030815",0.04,8.76
"3405","0207001001030816","DC","0207001001030816",0.02,5.65
"3406","0207001001030817","DC","0207001001030817",0.04,10.74
"3407","0207001001031331","DC","0207001001031331",0.01,2.94
"3408","0207001001030818","DC","0207001001030818",0.14,35.46
"3409","0207001001030819","DC","0207001001030819",0.04,9.05
"3410","0207001001030820","DC","0207001001030820",0,0.6
"3411","0207001001031332","DC","0207001001031332",0.03,8.38
"3412","0207001001030821","DC","0207001001030821",0.13,31.11
"3413","0207001001030431","VA","0207001001030431",0.05,13.32
"3414","0207001001030432","VA","0207001001030432",0,0.73
"3415","0207001001030424","VA","0207001001030424",0.08,20.41
"3416","0207001002010826","MD","0207001002010826",0.01,2.81
"3417","0207001001030425","VA","0207001001030425",0.03,7.12
"3418","0207001001030427","VA","0207001001030427",0.04,9.4
"3419","0207001001030426","VA","0207001001030426",0.07,17.45
"3420","0207001001030913","VA","0207001001030913",0.01,3.5
"3421","0207001001030428","VA","0207001001030428",0.03,6.4
"3422","0207001001030429","VA","0207001001030429",0.02,5.8
"3423","0207001001030430","VA","0207001001030430",0.08,18.56
"3424","0207001001031726","DC","0207001001031726",0.01,2.75
"3425","0207001001030301","VA","0207001001030301",0.09,21.33
"3426","0207001001030302","VA","0207001001030302",0.06,13.96
"3427","0207001001030303","VA","Minor Hill",0.34,84.14
"3428","0207001001030304","VA","0207001001030304",0.28,68.46
"3429","0207001001031727","DC","0207001001031727",0,0.57
"3430","0207001001030305","VA","0207001001030305",0.06,14.88
"3431","0207001001030910","VA","0207001001030910",0,0.41
"3432","0207001001030911","VA","0207001001030911",0.04,8.78
"3433","0207001001030914","VA","0207001001030914",0.04,8.74
"3434","0207001001030912","VA","0207001001030912",0.04,11.01
"3435","0207001001030915","VA","0207001001030915",0.01,2.9
"3436","0207001001030919","DC,MD,VA","0207001001030919",0.03,6.39
"3437","0207001001031333","DC","0207001001031333",0.01,3.37
"3438","0207001001030822","DC","0207001001030822",0.05,11.12
"3439","0207001001031001","VA","0207001001031001",0.05,12.6
"3440","0207001001031330","DC","0207001001031330",0,0.79
"3441","0207001001030823","DC","0207001001030823",0.06,15.3
"3442","0207001001030824","DC","0207001001030824",0.01,1.55
"3443","0207001002041218","DC","0207001002041218",0,0.38
"3444","0207001001030306","VA","0207001001030306",0.04,8.8
"3445","0207001001030307","VA","0207001001030307",0.22,53.8
"3446","0207001001030308","VA","0207001001030308",0.76,187.3
"3447","0207001001030310","VA","0207001001030310",0.02,5.09
"3448","0207001001030311","VA","0207001001030311",0.3,74.82
"3449","0207001001030312","VA","0207001001030312",0.41,101.6
"3450","0207001002041219","DC","0207001002041219",0.17,41.54
"3451","0207001001030309","VA","0207001001030309",0.06,15.07
"3452","0207001001031335","DC","0207001001031335",0.02,5.63
"3453","0207001001030313","VA","0207001001030313",0.08,20.18
"3454","0207001001032551","DC","0207001001032551",0,1.1
"3455","0207001001030314","VA","0207001001030314",0.05,11.86
"3456","0207001001031010","VA","0207001001031010",0.02,4.9
"3457","0207001001030315","VA","0207001001030315",0.12,28.86
"3458","0207001001030316","VA","0207001001030316",0.31,75.83
"3459","0207001001030317","VA","0207001001030317",0.02,3.77
"3460","0207001001030322","VA","0207001001030322",0.04,8.82
"3461","0207001001030323","VA","0207001001030323",0.33,81.23
"3462","0207001001031002","VA","0207001001031002",0.65,160.2
"3463","0207001001030318","VA","0207001001030318",0.08,19.22
"3464","0207001001030319","VA","0207001001030319",0.22,53.56
"3465","0207001001030320","VA","0207001001030320",0.1,24.9
"3466","0207001001030321","VA","0207001001030321",0.04,11.11
"3467","0207001001031005","VA","0207001001031005",0.01,1.89
"3468","0207001001031006","VA","0207001001031006",0,0.05
"3469","0207001001031007","VA","0207001001031007",1.55,383.43
"3470","0207001001031008","VA","0207001001031008",0.34,85.11
"3471","0207001001031003","VA","0207001001031003",0.18,43.35
"3472","0207001001031004","VA","0207001001031004",0.13,31.39
"3473","0207001001031336","DC","0207001001031336",0.02,5.62
"3474","0207001001030828","DC","0207001001030828",0.04,8.67
"3475","0207001001031337","DC","Georgetown Heights",0.06,15.35
"3476","0207001001030829","DC","0207001001030829",0.01,2.94
"3477","0207001001031710","DC","0207001001031710",0,0.07
"3478","0207001001031338","DC","0207001001031338",0.04,9.52
"3479","0207001001031339","DC","0207001001031339",0,1.07
"3480","0207001001030827","DC","0207001001030827",0,0.56
"3481","0207001001030324","VA","0207001001030324",0.29,72.21
"3482","0207001001030325","VA","0207001001030325",0.03,6.25
"3483","0207001001030326","VA","0207001001030326",0.21,51.45
"3484","0207001001030329","VA","0207001001030329",0.02,4.44
"3485","0207001001030327","VA","0207001001030327",0.06,16
"3486","0207001001030332","VA","0207001001030332",0,0.01
"3487","0207001002011001","MD","0207001002011001",0.01,2.25
"3488","0207001001030328","VA","0207001001030328",0.14,34.72
"3489","0207001002011004","MD","0207001002011004",0.16,39.33
"3490","0207001001030330","VA","0207001001030330",0.12,30.48
"3491","0207001001030331","VA","0207001001030331",0.17,41.05
"3492","0207001001030333","VA","0207001001030333",0.12,29.33
"3493","0207001001030334","VA","0207001001030334",0.05,11.93
"3494","0207001001031728","DC","0207001001031728",0.01,1.48
"3495","0207001001030335","VA","0207001001030335",0.04,9.79
"3496","0207001001030336","VA","0207001001030336",0,0.81
"3497","0207001001031011","VA","0207001001031011",0.68,167.49
"3498","0207001001031729","DC","0207001001031729",0,0.12
"3499","0207001001031012","VA","0207001001031012",0.02,4.68
"3500","0207001001031016","VA","0207001001031016",0.01,2.39
"3501","0207001001031013","VA","0207001001031013",0.15,36.4
"3502","0207001001031014","VA","0207001001031014",0.35,87.37
"3503","0207001001031015","VA","0207001001031015",0.08,19.92
"3504","0207001001031017","VA","0207001001031017",0.01,2.18
"3505","0207001001031018","VA","0207001001031018",0.22,55.19
"3506","0207001001031019","VA","0207001001031019",0.03,6.28
"3507","0207001001031020","VA","0207001001031020",0.02,5.36
"3508","0207001001031346","DC","0207001001031346",0,0.21
"3509","0207001001031021","VA","0207001001031021",0.05,11.53
"3510","0207001001031340","DC","0207001001031340",0,0.13
"3511","0207001001031341","DC","0207001001031341",0,0.1
"3512","0207001001031347","DC","0207001001031347",0,0
"3513","0207001001031348","DC","0207001001031348",0,0
"3514","0207001001031349","DC","0207001001031349",0,0
"3515","0207001001031350","DC","0207001001031350",0,0.05
"3516","0207001001031342","DC","0207001001031342",0.11,27.49
"3517","0207001001031343","DC","0207001001031343",0,0
"3518","0207001001031344","DC","0207001001031344",0,0.01
"3519","0207001001031345","DC","0207001001031345",0.6,147.68
"3520","0207001001030831","DC","0207001001030831",0.01,2.36
"3521","0207001001031701","DC","0207001001031701",0.05,12.23
"3522","0207001001031702","DC","0207001001031702",0.04,9.22
"3523","0207001001031703","DC","0207001001031703",0.52,129.06
"3524","0207001001031704","DC","0207001001031704",0.02,3.94
"3525","0207001001031705","DC","0207001001031705",0,0.02
"3526","0207001001031706","DC","0207001001031706",0.02,5.38
"3527","0207001001030342","VA","0207001001030342",0.02,5.46
"3528","0207001001030343","VA","0207001001030343",0.14,33.6
"3529","0207001001030337","VA","0207001001030337",0.13,32.95
"3530","0207001001030338","VA","0207001001030338",0.06,13.65
"3531","0207001001030339","VA","0207001001030339",0.02,5.5
"3532","0207001001030340","VA","0207001001030340",0.13,32.27
"3533","0207001001030341","VA","0207001001030341",0.04,9.66
"3534","0207001001030344","VA","0207001001030344",0.01,1.79
"3535","0207001001030345","VA","0207001001030345",0.04,9.39
"3536","0207001001030346","VA","0207001001030346",0.26,64.53
"3537","0207001001030347","VA","0207001001030347",0.3,73.09
"3538","0207001001031101","DC","0207001001031101",0,0.52
"3539","0207001001031102","DC","0207001001031102",0.22,54.28
"3540","0207001001031104","DC","0207001001031104",0.01,1.7
"3541","0207001001031103","DC","0207001001031103",0.09,22.87
"3542","0207001001031022","VA","0207001001031022",0.04,9.47
"3543","0207001001031023","VA","0207001001031023",0.15,36.72
"3544","0207001001031401","VA","0207001001031401",0.03,6.37
"3545","0207001001031402","VA","0207001001031402",0.13,33.11
"3546","0207001001031405","DC,MD,VA","Mackeys Hill",0.55,136.76
"3547","0207001001031351","DC","0207001001031351",0,0.2
"3548","0207001001031355","DC","0207001001031355",0.1,25.86
"3549","0207001001031356","DC","0207001001031356",0.01,3.21
"3550","0207001001031707","DC","0207001001031707",0,0.94
"3551","0207001001031730","DC","0207001001031730",0,0.37
"3552","0207001002010803","MD","0207001002010803",0.13,32.3
"3553","0207001001031731","DC","0207001001031731",0,0.27
"3554","0207001002010804","MD","0207001002010804",0.02,5.89
"3555","0207001002010805","MD","0207001002010805",0.02,4.54
"3556","0207001002010807","MD","0207001002010807",0.04,9.29
"3557","0207001002010818","MD","0207001002010818",0.04,8.9
"3558","0207001002010808","MD","0207001002010808",0.06,14.21
"3559","0207001002010809","MD","0207001002010809",0.14,34.54
"3560","0207001001031723","DC","0207001001031723",0,0.47
"3561","0207001002010918","MD","0207001002010918",0.06,15.49
"3562","0207001001031724","DC","0207001001031724",0.01,1.83
"3563","0207001002010801","MD","0207001002010801",0.03,8.58
"3564","0207001002010811","MD","0207001002010811",0.05,12.98
"3565","0207001002010802","MD","0207001002010802",0.14,35.17
"3566","0207001001031725","DC","0207001001031725",0,0.8
"3567","0207001002010810","MD","0207001002010810",0.05,12.44
"3568","0207001001031722","DC","0207001001031722",0.01,1.58
"3569","0207001001032008","DC","0207001001032008",0,0.04
"3570","0207001002010812","MD","0207001002010812",0.04,10.58
"3571","0207001002010813","MD","0207001002010813",0.19,47.94
"3572","0207001001031721","DC","0207001001031721",0,0.73
"3573","0207001001032009","DC","0207001001032009",0,0.02
"3574","0207001001032010","DC","0207001001032010",0.1,23.57
"3575","0207001001032011","DC","0207001001032011",0,0
"3576","0207001001032012","DC","0207001001032012",0,0.01
"3577","0207001001032101","DC","0207001001032101",0.03,7.21
"3578","0207001001032102","DC","0207001001032102",0.52,128.73
"3579","0207001001032103","DC","0207001001032103",5.95,1471.26
"3580","0207001001032104","DC","0207001001032104",0.98,241.56
"3581","0207001001032105","DC","0207001001032105",0,0.01
"3582","0207001001032106","DC","0207001001032106",0,0.01
"3583","0207001001032203","DC","0207001001032203",0,0
"3584","0207001001032204","DC","0207001001032204",0.1,24.42
"3585","0207001001032205","DC","0207001001032205",1.04,256.64
"3586","0207001001032543","DC","0207001001032543",0.03,7.07
"3587","0207001001032544","DC","0207001001032544",0,0.01
"3588","0207001001032545","DC","0207001001032545",0,0.34
"3589","0207001001032217","DC","0207001001032217",0,0.83
"3590","0207001001032546","DC","0207001001032546",0.04,8.95
"3591","0207001002010825","MD","0207001002010825",0.01,2.95
"3592","0207001001032547","DC","0207001001032547",0.04,10.59
"3593","0207001002010814","MD","0207001002010814",0.25,62.73
"3594","0207001001032218","DC","0207001001032218",0,0.01
"3595","0207001001032548","DC","0207001001032548",0.11,27.56
"3596","0207001002010821","MD","0207001002010821",0.09,21.4
"3597","0207001002010823","MD","0207001002010823",0.11,26.64
"3598","0207001001032219","DC","0207001001032219",0,0.74
"3599","0207001002010824","MD","0207001002010824",0.16,39.05
"3600","0207001001032220","DC","0207001001032220",0,0.02
"3601","0207001002010815","MD","0207001002010815",0.06,15.17
"3602","0207001002010816","MD","0207001002010816",0.02,5.84
"3603","0207001002010817","MD","0207001002010817",0.23,56.45
"3604","0207001002010819","MD","0207001002010819",0.07,17.21
"3605","0207001002010820","MD","0207001002010820",0.11,27.37
"3606","0207001002010827","MD","0207001002010827",0.04,9.85
"3607","0207001002010828","MD","0207001002010828",0.02,4.28
"3608","0207001002010829","MD","0207001002010829",0.14,33.57
"3609","0207001002042629","DC","0207001002042629",0.01,2.97
"3610","0207001002010830","MD","0207001002010830",0.03,6.62
"3611","0207001002010831","MD","0207001002010831",0.05,12.24
"3612","0207001002042630","DC","0207001002042630",0,0
"3613","0207001002010832","MD","0207001002010832",0.1,24.21
"3614","0207001002010833","MD","0207001002010833",0.28,70.18
"3615","0207001002010635","MD","0207001002010635",0.01,2.24
"3616","0207001002010834","MD","0207001002010834",0.11,27.65
"3617","0207001002042821","DC","0207001002042821",0,0.01
"3618","0207001002010835","MD","0207001002010835",0.14,34.82
"3619","0207001001032206","DC","0207001001032206",0.02,5.01
"3620","0207001001032207","DC","Peters Hill",0.19,47.76
"3621","0207001001032208","DC","0207001001032208",0,0.01
"3622","0207001001032209","DC","0207001001032209",0,0.05
"3623","0207001001032210","DC","0207001001032210",0,0
"3624","0207001001032211","DC","0207001001032211",0,0.01
"3625","0207001001032212","DC","0207001001032212",0,0.3
"3626","0207001002042826","DC","0207001002042826",0,0.04
"3627","0207001001032213","DC","0207001001032213",0.02,5.54
"3628","0207001001032214","DC","0207001001032214",0,0.01
"3629","0207001001032215","DC","0207001001032215",0,0
"3630","0207001001032216","DC","0207001001032216",2.1,517.69
"3631","0207001001032228","DC","0207001001032228",0,0.02
"3632","0207001001032550","DC","0207001001032550",0.01,2.93
"3633","0207001001032552","DC,MD,VA","0207001001032552",0.07,16.58
"3634","0207001002011002","MD","0207001002011002",0.07,18.41
"3635","0207001002011003","MD","0207001002011003",0,0.03
"3636","0207001002011005","MD","0207001002011005",0.08,18.73
"3637","0207000810055812","VA","0207000810055812",0.01,2.01
"3638","0207001002011006","MD","0207001002011006",0.14,33.9
"3639","0207001002042827","DC","0207001002042827",0,0
"3640","0207001002011007","MD","0207001002011007",0.02,5.49
"3641","0207001001032229","DC","0207001001032229",0.03,7.54
"3642","0207001001032230","DC","0207001001032230",0,0
"3643","0207001002010705","MD","0207001002010705",0.16,40.67
"3644","0207001002011008","MD","0207001002011008",0.12,30.34
"3645","0207001002010706","MD","0207001002010706",0.01,3.3
"3646","0207001002010707","MD","0207001002010707",0.03,6.19
"3647","0207001002010708","MD","0207001002010708",0.05,13.33
"3648","0207001002010713","MD","0207001002010713",0.02,4.3
"3649","0207001002010709","MD","0207001002010709",0.15,36.57
"3650","0207001002010710","MD","0207001002010710",0.15,36.97
"3651","0207001002010711","MD","0207001002010711",0.02,5.75
"3652","0207001001032553","DC,MD,VA","Theodore Roosevelt Island-Potomac River",13.09,3233.74
"3653","0207001002010724","MD","0207001002010724",0.01,3.47
"3654","0207001002010701","MD","0207001002010701",0.05,12.22
"3655","0207001002010205","MD","0207001002010205",0.05,11.31
"3656","0207001002010702","MD","0207001002010702",0.02,5.22
"3657","0207001001031732","DC","0207001001031732",0.01,1.64
"3658","0207001002010703","MD","0207001002010703",0.14,34.21
"3659","0207001002010704","MD","0207001002010704",0.06,15.94
"3660","0207001002011009","MD","0207001002011009",0,0.53
"3661","0207001002011010","MD","0207001002011010",0.09,22.13
"3662","0207001001032221","DC","0207001001032221",0.01,2.32
"3663","0207001002010201","MD","0207001002010201",0.11,27.13
"3664","0207001002010202","MD","0207001002010202",0.18,44.97
"3665","0207001001032222","DC","0207001001032222",0,0.01
"3666","0207001001032223","DC","0207001001032223",0,0.09
"3667","0207001001032224","DC","0207001001032224",0,0
"3668","0207001001032225","DC","0207001001032225",0.16,39.9
"3669","0207001002010203","MD","0207001002010203",0.04,10.52
"3670","0207001001032226","DC","0207001001032226",0,0
"3671","0207001001032227","DC","0207001001032227",0.22,53.81
"3672","0207001002010712","MD","0207001002010712",0,1.16
"3673","0207001002010204","MD","0207001002010204",0.09,22.79
"3674","0207001002010206","MD","0207001002010206",0.05,13.41
"3675","0207001002010207","MD","0207001002010207",0.08,19.72
"3676","0207000810055813","VA","0207000810055813",0.01,2.98
"3677","0207001002010208","MD","0207001002010208",0.12,30.36
"3678","0207001002010209","MD","0207001002010209",0.11,26.15
"3679","0207001002010210","MD","0207001002010210",0.05,11.67
"3680","0207001002010730","MD","0207001002010730",0.01,3.27
"3681","0207001002010211","MD","0207001002010211",0.07,18.27
"3682","0207001002010731","MD","0207001002010731",0.49,121.88
"3683","0207001002010732","MD","0207001002010732",0.12,28.99
"3684","0207000810056055","MD","0207000810056055",0,0.84
"3685","0207000810056056","MD","0207000810056056",0.41,100.27
"3686","0207001002010212","MD","0207001002010212",0.15,36.06
"3687","0207001002010213","MD","0207001002010213",0.24,59.4
"3688","0207001001031733","DC","0207001001031733",0.04,10.01
"3689","0207001001031734","DC","0207001001031734",0,0.44
"3690","0207001001031735","DC","0207001001031735",0,0.23
"3691","0207001001031801","DC","0207001001031801",0,0.05
"3692","0207001002010714","MD","0207001002010714",0.08,19.88
"3693","0207001001031802","DC","0207001001031802",0,0.25
"3694","0207001002010715","MD","0207001002010715",0.05,13.57
"3695","0207001002010716","MD","0207001002010716",0.01,3.29
"3696","0207001002010717","MD","0207001002010717",0.09,22.29
"3697","0207001002010718","MD","0207001002010718",0.05,11.43
"3698","0207001001031507","DC","0207001001031507",0.01,2.67
"3699","0207001002010719","MD","0207001002010719",0.08,18.99
"3700","0207001002010720","MD","0207001002010720",0.2,50.4
"3701","0207001002010721","MD","0207001002010721",0.05,11.96
"3702","0207001002010219","MD","0207001002010219",0.03,6.37
"3703","0207001002010722","MD","0207001002010722",0.03,7.7
"3704","0207001002010723","MD","0207001002010723",0.26,65.11
"3705","0207001002010220","MD","0207001002010220",0.03,6.71
"3706","0207001002010214","MD","0207001002010214",0.04,10.11
"3707","0207001002010223","MD","0207001002010223",0.01,3.28
"3708","0207001002010215","MD","0207001002010215",0.03,7.36
"3709","0207001002010226","MD","0207001002010226",0,0.76
"3710","0207001002010216","MD","0207001002010216",0.1,25.93
"3711","0207001001031739","DC","0207001001031739",0,0.55
"3712","0207001002010217","MD","0207001002010217",0.07,16.8
"3713","0207001001031736","DC","0207001001031736",0.01,1.25
"3714","0207001002010218","MD","0207001002010218",0.1,23.59
"3715","0207001001031737","DC","0207001001031737",0,0.79
"3716","0207001002010221","MD","0207001002010221",0.05,11.88
"3717","0207001001031738","DC","0207001001031738",0,0.77
"3718","0207001001032232","DC","0207001001032232",0,0.02
"3719","0207001001032233","DC","0207001001032233",0,0.03
"3720","0207001002010222","MD","0207001002010222",0.09,22.97
"3721","0207001001032234","DC","0207001001032234",0,0.04
"3722","0207001001032235","DC","0207001001032235",0,0
"3723","0207001001032236","DC","0207001001032236",0,0.01
"3724","0207001002010224","MD","0207001002010224",0.02,5.54
"3725","0207001001032237","DC","0207001001032237",0,0
"3726","0207001001032238","DC","0207001001032238",0,0.27
"3727","0207001001032239","DC","0207001001032239",0,0.02
"3728","0207001002010225","MD","0207001002010225",0.16,38.64
"3729","0207001002010227","MD","0207001002010227",0.17,41.74
"3730","0207001001032231","DC","0207001001032231",0.06,15.63
"3731","0207001001032301","DC","0207001001032301",0.01,3.19
"3732","0207001002010725","MD","0207001002010725",0.04,9.24
"3733","0207001002010726","MD","0207001002010726",0.03,6.89
"3734","0207001002010727","MD","0207001002010727",0.06,15.2
"3735","0207001001032302","DC","0207001001032302",0.01,3.66
"3736","0207001001032303","DC","0207001001032303",4.39,1085.86
"3737","0207001001032304","DC","Capitol Reflecting Pool",1.58,391.64
"3738","0207001002010728","MD","0207001002010728",0.12,29.55
"3739","0207001002010729","MD","0207001002010729",0.01,1.56
"3740","0207001002010733","MD","0207001002010733",0.04,10.66
"3741","0207001002010734","MD","0207001002010734",0.01,3.66
"3742","0207001002010735","MD","0207001002010735",0.06,14.5
"3743","0207001002010229","MD","0207001002010229",0.01,1.51
"3744","0207001002010230","MD","0207001002010230",0.03,7.69
"3745","0207001002010231","MD","0207001002010231",0.01,3.5
"3746","0207001002010232","MD","0207001002010232",0.04,10.24
"3747","0207001002010736","MD","0207001002010736",0.04,9.47
"3748","0207001002010233","MD","0207001002010233",0.06,13.94
"3749","0207001002010228","MD","0207001002010228",0.01,3.07
"3750","0207001001031740","DC","0207001001031740",0.16,38.45
"3751","0207001001031540","DC,MD,VA","0207001001031540",0.08,20.03
"3752","0207001001031541","VA","0207001001031541",0.07,16.27
"3753","0207001002010611","MD","0207001002010611",0.01,3.18
"3754","0207001001031502","DC","0207001001031502",0.03,7.84
"3755","0207001001031506","DC","0207001001031506",0,0.53
"3756","0207001002010605","MD","0207001002010605",0.07,17.57
"3757","0207001002010606","MD","0207001002010606",0.07,18.53
"3758","0207001002010737","MD","0207001002010737",0.03,8.19
"3759","0207001002010738","MD","0207001002010738",0.01,3.17
"3760","0207001002010739","MD","0207001002010739",0.22,53.29
"3761","0207001002010740","MD","0207001002010740",0.18,43.33
"3762","0207001002010741","MD","0207001002010741",0.16,38.89
"3763","0207001002010742","MD","0207001002010742",0.06,15.16
"3764","0207001002010623","MD","0207001002010623",0.01,2.49
"3765","0207001002010607","MD","0207001002010607",0.08,18.94
"3766","0207001002010608","MD","0207001002010608",0.05,11.78
"3767","0207001002010128","MD","0207001002010128",0.01,1.41
"3768","0207001002010609","MD","0207001002010609",0.04,10.34
"3769","0207001002010610","MD","0207001002010610",0.02,4.89
"3770","0207001002010612","MD","0207001002010612",0.05,12.56
"3771","0207001002010614","MD","0207001002010614",0.03,8.18
"3772","0207001002010613","MD","0207001002010613",0.08,19.21
"3773","0207001002010234","MD","0207001002010234",0.01,2.53
"3774","0207001002010235","MD","0207001002010235",0.07,18.1
"3775","0207001002010108","MD","0207001002010108",0,0.04
"3776","0207001002010236","MD","0207001002010236",0.11,26.35
"3777","0207001001031503","DC","0207001001031503",0,0.34
"3778","0207001002010106","MD","0207001002010106",0.17,41.72
"3779","0207001002010107","MD","0207001002010107",0.21,51.03
"3780","0207001002010109","MD","0207001002010109",0.08,20.34
"3781","0207001001031512","DC","0207001001031512",0,0.35
"3782","0207001002010110","MD","0207001002010110",0.09,21.18
"3783","0207001001032305","DC","0207001001032305",0.01,1.43
"3784","0207001001032306","DC","0207001001032306",0,0
"3785","0207001002010111","MD","0207001002010111",0.14,34.11
"3786","0207001001032307","DC","0207001001032307",0,0
"3787","0207001001032308","DC","0207001001032308",0,0
"3788","0207001002010112","MD","0207001002010112",0.11,28.12
"3789","0207001001031504","DC","0207001001031504",0,0.35
"3790","0207001001031508","DC","0207001001031508",0.06,15.85
"3791","0207001001031509","DC","0207001001031509",0,0.26
"3792","0207001001031522","VA","0207001001031522",0.15,38.28
"3793","0207001001031521","VA","0207001001031521",0.21,52.14
"3794","0207001001032309","DC","0207001001032309",0.04,9.03
"3795","0207001001032310","DC","0207001001032310",0,0.09
"3796","0207001002010615","MD","0207001002010615",0.01,3.58
"3797","0207001002010616","MD","0207001002010616",0.02,4.08
"3798","0207001002010617","MD","0207001002010617",0,0.27
"3799","0207001002010618","MD","0207001002010618",0.13,32.58
"3800","0207001002010619","MD","0207001002010619",0.06,14.64
"3801","0207001002010115","MD","0207001002010115",0.02,4.59
"3802","0207001002010620","MD","0207001002010620",0.11,27.33
"3803","0207001002012045","MD","0207001002012045",0.01,3.01
"3804","0207001002010116","MD","0207001002010116",0.03,8.27
"3805","0207001002010117","MD","0207001002010117",0.03,7.73
"3806","0207001002010118","MD","0207001002010118",0.07,16.79
"3807","0207001002010119","MD","0207001002010119",0.12,29.7
"3808","0207001002010120","MD","0207001002010120",0.06,13.86
"3809","0207001002010126","MD","0207001002010126",0.02,5.71
"3810","0207001002010113","MD","0207001002010113",0.04,9.16
"3811","0207001001031510","DC","0207001001031510",0,0.69
"3812","0207001002010114","MD","0207001002010114",0.14,34.72
"3813","0207001002010121","MD","0207001002010121",0.03,6.45
"3814","0207001002010122","MD","0207001002010122",0.22,54.04
"3815","0207001002010123","MD","0207001002010123",0,0.09
"3816","0207001001032311","DC","0207001001032311",0,1.07
"3817","0207001001032401","DC","0207001001032401",0.73,179.68
"3818","0207001002010124","MD","0207001002010124",0.21,51.26
"3819","0207001002010125","MD","0207001002010125",0.08,18.55
"3820","0207001001032402","DC","0207001001032402",0.01,1.89
"3821","0207001001032403","DC","0207001001032403",0,0.01
"3822","0207001001032404","DC","0207001001032404",0.21,52.44
"3823","0207001002010127","MD","0207001002010127",0.04,9.12
"3824","0207001001031501","DC","0207001001031501",0,0.56
"3825","0207001001031505","DC","0207001001031505",0,0.31
"3826","0207001001032405","DC","0207001001032405",0.21,52.57
"3827","0207001001032406","DC","0207001001032406",0.22,54.43
"3828","0207001002010622","MD","0207001002010622",0.07,18.4
"3829","0207001002010624","MD","0207001002010624",0.06,15.46
"3830","0207001002010629","MD","0207001002010629",0.02,4.11
"3831","0207001002010625","MD","0207001002010625",0.03,7.87
"3832","0207001002010132","MD","0207001002010132",0.06,15.1
"3833","0207001002010626","MD","0207001002010626",0.06,15.1
"3834","0207001002010627","MD","0207001002010627",0.01,2.35
"3835","0207001002010129","MD","0207001002010129",0.06,15.31
"3836","0207000810053210","VA","0207000810053210",0.01,3.28
"3837","0207001002010130","MD","0207001002010130",0.12,29.17
"3838","0207000810053211","MD,VA","Rocky Islands-Potomac River",0.33,80.53
"3839","0207001002010131","MD","0207001002010131",0.2,50.09
"3840","0207001002010133","MD","0207001002010133",0.07,17.67
"3841","0207001001031524","VA","0207001001031524",0.02,5.73
"3842","0207001002010134","MD","0207001002010134",0.05,12.83
"3843","0207001001031523","VA","0207001001031523",0.01,1.73
"3844","0207001002010135","MD","0207001002010135",0.05,11.56
"3845","0207001001032409","DC","0207001001032409",0,0.01
"3846","0207001002010307","MD","0207001002010307",0.02,4.03
"3847","0207001002010136","MD","0207001002010136",0.18,45.12
"3848","0207001002010301","MD","0207001002010301",0.07,16.86
"3849","0207001001031513","DC","0207001001031513",0.01,1.95
"3850","0207001001031517","DC","0207001001031517",0.06,14.88
"3851","0207001001032407","DC","0207001001032407",0,0.26
"3852","0207001001032408","DC","0207001001032408",0,0
"3853","0207001001032410","DC","0207001001032410",0.02,4.4
"3854","0207001001032411","DC","0207001001032411",0,0.01
"3855","0207001001032412","DC","0207001001032412",0,0.01
"3856","0207001001032413","DC","0207001001032413",0,0
"3857","0207001001032414","DC","0207001001032414",0,0.02
"3858","0207001002010310","MD","0207001002010310",0,0.32
"3859","0207001001032415","DC","0207001001032415",0.02,5.82
"3860","0207001001032416","DC","0207001001032416",0,0
"3861","0207001001032417","DC","0207001001032417",0.39,96.87
"3862","0207001001032418","DC","0207001001032418",0,0.01
"3863","0207001002010628","MD","0207001002010628",0.05,12.25
"3864","0207001001031511","DC","0207001001031511",0,0.58
"3865","0207001001031514","DC","0207001001031514",0,0.09
"3866","0207001002010630","MD","0207001002010630",0.04,9.56
"3867","0207001001031538","VA","0207001001031538",0.01,2.75
"3868","0207001002010631","MD","0207001002010631",0.03,8.48
"3869","0207001002010633","MD","0207001002010633",0.03,8.2
"3870","0207001001031539","DC,MD,VA","0207001001031539",1.12,276.8
"3871","0207001002010632","MD","0207001002010632",0.13,32.1
"3872","0207001001031542","DC","0207001001031542",0,0.02
"3873","0207001001031543","DC,MD,VA","Three Sisters Islands-Potomac River",0.43,105.63
"3874","0207001002010636","MD","0207001002010636",0.04,9.65
"3875","0207001001031516","DC","0207001001031516",0.01,1.37
"3876","0207001002010645","MD","0207001002010645",0.05,11.28
"3877","0207001001031526","VA","0207001001031526",0.02,4.59
"3878","0207001002010302","MD","0207001002010302",0.05,13.21
"3879","0207001001031536","VA","0207001001031536",0.03,6.21
"3880","0207001002010303","MD","0207001002010303",0.08,20.73
"3881","0207001002010304","MD","0207001002010304",0.01,1.68
"3882","0207001002010305","MD","0207001002010305",0.49,122.28
"3883","0207001002010306","MD","0207001002010306",0.16,38.58
"3884","0207001002010308","MD","0207001002010308",0.13,32.49
"3885","0207001002010309","MD","0207001002010309",0.23,57.33
"3886","0207001001031525","VA","0207001001031525",0.04,10.43
"3887","0207001001031537","VA","0207001001031537",0.01,2.82
"3888","0207001001031518","DC,MD,VA","0207001001031518",0.57,140.06
"3889","0207001001031515","DC","0207001001031515",0.03,7.56
"3890","0207001001031530","VA","0207001001031530",0.03,7.29
"3891","0207001001032419","DC","0207001001032419",0,0
"3892","0207001001031529","VA","0207001001031529",0.06,14.45
"3893","0207001002010637","MD","0207001002010637",0.01,2.58
"3894","0207001001032420","DC","0207001001032420",0.02,5.96
"3895","0207001001032421","DC","0207001001032421",0,0.23
"3896","0207001001032422","DC","0207001001032422",0,0
"3897","0207001001032423","DC","0207001001032423",0,0
"3898","0207001001032424","DC","0207001001032424",0.04,10.14
"3899","0207001002010638","MD","0207001002010638",0.04,10.45
"3900","0207001002010639","MD","0207001002010639",0.03,7.88
"3901","0207001002010640","MD","0207001002010640",0.04,9.28
"3902","0207001002010641","MD","0207001002010641",0,0.28
"3903","0207001001022822","DC","0207001001022822",0.02,3.94
"3904","0207001002010642","MD","0207001002010642",0.18,44.71
"3905","0207001001022823","DC","0207001001022823",0.17,42.85
"3906","0207001002010643","MD","0207001002010643",0.04,10.49
"3907","0207001001031533","VA","0207001001031533",0.01,3.63
"3908","0207001002010644","MD","0207001002010644",0.12,28.71
"3909","0207001002010311","MD","0207001002010311",0,1.22
"3910","0207001002010312","MD","0207001002010312",0.09,23.31
"3911","0207001001032425","DC","0207001001032425",0.01,1.85
"3912","0207001002010313","MD","0207001002010313",0.04,10.7
"3913","0207001001031534","VA","0207001001031534",0.02,5.47
"3914","0207001002010314","MD","0207001002010314",0.13,32.36
"3915","0207001001032426","DC","0207001001032426",0,0.01
"3916","0207001001032427","DC","0207001001032427",0,0
"3917","0207001002010315","MD","0207001002010315",0.09,21.69
"3918","0207001002010646","MD","0207001002010646",0,0.76
"3919","0207001001031519","VA","0207001001031519",0.08,19.28
"3920","0207001002010647","MD","0207001002010647",0,0.38
"3921","0207001001031520","DC,MD,VA","0207001001031520",0.06,15.53
"3922","0207001001031901","DC","0207001001031901",0.01,1.75
"3923","0207001001031527","DC,MD,VA","0207001001031527",0.13,32.48
"3924","0207001001031528","VA","0207001001031528",0.06,14.31
"3925","0207001001022744","DC","0207001001022744",0,0.42
"3926","0207001001032428","DC","0207001001032428",0.11,26.6
"3927","0207001001032429","DC","0207001001032429",0,0
"3928","0207001001032430","DC","0207001001032430",0,0.01
"3929","0207001001032431","DC","0207001001032431",0,0
"3930","0207001002010648","MD","0207001002010648",0.04,10.09
"3931","0207001002010501","MD","0207001002010501",0.01,3.37
"3932","0207001001023229","DC","0207001001023229",0,0.2
"3933","0207001002010502","MD","0207001002010502",0.12,29.63
"3934","0207001001023236","DC","0207001001023236",0,0.46
"3935","0207001002010503","MD","0207001002010503",0.06,15.21
"3936","0207001001023502","DC","0207001001023502",0,0.05
"3937","0207001001023503","DC","0207001001023503",0,0
"3938","0207001002010504","MD","0207001002010504",0.02,6.04
"3939","0207001002010506","MD","0207001002010506",0.04,10.28
"3940","0207001002010505","MD","0207001002010505",0.07,17.51
"3941","0207001001022827","DC","0207001001022827",0,0.22
"3942","0207001001022751","DC","0207001001022751",0.19,47.75
"3943","0207001002010507","MD","0207001002010507",0.1,23.94
"3944","0207001001022752","DC","0207001001022752",0,0.01
"3945","0207001002010508","MD","0207001002010508",0.06,14.38
"3946","0207001002010510","MD","0207001002010510",0.01,2.99
"3947","0207001002010509","MD","0207001002010509",0.09,23.38
"3948","0207001001023237","DC","0207001001023237",0,0.17
"3949","0207001001031531","VA","0207001001031531",0.01,3
"3950","0207001001031535","DC,MD,VA","0207001001031535",0.05,12.57
"3951","0207001001031532","VA","0207001001031532",0.07,16.17
"3952","0207001001032432","DC","0207001001032432",0,0.06
"3953","0207001001032433","DC","0207001001032433",0,0
"3954","0207001001031902","DC","0207001001031902",0.07,16.28
"3955","0207001001032437","DC","0207001001032437",0,1.19
"3956","0207001001032516","VA","0207001001032516",0.33,82.34
"3957","0207001001032517","VA","0207001001032517",0.28,68.24
"3958","0207001001032518","VA","0207001001032518",0.75,186.04
"3959","0207001001032519","DC,MD,VA","0207001001032519",0.34,82.99
"3960","0207001001032434","DC","0207001001032434",0.1,25.75
"3961","0207001001032435","DC","0207001001032435",0.31,77.26
"3962","0207001001032436","DC","0207001001032436",0.03,8.16
"3963","0207001001032520","DC,MD,VA","0207001001032520",0.21,50.77
"3964","0207001002010649","MD","0207001002010649",0.01,1.8
"3965","0207001002010650","MD","0207001002010650",0,0.03
"3966","0207001002010651","MD","0207001002010651",0.04,8.66
"3967","0207001002010403","MD","0207001002010403",0.03,6.31
"3968","0207001002010652","MD","0207001002010652",0.14,35.73
"3969","0207001001031904","DC","0207001001031904",0,0
"3970","0207001001031905","DC","0207001001031905",0,0.01
"3971","0207001002010653","MD","0207001002010653",0.04,9.52
"3972","0207001001031906","DC","0207001001031906",0,0.19
"3973","0207001001031907","DC","0207001001031907",0,0.03
"3974","0207001001031908","DC","McMillan Reservoir",1.67,412.74
"3975","0207001001031909","DC","0207001001031909",0.51,126.52
"3976","0207001001031910","DC","0207001001031910",0.33,81.59
"3977","0207001002010654","MD","0207001002010654",0.07,18.02
"3978","0207001001032530","DC","0207001001032530",0.01,3.48
"3979","0207001002010655","MD","0207001002010655",0.08,20.9
"3980","0207001002010656","MD","0207001002010656",0.24,60.03
"3981","0207001002010660","MD","0207001002010660",0.02,5.63
"3982","0207001002010657","MD","0207001002010657",0.1,24.37
"3983","0207001002010512","MD","0207001002010512",0.01,1.4
"3984","0207001002010513","MD","0207001002010513",0.05,13.59
"3985","0207001002010514","MD","0207001002010514",0,0.11
"3986","0207001001032531","DC","0207001001032531",0,0.02
"3987","0207001001032532","DC","0207001001032532",0,0
"3988","0207001002010515","MD","0207001002010515",0.03,7.23
"3989","0207001002010401","MD","0207001002010401",0.01,2.69
"3990","0207001002010402","MD","0207001002010402",0.07,18.43
"3991","0207001001022829","DC","0207001001022829",0.01,3.41
"3992","0207001002010404","MD","0207001002010404",0.02,4.79
"3993","0207001002010511","MD","0207001002010511",0.03,6.19
"3994","0207001001031903","DC","0207001001031903",0,0
"3995","0207001001031911","DC","0207001001031911",0.02,3.71
"3996","0207001001031912","DC","0207001001031912",0,0.08
"3997","0207001001031913","DC","0207001001031913",0,0.1
"3998","0207001001032522","DC","0207001001032522",0,0.02
"3999","0207001001032523","DC","0207001001032523",0,0.01
"4000","0207001001032524","DC,MD,VA","Columbia Island-Boundary Channel",2.64,653.51
"4001","0207001001023249","DC","0207001001023249",0,0.01
"4002","0207001001032525","DC","0207001001032525",0.04,9.15
"4003","0207001001032521","VA","0207001001032521",1.81,447.19
"4004","0207001001022705","DC","0207001001022705",0.01,3.37
"4005","0207001001032526","DC","0207001001032526",0.02,5.78
"4006","0207001001032527","DC","0207001001032527",0,0
"4007","0207001001032528","DC","0207001001032528",0,0
"4008","0207001002010901","MD","0207001002010901",0.02,4.58
"4009","0207001001032529","DC","0207001001032529",0.02,3.89
"4010","0207001002010659","MD","0207001002010659",0.04,10.93
"4011","0207001002010658","MD","0207001002010658",0.1,24.53
"4012","0207001002010902","MD","0207001002010902",0.03,6.46
"4013","0207001002010903","MD","0207001002010903",0.05,11.5
"4014","0207001002010904","MD","0207001002010904",0.04,9.56
"4015","0207001002010905","MD","0207001002010905",0.28,69.56
"4016","0207001001031717","DC","0207001001031717",0.01,1.27
"4017","0207001002010906","MD","0207001002010906",0.11,28.16
"4018","0207001001031718","DC","0207001001031718",0,0.17
"4019","0207001001031919","DC","0207001001031919",0.01,1.98
"4020","0207001001031920","DC","0207001001031920",0,0
"4021","0207001001031921","DC","0207001001031921",0,0.02
"4022","0207001001031922","DC","0207001001031922",0,0.01
"4023","0207001001031923","DC","0207001001031923",0,0.01
"4024","0207001002010908","MD","0207001002010908",0.01,3.57
"4025","0207001001031924","DC","0207001001031924",0.03,6.93
"4026","0207001001031925","DC","0207001001031925",0,0
"4027","0207001001031926","DC","0207001001031926",0,0.01
"4028","0207001001031719","DC","0207001001031719",0.01,2.46
"4029","0207001002010909","MD","0207001002010909",0.04,9.46
"4030","0207001001031720","DC","0207001001031720",0,0.99
"4031","0207001001031927","DC","0207001001031927",0.09,23.1
"4032","0207001001031928","DC","0207001001031928",0,0
"4033","0207001001031929","DC","0207001001031929",0,0.13
"4034","0207001002010910","MD","0207001002010910",0.07,17.21
"4035","0207001002010911","MD","0207001002010911",0.25,60.78
"4036","0207001001023006","DC","0207001001023006",0.01,2.31
"4037","0207001002010907","MD","0207001002010907",0.17,41.2
"4038","0207001001031930","DC","0207001001031930",0.06,15.89
"4039","0207000810056057","MD","0207000810056057",0.02,4.04
"4040","0207001001031931","DC","0207001001031931",0.07,18.28
"4041","0207001001032005","DC","0207001001032005",0.01,3.04
"4042","0207001001032001","DC","0207001001032001",0.12,29.78
"4043","0207001001032002","DC","0207001001032002",0.15,38.24
"4044","0207001001032003","DC","0207001001032003",0,0
"4045","0207001001032004","DC","0207001001032004",2.85,704.84
"4046","0207001001032006","DC","0207001001032006",0,0.02
"4047","0207001001032007","DC","0207001001032007",0,0.02
"4048","0207001001032535","DC","0207001001032535",0.01,2.5
"4049","0207001001032536","DC","0207001001032536",0,0
"4050","0207001001032537","DC","0207001001032537",0,0
"4051","0207000810054414","VA","0207000810054414",0.02,3.76
"4052","0207001001032538","DC","0207001001032538",0.03,7.48
"4053","0207001001032539","DC","0207001001032539",0,0.04
"4054","0207000810055422","VA","0207000810055422",0.01,2
"4055","0207001001032540","DC","0207001001032540",0.04,10.83
"4056","0207001001032541","DC","0207001001032541",0,0.03
"4057","0207001001023007","DC","0207001001023007",0,0.55
"4058","0207001002010915","MD","0207001002010915",0.11,26.34
"4059","0207001002010916","MD","0207001002010916",0.18,44.31
"4060","0207001002010917","MD","0207001002010917",0.15,36.9
"4061","0207000810054413","MD","0207000810054413",0,0.93
"4062","0207000810054415","VA","0207000810054415",0.04,8.82
"4063","0207000810054416","MD","0207000810054416",0.03,7.06
"4064","0207000810054417","VA","0207000810054417",0.02,5.84
"4065","0207000810054410","MD","0207000810054410",0.05,11.88
"4066","0207000810054411","MD","0207000810054411",0.05,11.23
"4067","0207000810054412","MD","0207000810054412",0.02,4.73
"4068","0207000810055423","VA","0207000810055423",0.02,4.67
"4069","0207000810055424","VA","0207000810055424",0.02,4.34
"4070","0207000810051818","VA","0207000810051818",0.01,1.48
"4071","0207000810055425","VA","0207000810055425",0.02,3.89
"4072","0207000810055426","VA","0207000810055426",0,0.44
"4073","0207000810050106","VA","0207000810050106",0.01,2.91
"4074","0207000810055427","MD","0207000810055427",0.05,11.39
"4075","0207001001020406","MD","0207001001020406",0,0.85
"4076","0207001001020407","MD","0207001001020407",0.31,75.4
"4077","0207001001020601","MD","0207001001020601",0.45,110.65
"4078","0207001001020602","MD","0207001001020602",0.19,47.24
"4079","0207001001020603","MD","0207001001020603",0.18,45.56
"4080","0207001001020604","MD","0207001001020604",0.06,15.14
"4081","0207000810054418","VA","0207000810054418",0.01,3.3
"4082","0207001001020605","MD","0207001001020605",0.07,17.19
"4083","0207001001020606","MD","0207001001020606",0.02,5.42
"4084","0207001001020607","MD","0207001001020607",0.01,1.33
"4085","0207000810050107","VA","0207000810050107",0.01,2.87
"4086","0207000810050108","VA","0207000810050108",0,0.58
"4087","0207000810054419","MD","0207000810054419",0.02,5.42
"4088","0207000810050109","VA","0207000810050109",0.05,12.98
"4089","0207000810050105","VA","0207000810050105",0.02,4
"4090","0207000810054421","MD","0207000810054421",0.04,9.8
"4091","0207000810054422","MD","0207000810054422",0.02,3.9
"4092","0207000810055431","MD","0207000810055431",0.04,9.24
"4093","0207000810054429","VA","0207000810054429",0.01,3
"4094","0207000810055432","MD,VA","0207000810055432",0.09,21.59
"4095","0207000810055433","MD,VA","0207000810055433",0.02,4.29
"4096","0207000810055435","VA","0207000810055435",0.02,3.82
"4097","0207000810055428","MD","0207000810055428",0.05,12.54
"4098","0207000810055436","VA","0207000810055436",0.01,1.46
"4099","0207000810055429","MD","0207000810055429",0.1,24.1
"4100","0207000810055430","MD","0207000810055430",0.07,16.71
"4101","0207000810055434","MD,VA","0207000810055434",0.07,16.63
"4102","0207001002041307","DC","0207001002041307",0.02,5.49
"4103","0207000810055437","VA","0207000810055437",0.06,13.93
"4104","0207000810055438","MD,VA","Cabin John Island-Potomac River",1.7,420.96
"4105","0207000810056016","MD","0207000810056016",0.01,3.25
"4106","0207000810056017","MD","0207000810056017",0.01,3.48
"4107","0207000810056019","MD","0207000810056019",0.01,3.31
"4108","0207000810056018","MD","0207000810056018",0.13,32.05
"4109","0207000810056020","MD","0207000810056020",0.05,11.91
"4110","0207000810050116","VA","0207000810050116",0.02,4.71
"4111","0207000810056021","MD","0207000810056021",0.15,36.24
"4112","0207000810056022","MD","0207000810056022",0.05,11.17
"4113","0207000810050112","VA","0207000810050112",0.01,3.48
"4114","0207000810056023","MD","0207000810056023",0.04,8.8
"4115","0207000810050113","VA","0207000810050113",0.01,3.1
"4116","0207000810050114","VA","0207000810050114",0.04,10.21
"4117","0207000810050115","VA","0207000810050115",0,0.09
"4118","0207000810054423","VA","0207000810054423",0.01,3.66
"4119","0207000810050110","VA","0207000810050110",0.03,7.16
"4120","0207000810050111","VA","0207000810050111",0.03,6.32
"4121","0207000810050117","VA","0207000810050117",0.06,15.81
"4122","0207000810054424","VA","0207000810054424",0.01,1.87
"4123","0207000810054425","MD","0207000810054425",0.02,5.93
"4124","0207000810055801","VA","0207000810055801",0.02,3.9
"4125","0207000810054426","MD","0207000810054426",0.07,17.77
"4126","0207000810054427","VA","0207000810054427",0,0.14
"4127","0207000810055802","VA","0207000810055802",0.02,4.12
"4128","0207000810055803","VA","0207000810055803",0.02,4.97
"4129","0207000810055804","VA","0207000810055804",0.05,11.35
"4130","0207000810055805","VA","0207000810055805",0.03,6.36
"4131","0207000810056026","MD","0207000810056026",1.75,431.24
"4132","0207000810056027","MD","0207000810056027",0.03,6.21
"4133","0207000810056028","DC,MD","0207000810056028",0.44,108.86
"4134","0207000810056024","MD","0207000810056024",0,0.2
"4135","0207000810050122","VA","0207000810050122",0.02,4.23
"4136","0207000810056025","DC,MD","0207000810056025",0.02,6.11
"4137","0207000810050124","VA","0207000810050124",0.01,3.01
"4138","0207000810056029","MD","0207000810056029",0.07,16.33
"4139","0207000810056030","MD","0207000810056030",0.21,51.52
"4140","0207000810055806","VA","0207000810055806",0.01,1.9
"4141","0207000810056031","MD","0207000810056031",0.07,18.46
"4142","0207000810056032","DC,MD","0207000810056032",0.38,94.26
"4143","0207001001023749","DC","0207001001023749",0.01,1.64
"4144","0207000810056033","DC,MD","0207000810056033",0.1,24.18
"4145","0207000810056034","MD","0207000810056034",0.4,99.79
"4146","0207001001023747","DC","0207001001023747",0.01,2.32
"4147","0207000810056035","MD","0207000810056035",0.1,25.77
"4148","0207000810056036","MD","0207000810056036",0,0.03
"4149","0207000810056037","MD","0207000810056037",0.17,41.98
"4150","0207000810056038","DC,MD","0207000810056038",0.38,92.95
"4151","0207000810056039","DC,MD","0207000810056039",0.05,13.27
"4152","0207000810050121","VA","0207000810050121",0.02,5.42
"4153","0207000810050123","VA","0207000810050123",0.08,19.9
"4154","0207000810050125","VA","0207000810050125",0.03,6.66
"4155","0207000810050126","VA","0207000810050126",0.02,5.04
"4156","0207000810050127","VA","0207000810050127",0.05,12.68
"4157","0207000810050118","VA","0207000810050118",0.04,9.37
"4158","0207000810050119","VA","0207000810050119",0.07,16.52
"4159","0207000810050120","VA","0207000810050120",0.03,6.45
"4160","0207000810054428","VA","0207000810054428",0.01,3.27
"4161","0207000810054430","VA","0207000810054430",0.03,6.5
"4162","0207000810054431","MD","0207000810054431",0.02,4.2
"4163","0207001002041308","DC","0207001002041308",0.01,1.94
"4164","0207000810054432","VA","0207000810054432",0.03,8.11
"4165","0207000810054433","VA","0207000810054433",0.01,3.19
"4166","0207001002041309","DC","0207001002041309",0,0
"4167","0207000810054434","VA","0207000810054434",0.02,4.12
"4168","0207000810054435","VA","0207000810054435",0.06,14.39
"4169","0207000810055807","VA","0207000810055807",0.01,2.63
"4170","0207000810055808","VA","0207000810055808",0.01,1.85
"4171","0207000810055809","VA","0207000810055809",0,0.33
"4172","0207000810055810","VA","0207000810055810",0.12,30.15
"4173","0207000810055811","VA","0207000810055811",0.02,3.9
"4174","0207000810056045","MD","0207000810056045",0.02,3.86
"4175","0207000810056040","DC,MD","0207000810056040",0.1,25.11
"4176","0207000810056041","MD","0207000810056041",0.04,9.88
"4177","0207000810050135","MD,VA","0207000810050135",0.02,5.17
"4178","0207000810056042","MD","0207000810056042",0.05,11.25
"4179","0207000810056043","MD","0207000810056043",0.01,2.04
"4180","0207000810056044","MD","0207000810056044",0.08,19.77
"4181","0207000810055405","VA","0207000810055405",0.01,3.57
"4182","0207000810056046","DC,MD","0207000810056046",0.14,34.77
"4183","0207000810056047","DC,MD","0207000810056047",0.04,10.66
"4184","0207000810055816","VA","0207000810055816",0.02,4.34
"4185","0207000810056048","MD","0207000810056048",0.06,15.71
"4186","0207000810056049","MD","0207000810056049",0.02,3.78
"4187","0207000810056050","MD","0207000810056050",0.06,15.54
"4188","0207000810056051","MD","0207000810056051",0.05,12.6
"4189","0207000810056052","MD","0207000810056052",0.35,86.61
"4190","0207000810056053","DC,MD","0207000810056053",0.32,78.03
"4191","0207000810056054","MD","0207000810056054",0.16,38.55
"4192","0207000810050134","VA","0207000810050134",0.01,1.39
"4193","0207000810050136","VA","0207000810050136",0.09,21.39
"4194","0207000810050137","VA","0207000810050137",0.19,45.86
"4195","0207000810056062","MD","0207000810056062",0.01,1.43
"4196","0207000810050138","VA","0207000810050138",0.01,2.83
"4197","0207000810050139","MD,VA","0207000810050139",0.16,38.83
"4198","0207000810050128","VA","0207000810050128",0.03,8.28
"4199","0207000810050129","VA","0207000810050129",0.04,9.91
"4200","0207000810050130","VA","0207000810050130",0.05,12.35
"4201","0207000810050131","VA","0207000810050131",0.08,20.44
"4202","0207000810055406","VA","0207000810055406",0.01,2.94
"4203","0207001001020208","MD","0207001001020208",0.17,42.81
"4204","0207001001020209","MD","0207001001020209",0.38,94.21
"4205","0207000810050132","VA","0207000810050132",0.03,7.04
"4206","0207000810050133","VA","0207000810050133",0.13,31.96
"4207","0207000810054436","VA","0207000810054436",0.01,3.07
"4208","0207001001020212","MD","0207001001020212",0.01,1.55
"4209","0207001001020301","MD","0207001001020301",0.41,101.16
"4210","0207000810054437","VA","0207000810054437",0.05,13.52
"4211","0207000810054438","MD","0207000810054438",0.01,1.52
"4212","0207000810054439","VA","0207000810054439",0.12,28.68
"4213","0207000810054440","VA","0207000810054440",0.03,8.48
"4214","0207000810054442","VA","0207000810054442",0.01,3.43
"4215","0207000810054441","MD,VA","0207000810054441",0.09,22.91
"4216","0207000810054446","MD","0207000810054446",0,0.17
"4217","0207000810050140","VA","0207000810050140",0.03,6.61
"4218","0207000810050141","MD,VA","Elm Island-Potomac River",2.23,551.56
"4219","0207000810051819","VA","0207000810051819",0.02,3.95
"4220","0207000810051817","VA","0207000810051817",0.1,24.54
"4221","0207000810051820","VA","0207000810051820",0,1.01
"4222","0207000810051821","VA","0207000810051821",0.04,8.91
"4223","0207000810054443","VA","0207000810054443",0,1.02
"4224","0207000810054444","MD","0207000810054444",0.03,6.37
"4225","0207000810054445","MD","0207000810054445",0.01,2.66
"4226","0207001002042006","DC","0207001002042006",0,0.83
"4227","0207000810055817","VA","0207000810055817",0.06,14.48
"4228","0207000810054454","VA","0207000810054454",0.01,3.68
"4229","0207000810055818","VA","0207000810055818",0.03,8.13
"4230","0207000810055814","VA","0207000810055814",0.01,3.66
"4231","0207001002042007","DC","0207001002042007",0,0.01
"4232","0207000810055815","VA","0207000810055815",0.02,4.72
"4233","0207000810055819","VA","0207000810055819",0,0.74
"4234","0207000810055820","VA","0207000810055820",0.15,37.2
"4235","0207001001020303","MD","0207001001020303",0.01,3.54
"4236","0207000810055821","VA","0207000810055821",0.03,6.86
"4237","0207000810055822","VA","0207000810055822",0.02,5.82
"4238","0207000810056063","MD","0207000810056063",0.09,21.46
"4239","0207000810056064","MD","0207000810056064",0.26,64.77
"4240","0207000810056065","MD","0207000810056065",0.02,5.35
"4241","0207000810054455","VA","0207000810054455",0.03,7.3
"4242","0207000810056066","MD","0207000810056066",0.04,10.39
"4243","0207000810056069","MD","0207000810056069",0.04,9.74
"4244","0207000810056067","MD","0207000810056067",0.06,15.07
"4245","0207000810056068","MD","0207000810056068",1.06,260.76
"4246","0207000810056061","MD","0207000810056061",0.02,3.82
"4247","0207000810056058","MD","0207000810056058",0.02,5.57
"4248","0207000810051822","VA","0207000810051822",0.01,3.43
"4249","0207000810056059","MD","0207000810056059",0.09,23
"4250","0207000810056060","MD","0207000810056060",0.54,132.84
"4251","0207000810056090","MD","0207000810056090",0,0.54
"4252","0207000810056091","DC,MD","0207000810056091",0.27,65.81
"4253","0207000810051823","VA","0207000810051823",0.05,11.94
"4254","0207000810054450","MD","0207000810054450",0.02,5.07
"4255","0207000810051824","VA","0207000810051824",0.04,8.86
"4256","0207000810051825","VA","0207000810051825",0.2,48.32
"4257","0207000810055823","VA","0207000810055823",0.01,1.63
"4258","0207000810051826","VA","0207000810051826",0.03,7.8
"4259","0207000810054451","MD,VA","0207000810054451",0.01,3.37
"4260","0207000810051827","VA","0207000810051827",0.11,27.09
"4261","0207000810051828","VA","0207000810051828",0.17,41.33
"4262","0207000810051829","VA","0207000810051829",0.11,27.13
"4263","0207000810054447","MD","0207000810054447",0.09,21.94
"4264","0207000810054448","MD","0207000810054448",0.03,7.45
"4265","0207000810054449","MD","0207000810054449",0.06,13.81
"4266","0207001002042008","DC","0207001002042008",0,0.37
"4267","0207000810055824","VA","0207000810055824",0.06,13.75
"4268","0207000810055833","VA","0207000810055833",0.02,4.15
"4269","0207000810055825","VA","0207000810055825",0.06,15.28
"4270","0207000810056073","MD","0207000810056073",0.01,2.54
"4271","0207000810055826","VA","0207000810055826",0.1,25.02
"4272","0207001002042305","DC","0207001002042305",0,0.63
"4273","0207000810055827","VA","0207000810055827",0.02,5.68
"4274","0207000810051830","VA","0207000810051830",0.01,2.57
"4275","0207000810055828","VA","0207000810055828",0.14,33.79
"4276","0207001002042311","DC","0207001002042311",0,0.39
"4277","0207000810055829","VA","0207000810055829",0.05,11.89
"4278","0207000810055830","VA","0207000810055830",0.02,5.63
"4279","0207000810055831","VA","0207000810055831",0.05,12.16
"4280","0207001002042013","DC","0207001002042013",0,0.37
"4281","0207001002042014","DC,MD","0207001002042014",2.59,639.96
"4282","0207000810055832","VA","0207000810055832",0.11,27.83
"4283","0207000810055834","VA","0207000810055834",0.05,11.95
"4284","0207000810056070","MD","0207000810056070",0.23,56.63
"4285","0207001002011404","MD","0207001002011404",0.01,2.81
"4286","0207000810056071","MD","0207000810056071",0.14,34.66
"4287","0207000810056072","MD","0207000810056072",0.51,125.54
"4288","0207000810056074","MD","0207000810056074",0.05,11.13
"4289","0207000810051833","VA","0207000810051833",0.02,5.61
"4290","0207000810056075","MD","0207000810056075",0.08,20.36
"4291","0207000810056076","MD","0207000810056076",0.47,115.54
"4292","0207000810056077","MD","0207000810056077",0,0.09
"4293","0207000810056078","MD","0207000810056078",0.08,18.93
"4294","0207001002042313","DC","0207001002042313",0,0.7
"4295","0207000810051831","VA","0207000810051831",0.04,10.47
"4296","0207000810054456","VA","0207000810054456",0.01,2.09
"4297","0207000810051832","VA","0207000810051832",0.08,20.98
"4298","0207000810054457","VA","0207000810054457",0.01,1.31
"4299","0207000810051834","VA","0207000810051834",0.02,6.11
"4300","0207000810051835","VA","0207000810051835",0.03,6.31
"4301","0207000810051836","VA","0207000810051836",0.04,9.4
"4302","0207000810055835","VA","0207000810055835",0.01,3.14
"4303","0207000810051837","VA","0207000810051837",0.04,9.71
"4304","0207000810051838","VA","0207000810051838",0.01,3.24
"4305","0207000810055836","VA","0207000810055836",0.03,7.62
"4306","0207000810055837","VA","0207000810055837",0.01,2.06
"4307","0207000810055838","VA","0207000810055838",0.24,58.54
"4308","0207000810051841","MD","0207000810051841",0,0.5
"4309","0207000810051839","VA","0207000810051839",0.05,11.98
"4310","0207000810051840","VA","0207000810051840",0.03,8.47
"4311","0207000810051842","VA","0207000810051842",0.01,3.68
"4312","0207000810054458","VA","0207000810054458",0,1.11
"4313","0207000810054459","VA","0207000810054459",0,0.81
"4314","0207000810054460","MD,VA","Offutt Island-Potomac River",0.87,215.6
"4315","0207000810054461","MD","0207000810054461",0.21,51.13
"4316","0207000810051843","VA","0207000810051843",0.08,19.8
"4317","0207000810051844","VA","0207000810051844",0.12,30.79
"4318","0207000810054462","MD","0207000810054462",0.1,23.79
"4319","0207000810054463","MD","0207000810054463",0.06,15.48
"4320","0207001002012608","MD","0207001002012608",0.01,2.22
"4321","0207000810054464","MD","0207000810054464",0.03,6.57
"4322","0207000810055839","VA","0207000810055839",0.01,3.67
"4323","0207001002042708","DC","0207001002042708",0.01,1.91
"4324","0207000810055840","VA","0207000810055840",0.03,7.87
"4325","0207000810055842","VA","0207000810055842",0.03,7.41
"4326","0207000810055843","VA","0207000810055843",0.18,44.13
"4327","0207000810055841","VA","0207000810055841",0.04,8.99
"4328","0207000810055845","VA","0207000810055845",0.01,3.44
"4329","0207000810055844","MD","0207000810055844",0.18,44.33
"4330","0207000810056079","MD","0207000810056079",0.09,23.08
"4331","0207000810056080","MD","0207000810056080",0.04,10.6
"4332","0207000810054467","MD","0207000810054467",0.01,3.61
"4333","0207000810051848","MD,VA","0207000810051848",0.04,10.34
"4334","0207000810056081","DC","0207000810056081",0.02,3.81
"4335","0207000810051849","VA","0207000810051849",0.13,31.07
"4336","0207000810051850","VA","0207000810051850",0.03,6.88
"4337","0207000810051851","MD,VA","0207000810051851",0.02,3.81
"4338","0207000810051845","MD,VA","0207000810051845",0.02,5.37
"4339","0207000810051847","MD,VA","0207000810051847",0.03,8.42
"4340","0207000810051846","MD,VA","0207000810051846",0.06,15.19
"4341","0207000810051852","MD,VA","0207000810051852",0.04,10.19
"4342","0207000810051853","MD,VA","0207000810051853",0.03,7.22
"4343","0207000810054466","MD","0207000810054466",0.08,19.33
"4344","0207000810054468","MD,VA","0207000810054468",0.03,7.66
"4345","0207000810054469","MD,VA","0207000810054469",0.01,1.7
"4346","0207000810054470","MD,VA","0207000810054470",0.05,12.01
"4347","0207000810054471","MD,VA","0207000810054471",0.02,4.83
"4348","0207000810054472","MD,VA","0207000810054472",0.05,12.03
"4349","0207000810055846","MD,VA","0207000810055846",0.01,2.52
"4350","0207000810055847","MD,VA","0207000810055847",0.02,3.89
"4351","0207000810055853","MD,VA","0207000810055853",0.05,13.03
"4352","0207000810055854","MD,VA","Ruppert Island-Potomac River",1.11,275.03
"4353","0207000810055848","MD","0207000810055848",0.11,27.97
"4354","0207000810055849","VA","0207000810055849",0.13,32.44
"4355","0207000810055850","MD","0207000810055850",0.03,7.88
"4356","0207000810055851","MD,VA","0207000810055851",0.02,5.05
"4357","0207000810055852","MD,VA","0207000810055852",0.13,32.25
"4358","0207000810056082","MD","0207000810056082",0.03,8.62
"4359","0207000810056083","MD","0207000810056083",0,0.23
"4360","0207000810056084","DC,MD","Dalecarlia Reservoir",0.39,96.75
"4361","0207000810056085","DC,MD","0207000810056085",0.22,53.15
"4362","0207000810051854","MD,VA","0207000810051854",0,0.97
"4363","0207000810051855","MD,VA","0207000810051855",0.04,9.94
"4364","0207000810054473","VA","0207000810054473",0.01,1.69
"4365","0207000810054474","MD,VA","0207000810054474",0,0.82
"4366","0207000810051856","MD,VA","0207000810051856",0.05,12.27
"4367","0207000810051857","MD,VA","0207000810051857",0.01,3.15
"4368","0207000810051858","MD,VA","Harris Island-Potomac River",5.89,1454.62
"4369","0207000810054475","MD,VA","Vaso Island-Potomac River",1.48,364.63
"4370","0207000810054901","MD","0207000810054901",0.28,68.43
"4371","0207000810056102","VA","0207000810056102",0.03,7
"4372","0207000810056105","VA","0207000810056105",0.04,9.26
"4373","0207000810056103","VA","0207000810056103",0.1,25.44
"4374","0207000810056104","VA","0207000810056104",0.01,2.35
"4375","0207000810055855","VA","0207000810055855",0.06,16.02
"4376","0207000810056106","VA","0207000810056106",0.01,2.72
"4377","0207000810056101","VA","0207000810056101",0.13,31.63
"4378","0207000810056107","MD,VA","0207000810056107",0.03,6.86
"4379","0207000810056108","MD,VA","0207000810056108",0.03,8.34
"4380","0207000810056109","MD,VA","0207000810056109",0.08,18.79
"4381","0207001001022712","DC","0207001001022712",0.01,2.08
"4382","0207000810056110","MD,VA","0207000810056110",0.07,17.52
"4383","0207001002011316","MD","0207001002011316",0.01,3.09
"4384","0207000810056111","DC,MD","0207000810056111",0.05,12.69
"4385","0207001002011804","MD","0207001002011804",0.01,3.4
"4386","0207000810056086","MD","0207000810056086",0.02,5.91
"4387","0207000810056087","MD","0207000810056087",0.22,53.39
"4388","0207000810056088","MD","0207000810056088",0,0.08
"4389","0207000810054909","VA","0207000810054909",0.02,4.69
"4390","0207000810056089","MD","0207000810056089",0.04,10.39
"4391","0207001001020101","MD","0207001001020101",0.01,3.23
"4392","0207000810052401","VA","0207000810052401",0.05,11.99
"4393","0207000810052414","VA","0207000810052414",0.02,3.89
"4394","0207000810052415","MD,VA","Black Pond",0.12,29.77
"4395","0207000810052402","VA","0207000810052402",0.02,5.43
"4396","0207000810052403","VA","0207000810052403",0.04,8.66
"4397","0207000810052404","VA","0207000810052404",0.04,8.97
"4398","0207000810052405","VA","0207000810052405",0.01,1.91
"4399","0207001001022708","DC","0207001001022708",0,0.17
"4400","0207000810052406","VA","0207000810052406",0.04,10.59
"4401","0207000810052410","VA","0207000810052410",0.04,9.52
"4402","0207000810052407","VA","0207000810052407",0.07,16.77
"4403","0207000810054908","VA","0207000810054908",0.01,3.53
"4404","0207000810052408","VA","0207000810052408",0.07,16.98
"4405","0207001002012057","MD","0207001002012057",0,0.97
"4406","0207001002012058","MD","0207001002012058",0.16,40.08
"4407","0207001001022709","DC","0207001001022709",0,0.01
"4408","0207000810052409","VA","0207000810052409",0.05,12.1
"4409","0207000810052418","VA","0207000810052418",0.02,3.97
"4410","0207000810052411","VA","0207000810052411",0.02,5.7
"4411","0207000810052412","VA","0207000810052412",0,1.22
"4412","0207001002012059","MD","0207001002012059",0.01,2.58
"4413","0207000810052413","VA","0207000810052413",0.11,28.36
"4414","0207001001022710","DC","0207001001022710",0,0.02
"4415","0207001001022711","DC","0207001001022711",0,0
"4416","0207000810054919","VA","0207000810054919",0.04,9.37
"4417","0207000810054913","VA","0207000810054913",0.04,9.02
"4418","0207000810054914","VA","0207000810054914",0.1,24.48
"4419","0207000810054902","MD","0207000810054902",0.04,10.56
"4420","0207000810054907","VA","0207000810054907",0.12,30.35
"4421","0207000810054912","VA","0207000810054912",0.04,10.9
"4422","0207001002012060","MD","0207001002012060",0.01,3.01
"4423","0207000810054910","VA","0207000810054910",0.07,17.08
"4424","0207000810050103","VA","0207000810050103",0.02,4.41
"4425","0207000810054920","VA","0207000810054920",0.03,6.67
"4426","0207000810054915","VA","0207000810054915",0.02,5.8
"4427","0207000810054911","VA","0207000810054911",0.03,6.48
"4428","0207000810054905","VA","0207000810054905",0.02,5.17
"4429","0207000810054904","VA","0207000810054904",0.34,84.17
"4430","0207000810054918","VA","0207000810054918",0.04,9.97
"4431","0207000810054921","MD,VA","0207000810054921",0.15,37.07
"4432","0207001001020102","MD","0207001001020102",0.03,6.28
"4433","0207000810054916","MD,VA","0207000810054916",0.07,18.07
"4434","0207001002011833","MD","0207001002011833",0,0.4
"4435","0207000810054917","MD,VA","0207000810054917",0.08,20.46
"4436","0207001001020107","MD","0207001001020107",0.01,2.75
"4437","0207001001020108","MD","0207001001020108",0.23,57.12
"4438","0207001001020109","MD","0207001001020109",0.37,90.25
"4439","0207000810054903","MD,VA","0207000810054903",0.04,8.75
"4440","0207001001020103","MD","0207001001020103",0.02,4.39
"4441","0207001001020104","MD","0207001001020104",0.85,211.1
"4442","0207001001020105","MD","0207001001020105",0.43,106.95
"4443","0207001001020106","MD","0207001001020106",0.24,60.15
"4444","0207000810056112","DC,MD,VA","High Island-Potomac River",1.09,269.32
"4445","0207000810052416","VA","0207000810052416",0.03,7.8
"4446","0207000810052417","VA","0207000810052417",0.02,4.66
"4447","0207000810052419","VA","0207000810052419",0.04,9.51
"4448","0207000810052420","VA","0207000810052420",0.02,5.26
"4449","0207000810052421","MD,VA","Bealls Island-Potomac River",0.67,165.36
"4450","0207000810052422","VA","0207000810052422",0.03,7.59
"4451","0207000810052425","VA","0207000810052425",0.04,10.12
"4452","0207000810052423","VA","0207000810052423",0.04,11.05
"4453","0207000810052428","VA","0207000810052428",0.02,5.08
"4454","0207000810052424","MD,VA","0207000810052424",0.04,9.58
"4455","0207000810052431","MD,VA","Conn Island-Potomac River",1.08,266.48
"4456","0207000810054906","VA","0207000810054906",0,0.68
"4457","0207000810052426","MD","0207000810052426",0.03,7.53
"4458","0207000810052427","MD","0207000810052427",0.01,3.46
"4459","0207000810052429","VA","0207000810052429",0.05,12.67
"4460","0207000810052430","VA","0207000810052430",0.02,5.97
"4461","0207000810054926","MD","0207000810054926",0.04,9.72
"4462","0207000810054923","MD,VA","0207000810054923",0.02,4.87
"4463","0207000810054927","MD","0207000810054927",0.03,8.21
"4464","0207000810053203","VA","0207000810053203",0.01,3.14
"4465","0207000810054924","MD","0207000810054924",0.05,13.13
"4466","0207000810054922","MD,VA","0207000810054922",0.37,91.36
"4467","0207001002042141","DC","0207001002042141",0,0.86
"4468","0207000810054928","MD","0207000810054928",0.07,17.53
"4469","0207000810054925","MD,VA","0207000810054925",0.03,6.4
"4470","0207000810055407","VA","0207000810055407",0.03,7.65
"4471","0207000810054929","MD,VA","Plummers Island-Potomac River",0.17,42.19
"4472","0207000810055401","VA","0207000810055401",0.04,9.43
"4473","0207000810055408","VA","0207000810055408",0.02,6.05
"4474","0207001001020111","MD","0207001001020111",0.14,35.8
"4475","0207001001020112","MD","0207001001020112",0.04,11.07
"4476","0207000810053204","VA","0207000810053204",0.02,5.81
"4477","0207001001020113","MD","0207001001020113",0.06,13.78
"4478","0207001001020114","MD","0207001001020114",0.73,181.6
"4479","0207000810055402","VA","0207000810055402",0.01,3.59
"4480","0207001001020115","MD","0207001001020115",0.07,17.71
"4481","0207001001020116","MD","0207001001020116",0.23,55.99
"4482","0207001001020117","MD","0207001001020117",0.65,161.29
"4483","0207001001020118","MD","0207001001020118",0.08,18.8
"4484","0207001001020119","MD","0207001001020119",0.48,117.72
"4485","0207001001020122","MD","0207001001020122",0.08,20.61
"4486","0207001001020123","MD","0207001001020123",0.35,85.61
"4487","0207000810055403","VA","0207000810055403",0.01,1.58
"4488","0207000810053205","VA","0207000810053205",0.11,28.03
"4489","0207000810053206","VA","0207000810053206",0,0.7
"4490","0207000810053201","VA","0207000810053201",0.05,13.02
"4491","0207000810053202","MD,VA","Olmsted Island-Potomac River",0.56,137.85
"4492","0207000810053207","VA","0207000810053207",0.06,16.06
"4493","0207000810055404","VA","0207000810055404",0.01,3.09
"4494","0207000810053208","MD","0207000810053208",0.03,7.64
"4495","0207000810053209","VA","0207000810053209",0.02,4.83
"4496","0207001001020202","MD","0207001001020202",0.65,161.3
"4497","0207001001020203","MD","0207001001020203",0.82,201.87
"4498","0207001001020204","MD","0207001001020204",1.22,301.96
"4499","0207001001020205","MD","0207001001020205",0.23,57.98
"4500","0207001001020206","MD","0207001001020206",0.19,47.62
"4501","0207001001020207","MD","0207001001020207",0.49,121.39
"4502","0207001001020124","MD","0207001001020124",0.07,16.61
"4503","0207001001020125","MD","0207001001020125",0.78,193.32
"4504","0207001001020126","MD","0207001001020126",0.01,1.74
"4505","0207001001020127","MD","0207001001020127",0.33,80.96
"4506","0207001001020201","MD","0207001001020201",0.33,82.65
"4507","0207001001020210","MD","0207001001020210",0.08,20.86
"4508","0207001001020211","MD","0207001001020211",0.09,23.31
"4509","0207001001020302","MD","0207001001020302",0.16,39.76
"4510","0207001001020304","MD","0207001001020304",0.23,57.64
"4511","0207001001020305","MD","0207001001020305",0.03,8.22
"4512","0207001001020306","MD","0207001001020306",0.03,6.93
"4513","0207001001020307","MD","0207001001020307",0.23,57.77
"4514","0207001001020308","MD","0207001001020308",0.18,43.5
"4515","0207000810050101","VA","0207000810050101",0.04,10.99
"4516","0207000810050102","VA","0207000810050102",0.02,4.65
"4517","0207000810050104","VA","0207000810050104",0.03,6.31
"4518","0207000810053212","VA","0207000810053212",0.01,2.34
"4519","0207000810053213","MD,VA","Sherwin Island-Potomac River",1.16,286.53
"4520","0207000810054401","VA","0207000810054401",0.02,4.71
"4521","0207000810054405","MD","0207000810054405",0.04,9.05
"4522","0207000810054402","VA","0207000810054402",0.06,14.93
"4523","0207000810054406","MD","0207000810054406",0.02,5.78
"4524","0207000810054403","MD","0207000810054403",0.09,21.8
"4525","0207000810054404","MD","0207000810054404",0.02,4.73
"4526","0207000810054407","VA","0207000810054407",0.02,5.57
"4527","0207000810054408","VA","0207000810054408",0.02,5.49
"4528","0207000810054409","MD","0207000810054409",0.02,6.02
"4529","0207000810055413","VA","0207000810055413",0.02,4.47
"4530","0207000810055410","VA","0207000810055410",0.04,9.96
"4531","0207001002012342","MD","0207001002012342",0,0.76
"4532","0207000810055411","VA","0207000810055411",0.03,7.07
"4533","0207000810055412","VA","0207000810055412",0.02,5.71
"4534","0207000810055409","VA","0207000810055409",0.02,5.33
"4535","0207000810055414","VA","0207000810055414",0.03,6.57
"4536","0207000810055415","VA","0207000810055415",0.02,5.36
"4537","0207000810055416","VA","0207000810055416",0.03,7.03
"4538","0207000810055417","MD","0207000810055417",0.07,18.44
"4539","0207001002012346","MD","0207001002012346",0,0.37
"4540","0207000810055418","MD","0207000810055418",0.08,20.87
"4541","0207000810055419","VA","0207000810055419",0.02,4.74
"4542","0207000810055420","VA","0207000810055420",0.02,4.78
"4543","0207000810055421","VA","0207000810055421",0.08,19.95
"4544","0207001001020501","MD","0207001001020501",0.29,71.3
"4545","0207001001020502","MD","0207001001020502",0.02,5.11
"4546","0207001001020503","MD","0207001001020503",0.01,3.13
"4547","0207001001020504","MD","0207001001020504",0.04,9.24
"4548","0207001001020505","MD","0207001001020505",0.3,72.94
"4549","0207001001020506","MD","0207001001020506",0.51,126.99
"4550","0207001001020507","MD","0207001001020507",0.35,87.2
"4551","0207001001020508","MD","0207001001020508",0,0.55
"4552","0207001001020509","MD","0207001001020509",0.12,29.43
"4553","0207001001020510","MD","0207001001020510",0.29,71.76
"4554","0207001001020401","MD","0207001001020401",1.14,282.02
"4555","0207001001020402","MD","0207001001020402",0.12,30.33
"4556","0207001001020403","MD","0207001001020403",0.03,8.03
"4557","0207001001020404","MD","0207001001020404",0.02,5.41
"4558","0207001001020405","MD","0207001001020405",0.23,55.68
"4559","0207001002012343","MD","0207001002012343",0.09,21.45
"4560","0207001002012344","MD","0207001002012344",0.07,18.21
"4561","0207001002012345","MD","0207001002012345",0.16,39.57
"4562","0207001002012347","MD","0207001002012347",0.09,21.84
"4563","0207001002012348","MD","0207001002012348",0.28,69.72
"4564","0207001002012349","MD","0207001002012349",0.04,8.9
"4565","0207001002011616","MD","0207001002011616",0.01,1.97
"4566","0207001002012350","MD","0207001002012350",0.04,8.81
"4567","0207001002012351","MD","0207001002012351",0.03,8.37
"4568","0207001002012352","MD","0207001002012352",0.07,17.16
"4569","0207001002011108","MD","0207001002011108",0,0.95
"4570","0207001002011109","MD","0207001002011109",0.1,24.37
"4571","0207001002011110","MD","0207001002011110",0.13,31
"4572","0207001002011111","MD","0207001002011111",0.08,20.98
"4573","0207001002011112","MD","0207001002011112",0.17,41.85
"4574","0207001002011113","MD","0207001002011113",0.31,77.72
"4575","0207001002011114","MD","0207001002011114",0.04,10.86
"4576","0207001002011617","MD","0207001002011617",0.05,11.86
"4577","0207001002011115","MD","0207001002011115",0.03,7.66
"4578","0207001002011622","MD","0207001002011622",0.01,2.14
"4579","0207001002011116","MD","0207001002011116",0.07,17.76
"4580","0207001002011843","MD","0207001002011843",0.01,3.11
"4581","0207001002011844","MD","0207001002011844",0.08,18.8
"4582","0207001002011117","MD","0207001002011117",0.09,22.72
"4583","0207001002011839","MD","0207001002011839",0.01,2.77
"4584","0207001002011118","MD","0207001002011118",0.06,14.64
"4585","0207001002011119","MD","0207001002011119",0,0.05
"4586","0207001002011618","MD","0207001002011618",0.09,22.58
"4587","0207001002012334","MD","0207001002012334",0.01,1.77
"4588","0207001002011619","MD","0207001002011619",0.05,11.25
"4589","0207001002011846","MD","0207001002011846",0.02,4.69
"4590","0207001002011620","MD","0207001002011620",0.06,14.16
"4591","0207001002011621","MD","0207001002011621",0.01,2.43
"4592","0207001002011101","MD","0207001002011101",0.54,132.51
"4593","0207001002011102","MD","0207001002011102",0.35,86.96
"4594","0207001002011845","MD","0207001002011845",0.11,28.15
"4595","0207001002011847","MD","0207001002011847",0.1,24.6
"4596","0207001002011848","MD","0207001002011848",0.02,5.68
"4597","0207001002011849","MD","0207001002011849",0.13,32.03
"4598","0207001002011902","MD","0207001002011902",0.04,9.8
"4599","0207001002011901","MD","0207001002011901",0.21,52.9
"4600","0207001002012354","MD","0207001002012354",0.07,18.28
"4601","0207001002012046","MD","0207001002012046",0.01,2.96
"4602","0207001002012355","MD","0207001002012355",0.07,17.62
"4603","0207001002011122","MD","0207001002011122",0.02,4.09
"4604","0207001002012356","MD","0207001002012356",0.09,21.31
"4605","0207001002012357","MD","0207001002012357",0,0.09
"4606","0207001002012201","MD","0207001002012201",0.09,21.25
"4607","0207001002011410","MD","0207001002011410",0,0.3
"4608","0207001002012202","MD","0207001002012202",0.07,17.48
"4609","0207001002011415","MD","0207001002011415",0.19,45.92
"4610","0207001001022717","DC","0207001001022717",0.02,3.87
"4611","0207001002012203","MD","0207001002012203",0.09,21.31
"4612","0207001002012204","MD","0207001002012204",0.05,11.21
"4613","0207001002012205","MD","0207001002012205",0.03,6.9
"4614","0207001002012206","MD","0207001002012206",0.11,26.41
"4615","0207001001023023","DC","0207001001023023",0,0.06
"4616","0207001001023024","DC","0207001001023024",0.43,107.15
"4617","0207001002012207","MD","0207001002012207",0.11,26.1
"4618","0207001002012208","MD","0207001002012208",0.04,9.17
"4619","0207001002011123","MD","0207001002011123",0.02,5.38
"4620","0207001002012209","MD","0207001002012209",0.08,20.33
"4621","0207001002012417","MD","0207001002012417",0.22,54.27
"4622","0207001002011120","MD","0207001002011120",0.33,82.01
"4623","0207001002011121","MD","0207001002011121",0.01,3.26
"4624","0207001002011125","MD","0207001002011125",0.02,5.21
"4625","0207001002011126","MD","0207001002011126",0,0.37
"4626","0207001002011127","MD","0207001002011127",0.02,5.65
"4627","0207001002011128","MD","0207001002011128",0.02,5.43
"4628","0207001002011129","MD","0207001002011129",0.06,15.99
"4629","0207001002011624","MD","0207001002011624",0.16,40.58
"4630","0207001002011627","MD","0207001002011627",0.02,5.85
"4631","0207001002011629","MD","0207001002011629",0.04,9.05
"4632","0207001002011628","MD","0207001002011628",0.06,14.34
"4633","0207001001023025","DC","0207001001023025",0.01,1.39
"4634","0207001002011630","MD","0207001002011630",0.04,9.06
"4635","0207001002011501","MD","0207001002011501",0.4,99.2
"4636","0207001001023027","DC","0207001001023027",0,0.03
"4637","0207001002011502","MD","0207001002011502",0.09,22.47
"4638","0207001002011503","MD","0207001002011503",0.32,79.06
"4639","0207001002011504","MD","0207001002011504",0.06,13.89
"4640","0207001002011505","MD","0207001002011505",0.68,167.27
"4641","0207001002011506","MD","0207001002011506",0.4,98.81
"4642","0207001002011507","MD","0207001002011507",0.34,83.99
"4643","0207001002011302","MD","0207001002011302",0.01,3.07
"4644","0207001002011905","MD","0207001002011905",0.05,13.41
"4645","0207001002012054","MD","0207001002012054",0.01,2.98
"4646","0207001002011906","MD","0207001002011906",0.02,5.72
"4647","0207001002011907","MD","0207001002011907",0.04,9.71
"4648","0207001002011903","MD","0207001002011903",0.03,7.39
"4649","0207001002011911","MD","0207001002011911",0.02,4.36
"4650","0207001002011904","MD","0207001002011904",0.06,14.16
"4651","0207001002011913","MD","0207001002011913",0.03,6.63
"4652","0207001002011914","MD","0207001002011914",0.29,71.28
"4653","0207001002011908","MD","0207001002011908",0.2,50.59
"4654","0207001002011909","MD","0207001002011909",0.51,126.75
"4655","0207001002011910","MD","0207001002011910",0.12,29.52
"4656","0207001002011912","MD","0207001002011912",0.06,14.99
"4657","0207001002011130","MD","0207001002011130",0,1.18
"4658","0207001002011915","MD","0207001002011915",0.07,17.74
"4659","0207001002011707","MD","0207001002011707",0,0.58
"4660","0207001002011916","MD","0207001002011916",0.01,3.46
"4661","0207001002011917","MD","0207001002011917",0.06,14.35
"4662","0207001002011918","MD","0207001002011918",0.08,18.95
"4663","0207001002011924","MD","0207001002011924",0.01,1.28
"4664","0207001002011925","MD","0207001002011925",0.09,23.34
"4665","0207001002011919","MD","0207001002011919",0.12,30.87
"4666","0207001002011921","MD","0207001002011921",0,0.02
"4667","0207001002011920","MD","0207001002011920",0.04,9.15
"4668","0207001002012210","MD","0207001002012210",0,0.55
"4669","0207001002012214","MD","0207001002012214",0.02,4.4
"4670","0207001002012211","MD","0207001002012211",0.04,8.65
"4671","0207001002012212","MD","0207001002012212",0.02,3.86
"4672","0207001002040909","MD","0207001002040909",0.01,2.93
"4673","0207001002011131","MD","0207001002011131",0.05,13.59
"4674","0207001002011132","MD","0207001002011132",0.16,40.07
"4675","0207001002011508","MD","0207001002011508",0.32,79.82
"4676","0207001002011509","MD","0207001002011509",0,0.92
"4677","0207001002011701","MD","0207001002011701",0.1,23.81
"4678","0207001002011702","MD","0207001002011702",0.11,25.97
"4679","0207001002011703","MD","0207001002011703",0.49,120.02
"4680","0207001002011704","MD","0207001002011704",0.55,135.72
"4681","0207001002011705","MD","0207001002011705",0.08,20.55
"4682","0207001002011706","MD","0207001002011706",0.26,64.59
"4683","0207001002011926","MD","0207001002011926",0.02,3.93
"4684","0207001002011927","MD","0207001002011927",0,0.1
"4685","0207001002011928","MD","0207001002011928",0.01,3.56
"4686","0207001002011929","MD","0207001002011929",0,0.04
"4687","0207001002011922","MD","0207001002011922",0.02,4.57
"4688","0207001002011923","MD","0207001002011923",0.23,56.85
"4689","0207001002012213","MD","0207001002012213",0.02,3.98
"4690","0207001002041319","DC","0207001002041319",0.01,1.73
"4691","0207001002012215","MD","0207001002012215",0.07,18.03
"4692","0207001002012404","MD","0207001002012404",0.01,2.44
"4693","0207001002012405","MD","0207001002012405",0.45,111.49
"4694","0207001002012406","MD","0207001002012406",0.38,94.92
"4695","0207001002012401","MD","0207001002012401",0.04,10.68
"4696","0207001002011133","MD","0207001002011133",0.01,1.38
"4697","0207001002012402","MD","0207001002012402",0.02,5.22
"4698","0207001002011709","MD","0207001002011709",0.01,3.08
"4699","0207001002011710","MD","0207001002011710",0.23,56.17
"4700","0207001002012403","MD","0207001002012403",0.1,24.33
"4701","0207001002012519","MD","0207001002012519",0.01,1.99
"4702","0207001002011134","MD","0207001002011134",0.04,10.7
"4703","0207001002011135","MD","0207001002011135",0.01,1.84
"4704","0207001002011708","MD","0207001002011708",0.12,30.67
"4705","0207001002011711","MD","0207001002011711",0.02,4.74
"4706","0207001002011712","MD","0207001002011712",0.02,4.43
"4707","0207001002011713","MD","0207001002011713",0.04,9.87
"4708","0207001002011930","MD","0207001002011930",0.01,2.62
"4709","0207001002011714","MD","0207001002011714",0.03,6.69
"4710","0207001002011715","MD","0207001002011715",0.01,2.9
"4711","0207001002011716","MD","0207001002011716",0.08,18.63
"4712","0207001002041320","DC","0207001002041320",0,0.74
"4713","0207001002012003","MD","0207001002012003",0.09,21.75
"4714","0207001002012004","MD","0207001002012004",0,1.01
"4715","0207001002012005","MD","0207001002012005",0.05,12.62
"4716","0207001002012408","MD","0207001002012408",0.01,3
"4717","0207001002012409","MD","0207001002012409",0.46,113.65
"4718","0207001002012006","MD","0207001002012006",0.04,9.58
"4719","0207001002012407","MD","0207001002012407",0.01,2.13
"4720","0207001002012410","MD","0207001002012410",0.07,17.93
"4721","0207001002011144","MD","0207001002011144",0,0.4
"4722","0207001002012411","MD","0207001002012411",0.02,4.72
"4723","0207001002012412","MD","0207001002012412",0.3,73.43
"4724","0207001002011727","MD","0207001002011727",0.03,7.79
"4725","0207001002012413","MD","0207001002012413",0.04,10.25
"4726","0207001002011728","MD","0207001002011728",0.02,4.62
"4727","0207001002011729","MD","0207001002011729",0.35,87.07
"4728","0207001002012414","MD","0207001002012414",0.16,38.65
"4729","0207001002012415","MD","0207001002012415",0,0.04
"4730","0207001002012416","MD","0207001002012416",0.11,26.06
"4731","0207001002011142","MD","0207001002011142",0.06,15.21
"4732","0207001002011143","MD","0207001002011143",0.01,1.87
"4733","0207001002011136","MD","0207001002011136",0.01,3.01
"4734","0207001002012009","MD","0207001002012009",0.02,6.13
"4735","0207001002011137","MD","0207001002011137",0.07,17.6
"4736","0207001002043210","DC","0207001002043210",0.01,1.81
"4737","0207001002011138","MD","0207001002011138",0.04,10.9
"4738","0207001002011207","MD","0207001002011207",0.01,2.08
"4739","0207001002011139","MD","0207001002011139",0.11,27.66
"4740","0207001002011140","MD","0207001002011140",0.07,17.09
"4741","0207001002011750","MD","0207001002011750",0.02,5.34
"4742","0207001002011141","MD","0207001002011141",0.04,11.06
"4743","0207001002011720","MD","0207001002011720",0,0.44
"4744","0207001002011721","MD","0207001002011721",0.04,11
"4745","0207001002011722","MD","0207001002011722",0.02,5.08
"4746","0207001002011723","MD","0207001002011723",0.24,59.27
"4747","0207001002011724","MD","0207001002011724",0.05,12.3
"4748","0207001002012014","MD","0207001002012014",0.02,4.86
"4749","0207001002011725","MD","0207001002011725",0.04,10.54
"4750","0207001002012010","MD","0207001002012010",0.03,7.88
"4751","0207001002011726","MD","0207001002011726",0.11,27.34
"4752","0207001002011730","MD","0207001002011730",0.04,10.05
"4753","0207001002012013","MD","0207001002012013",0.01,3.45
"4754","0207001002011717","MD","0207001002011717",0.07,16.41
"4755","0207001002012026","MD","0207001002012026",0.01,3.51
"4756","0207001002011718","MD","0207001002011718",0.06,14.82
"4757","0207001002011719","MD","0207001002011719",0.36,89.92
"4758","0207001002012007","MD","0207001002012007",0.01,1.63
"4759","0207001002012008","MD","0207001002012008",0.13,30.91
"4760","0207001002012027","MD","0207001002012027",0,0.35
"4761","0207001002012011","MD","0207001002012011",0.04,10.04
"4762","0207001002012012","MD","0207001002012012",0,0.45
"4763","0207001002012418","MD","0207001002012418",0.05,12.51
"4764","0207001002011205","MD","0207001002011205",0.02,5.5
"4765","0207001002012419","MD","0207001002012419",0.07,16.51
"4766","0207001002012420","MD","0207001002012420",0.02,3.8
"4767","0207001002011206","MD","0207001002011206",0.12,29.92
"4768","0207001002011208","MD","0207001002011208",0.05,13.17
"4769","0207001001023350","DC","0207001001023350",0.01,1.45
"4770","0207001002011201","MD","0207001002011201",0.11,26.18
"4771","0207001001023351","DC","0207001001023351",0,0.66
"4772","0207001002011202","MD","0207001002011202",0.05,13.46
"4773","0207001002012015","MD","0207001002012015",0.01,1.89
"4774","0207001002011203","MD","0207001002011203",0.11,26.75
"4775","0207001001023771","DC","0207001001023771",0,0.1
"4776","0207001001030101","VA","0207001001030101",0.97,239.9
"4777","0207001002011204","MD","0207001002011204",0.04,10.96
"4778","0207001002011209","MD","0207001002011209",0.14,35.63
"4779","0207001002011210","MD","0207001002011210",0.17,43.06
"4780","0207001002012422","MD","0207001002012422",0.02,4.14
"4781","0207001002011211","MD","0207001002011211",0.07,16.1
"4782","0207001002012423","MD","0207001002012423",0.01,3.27
"4783","0207001002011225","MD","0207001002011225",0.06,15.18
"4784","0207001002011212","MD","0207001002011212",0.01,1.99
"4785","0207001002011226","MD","0207001002011226",0.06,16.03
"4786","0207001002011227","MD","0207001002011227",0.14,35.08
"4787","0207001002011214","MD","0207001002011214",0,0.2
"4788","0207001001022722","DC","0207001001022722",0,0.03
"4789","0207001002011228","MD","0207001002011228",0.1,23.96
"4790","0207001001022723","DC","0207001001022723",0,0.06
"4791","0207001002011229","MD","0207001002011229",0.1,25.46
"4792","0207001002042412","DC","0207001002042412",0.02,4.64
"4793","0207001002011732","MD","0207001002011732",0.05,11.24
"4794","0207001002011733","MD","0207001002011733",0,0.93
"4795","0207001002011751","MD","0207001002011751",0.07,17.05
"4796","0207001002011731","MD","0207001002011731",0,0.52
"4797","0207001002012016","MD","0207001002012016",0.05,12.06
"4798","0207001002011216","MD","0207001002011216",0.01,3.47
"4799","0207001002012017","MD","0207001002012017",0.1,24.62
"4800","0207001002012018","MD","0207001002012018",0.03,7.68
"4801","0207001002012421","MD","0207001002012421",0.02,4.58
"4802","0207001002012424","MD","0207001002012424",0.11,27.39
"4803","0207001002012425","MD","0207001002012425",0,0.52
"4804","0207001002011213","MD","0207001002011213",0.17,42.14
"4805","0207001002011215","MD","0207001002011215",0.06,14.57
"4806","0207001002011754","MD","0207001002011754",0.02,5.05
"4807","0207001002011756","MD","0207001002011756",0.02,4.65
"4808","0207001002011755","MD","0207001002011755",0.22,53.83
"4809","0207001002011757","MD","0207001002011757",0.1,24.75
"4810","0207001002012020","MD","0207001002012020",0.02,5.98
"4811","0207001002012021","MD","0207001002012021",0.02,6.01
"4812","0207001002012022","MD","0207001002012022",0.04,9.5
"4813","0207001002012023","MD","0207001002012023",0.02,5.17
"4814","0207001002012024","MD","0207001002012024",0.03,8.15
"4815","0207001002012028","MD","0207001002012028",0.03,7.64
"4816","0207001002012025","MD","0207001002012025",0.06,13.63
"4817","0207001002012029","MD","0207001002012029",0.04,10.65
"4818","0207001002012030","MD","0207001002012030",0.02,5.07
"4819","0207001002012426","MD","0207001002012426",0.07,17.47
"4820","0207001002012427","MD","0207001002012427",0,1.14
"4821","0207001002012429","MD","0207001002012429",0.02,3.89
"4822","0207001002012430","MD","0207001002012430",0.29,71.05
"4823","0207001002011217","MD","0207001002011217",0.01,2.35
"4824","0207001002011218","MD","0207001002011218",0.05,11.8
"4825","0207001002011219","MD","0207001002011219",0.01,3.62
"4826","0207001002011220","MD","0207001002011220",0.33,82.69
"4827","0207001002011221","MD","0207001002011221",0.03,6.4
"4828","0207001002011762","MD","0207001002011762",0.02,5.13
"4829","0207001002011222","MD","0207001002011222",0.06,14.4
"4830","0207001002011223","MD","0207001002011223",0.06,15.32
"4831","0207001002011224","MD","0207001002011224",0,0.17
"4832","0207001002011758","MD","0207001002011758",0.43,105.59
"4833","0207001002011759","MD","0207001002011759",0.23,56.42
"4834","0207001002011760","MD","0207001002011760",0,0.44
"4835","0207001002011761","MD","0207001002011761",0.46,113.5
"4836","0207001002012031","MD","0207001002012031",0.03,8.57
"4837","0207001002012034","MD","0207001002012034",0.02,4.06
"4838","0207001002012032","MD","0207001002012032",0.1,23.48
"4839","0207001002012033","MD","0207001002012033",0.3,75.16
"4840","0207001001023603","DC","0207001001023603",0,1.08
"4841","0207001002012035","MD","0207001002012035",0.02,4.97
"4842","0207001002012036","MD","0207001002012036",0.04,10.05
"4843","0207001001023604","DC","0207001001023604",0.16,40.4
"4844","0207001002012037","MD","0207001002012037",0.05,12.39
"4845","0207001002012041","MD","0207001002012041",0.02,5
"4846","0207001002012038","MD","0207001002012038",0.07,17.35
"4847","0207001002012042","MD","0207001002012042",0.01,2.99
"4848","0207001002012039","MD","0207001002012039",0.08,18.58
"4849","0207001002012432","MD","0207001002012432",0.02,4.81
"4850","0207001002012040","MD","0207001002012040",0.08,18.84
"4851","0207001002012504","MD","0207001002012504",0.01,3.11
"4852","0207001002012043","MD","0207001002012043",0.04,8.67
"4853","0207001002012044","MD","0207001002012044",0.29,72.71
"4854","0207001002012431","MD","0207001002012431",0.03,7.41
"4855","0207001002012433","MD","0207001002012433",0.06,14.42
"4856","0207001002012501","MD","0207001002012501",0.2,48.68
"4857","0207001002012502","MD","0207001002012502",0.39,95.14
"4858","0207001002012508","MD","0207001002012508",0.03,6.91
"4859","0207001002012503","MD","0207001002012503",0.13,31.05
"4860","0207001002012505","MD","0207001002012505",0.12,29.84
"4861","0207001002011401","MD","0207001002011401",0,0.38
"4862","0207001002012506","MD","0207001002012506",0.04,10.8
"4863","0207001002012507","MD","0207001002012507",0.03,7.31
"4864","0207001002011402","MD","0207001002011402",0.15,37.24
"4865","0207001002011403","MD","0207001002011403",0.15,37.65
"4866","0207001002011405","MD","0207001002011405",0.02,5.19
"4867","0207001002011765","MD","0207001002011765",0.02,4.28
"4868","0207001002011766","MD","0207001002011766",0,0.02
"4869","0207001002011406","MD","0207001002011406",0.04,10.07
"4870","0207001002011407","MD","0207001002011407",0.11,28.4
"4871","0207001002011763","MD","0207001002011763",0.1,23.73
"4872","0207001002011801","MD","0207001002011801",0.03,7.71
"4873","0207001002011764","MD","0207001002011764",0.09,21.29
"4874","0207001002011802","MD","0207001002011802",0.11,26.97
"4875","0207001002012047","MD","0207001002012047",0.04,9.54
"4876","0207001002012048","MD","0207001002012048",0.02,5.59
"4877","0207001002012512","MD","0207001002012512",0.02,5.86
"4878","0207001002012513","MD","0207001002012513",0.07,16.61
"4879","0207001002012514","MD","0207001002012514",0.04,9.01
"4880","0207001002012515","MD","0207001002012515",0.57,140.18
"4881","0207001002012516","MD","0207001002012516",0.01,3.04
"4882","0207001001022733","DC","0207001001022733",0.01,1.79
"4883","0207001002012517","MD","0207001002012517",0.05,11.81
"4884","0207001002012518","MD","0207001002012518",0.21,51.67
"4885","0207001002012520","MD","0207001002012520",0.02,5.45
"4886","0207001002012521","MD","0207001002012521",0.24,59.76
"4887","0207001002012509","MD","0207001002012509",0.03,6.21
"4888","0207001002011807","MD","0207001002011807",0.01,3.34
"4889","0207001002012510","MD","0207001002012510",0.06,13.76
"4890","0207001002012511","MD","0207001002012511",0.38,93.57
"4891","0207001002011409","MD","0207001002011409",0.01,1.97
"4892","0207001002011411","MD","0207001002011411",0.04,10.51
"4893","0207001002012053","MD","0207001002012053",0.02,4.95
"4894","0207001002011412","MD","0207001002011412",0.14,33.48
"4895","0207001002011413","MD","0207001002011413",0.16,38.64
"4896","0207001002011414","MD","0207001002011414",0.09,21.18
"4897","0207001002011408","MD","0207001002011408",0.05,12.15
"4898","0207001002012049","MD","0207001002012049",0.01,1.52
"4899","0207001002012050","MD","0207001002012050",0.1,24.55
"4900","0207001002012051","MD","0207001002012051",0.06,15.07
"4901","0207001002012052","MD","0207001002012052",0.01,2.64
"4902","0207001002012055","MD","0207001002012055",0.06,15.78
"4903","0207001002012056","MD","0207001002012056",0.02,4.54
"4904","0207001002012522","MD","0207001002012522",0.04,9.29
"4905","0207001002012523","MD","0207001002012523",0.02,4.17
"4906","0207001002012524","MD","0207001002012524",0.09,21.61
"4907","0207001002012525","MD","0207001002012525",0.67,166.21
"4908","0207001002012526","MD","0207001002012526",0.62,152.99
"4909","0207001001022734","DC","0207001001022734",0,0.56
"4910","0207001002012527","MD","0207001002012527",0.03,8.1
"4911","0207001002012528","MD","0207001002012528",0.02,6.02
"4912","0207001002011422","MD","0207001002011422",0.1,24.12
"4913","0207001002042732","DC","0207001002042732",0.01,2.54
"4914","0207001002011423","MD","0207001002011423",0.04,10.9
"4915","0207001002011424","MD","0207001002011424",0.01,2.33
"4916","0207001002042733","DC","0207001002042733",0,0
"4917","0207001002011425","MD","0207001002011425",0.12,29.38
"4918","0207001002011416","MD","0207001002011416",0.04,10.5
"4919","0207001002011809","MD","0207001002011809",0.02,5.08
"4920","0207001002011417","MD","0207001002011417",0.09,23.05
"4921","0207001002042734","DC","0207001002042734",0,0
"4922","0207001002042735","DC","0207001002042735",0,0
"4923","0207001002042736","DC","0207001002042736",0,0
"4924","0207001002042730","DC","0207001002042730",0,0
"4925","0207001002011418","MD","0207001002011418",0.04,10.36
"4926","0207001002011810","MD","0207001002011810",0.02,3.92
"4927","0207001002042737","DC","0207001002042737",0,0.05
"4928","0207001002011419","MD","0207001002011419",0.06,14.61
"4929","0207001002011306","MD","0207001002011306",0.01,3.62
"4930","0207001002011420","MD","0207001002011420",0.18,45.21
"4931","0207001002011421","MD","0207001002011421",0.03,6.21
"4932","0207001002011811","MD","0207001002011811",0.02,6.17
"4933","0207001002011805","MD","0207001002011805",0.18,45.2
"4934","0207001002011806","MD","0207001002011806",0.13,33.06
"4935","0207001002011808","MD","0207001002011808",0.09,22.57
"4936","0207001002011803","MD","0207001002011803",0.09,23.23
"4937","0207001002011826","MD","0207001002011826",0.01,1.78
"4938","0207001002012529","MD","0207001002012529",0.03,8.56
"4939","0207001002012602","MD","0207001002012602",0.03,7.95
"4940","0207001002012603","MD","0207001002012603",0.38,93.33
"4941","0207001002012530","MD","0207001002012530",0.1,24.72
"4942","0207001001023217","DC","0207001001023217",0.01,2.29
"4943","0207001002012531","MD","0207001002012531",0.11,26.35
"4944","0207001002011819","MD","0207001002011819",0.02,5.99
"4945","0207001002012601","MD","0207001002012601",0.16,40.13
"4946","0207001002011820","MD","0207001002011820",0.32,77.85
"4947","0207001002012604","MD","0207001002012604",0.03,6.2
"4948","0207001002012607","MD","0207001002012607",0.04,10.2
"4949","0207001002012605","MD","0207001002012605",0.03,8.16
"4950","0207001002012613","MD","0207001002012613",0,0.66
"4951","0207001002012614","MD","0207001002012614",0.02,5.02
"4952","0207001002012606","MD","0207001002012606",0.07,18.16
"4953","0207001002011830","MD","0207001002011830",0.01,2.86
"4954","0207001002012615","MD","0207001002012615",0.11,28.09
"4955","0207001002012616","MD","0207001002012616",0.04,10.15
"4956","0207001002011426","MD","0207001002011426",0,0.45
"4957","0207001002012316","MD","0207001002012316",0.02,4.51
"4958","0207001002011427","MD","0207001002011427",0.05,12.78
"4959","0207001002011438","MD","0207001002011438",0.02,4.67
"4960","0207001002011439","MD","0207001002011439",0.14,35.04
"4961","0207001002011428","MD","0207001002011428",0.05,13.47
"4962","0207001002011429","MD","0207001002011429",0.28,67.96
"4963","0207001002011827","MD","0207001002011827",0.02,4
"4964","0207001002011430","MD","0207001002011430",0.05,12.89
"4965","0207001002012317","MD","0207001002012317",0,0.02
"4966","0207001002011431","MD","0207001002011431",0.04,9.01
"4967","0207001002011828","MD","0207001002011828",0,0.28
"4968","0207001001023218","DC","0207001001023218",0,0.09
"4969","0207001002011432","MD","0207001002011432",0.13,33.05
"4970","0207001002012306","MD","0207001002012306",0,0.23
"4971","0207001002011433","MD","0207001002011433",0.07,17.04
"4972","0207001002011434","MD","0207001002011434",0.29,72.22
"4973","0207001002011812","MD","0207001002011812",0.02,5.41
"4974","0207001002011435","MD","0207001002011435",0.04,10.96
"4975","0207001002011436","MD","0207001002011436",0.64,157.4
"4976","0207001002011815","MD","0207001002011815",0.34,83.42
"4977","0207001002011816","MD","0207001002011816",0.25,60.63
"4978","0207001002011817","MD","0207001002011817",0.02,3.87
"4979","0207001002011437","MD","0207001002011437",0.1,23.79
"4980","0207001002011813","MD","0207001002011813",0.05,11.22
"4981","0207001002011814","MD","0207001002011814",0.01,3.09
"4982","0207001002011818","MD","0207001002011818",0.09,21.13
"4983","0207001002011821","MD","0207001002011821",0.07,17.23
"4984","0207001002011822","MD","0207001002011822",0.3,74.95
"4985","0207001002012061","MD","0207001002012061",0.01,3.52
"4986","0207001002012062","MD","0207001002012062",0.07,16.92
"4987","0207001002012307","MD","0207001002012307",0.01,3.54
"4988","0207001002012063","MD","0207001002012063",0.08,19.26
"4989","0207001002012312","MD","0207001002012312",0,0.98
"4990","0207001002012064","MD","0207001002012064",0.14,33.84
"4991","0207001002012301","MD","0207001002012301",0.03,8.33
"4992","0207001002012304","MD","0207001002012304",0.04,9.37
"4993","0207001002012302","MD","0207001002012302",0.07,17.69
"4994","0207001002012322","MD","0207001002012322",0.01,3.22
"4995","0207001002012323","MD","0207001002012323",0.18,44.73
"4996","0207001002012303","MD","0207001002012303",0.07,18.24
"4997","0207001002012305","MD","0207001002012305",0.02,5.51
"4998","0207001002012609","MD","0207001002012609",0.03,7.64
"4999","0207001002012610","MD","0207001002012610",0.45,111.63
"5000","0207001002012611","MD","0207001002012611",0.02,6.15
"5001","0207001002012612","MD","0207001002012612",0.04,9.05
"5002","0207001002011440","MD","0207001002011440",0,0.54
"5003","0207001001023605","DC","0207001001023605",0.01,1.64
"5004","0207001002011441","MD","0207001002011441",0.05,11.81
"5005","0207001002011442","MD","0207001002011442",0.04,8.92
"5006","0207001002011443","MD","0207001002011443",0.1,23.7
"5007","0207001002011444","MD","0207001002011444",0.14,34.96
"5008","0207001002011445","MD","0207001002011445",0.21,52.85
"5009","0207001002011301","MD","0207001002011301",0.09,21.63
"5010","0207001001023606","DC","0207001001023606",0,0.93
"5011","0207001001023607","DC","0207001001023607",1.21,298.66
"5012","0207001001023608","DC","0207001001023608",0.24,59.9
"5013","0207001001023609","DC","0207001001023609",0,0.01
"5014","0207001002011303","MD","0207001002011303",0.05,12.67
"5015","0207001002011304","MD","0207001002011304",0.01,1.8
"5016","0207001001030130","VA","0207001001030130",0.58,144.33
"5017","0207001001030131","VA","0207001001030131",0.16,39.57
"5018","0207001002011305","MD","0207001002011305",0.14,34.91
"5019","0207001002011307","MD","0207001002011307",0.16,40.43
"5020","0207001002011823","MD","0207001002011823",0.05,13.33
"5021","0207001003011303","DC","0207001003011303",0.04,8.69
"5022","0207001002011824","MD","0207001002011824",0.06,14.49
"5023","0207001002011825","MD","0207001002011825",0.02,5.21
"5024","0207001002012309","MD","0207001002012309",0.05,12.61
"5025","0207001002012310","MD","0207001002012310",0.02,4.53
"5026","0207001002012308","MD","0207001002012308",0.16,39.43
"5027","0207001002012311","MD","0207001002012311",0.14,33.96
"5028","0207001002012313","MD","0207001002012313",0.06,14.9
"5029","0207001002012617","MD","0207001002012617",0.02,5.98
"5030","0207001002012314","MD","0207001002012314",0.11,28.01
"5031","0207001002012618","MD","0207001002012618",0.02,3.73
"5032","0207001002012315","MD","0207001002012315",0.07,17.77
"5033","0207001002012619","MD","0207001002012619",0.01,3.06
"5034","0207001002012620","MD","0207001002012620",0.08,18.73
"5035","0207001002012621","MD","0207001002012621",0.01,2.13
"5036","0207001002012622","MD","0207001002012622",0.02,5.09
"5037","0207001002011308","MD","0207001002011308",0.03,8.21
"5038","0207001002012623","MD","0207001002012623",0.15,38.12
"5039","0207001002011309","MD","0207001002011309",0.1,23.75
"5040","0207001002011310","MD","0207001002011310",0.37,90.55
"5041","0207001002011311","MD","0207001002011311",0.35,86.21
"5042","0207001002042210","DC","0207001002042210",0,0.74
"5043","0207001002011312","MD","0207001002011312",0.06,15.29
"5044","0207001002040916","DC,MD","0207001002040916",0.01,1.89
"5045","0207001002011313","MD","0207001002011313",0.13,31.72
"5046","0207001002040918","MD","0207001002040918",0.27,66.44
"5047","0207001002040919","DC,MD","0207001002040919",0.31,77.35
"5048","0207001002011314","MD","0207001002011314",0.07,17.81
"5049","0207001002040111","DC,MD","0207001002040111",0.02,4.42
"5050","0207001002011315","MD","0207001002011315",0.09,22.42
"5051","0207001003011609","DC","0207001003011609",0,0.33
"5052","0207001002011834","MD","0207001002011834",0.08,18.59
"5053","0207001002011835","MD","0207001002011835",0,0.42
"5054","0207001002011829","MD","0207001002011829",0,0.44
"5055","0207001002011831","MD","0207001002011831",0.02,5.42
"5056","0207001002011832","MD","0207001002011832",0.02,5.97
"5057","0207001002012318","MD","0207001002012318",0.02,4.79
"5058","0207001002012328","MD","0207001002012328",0.03,7.97
"5059","0207001002012329","MD","0207001002012329",0.24,59.46
"5060","0207001002012319","MD","0207001002012319",0.03,6.87
"5061","0207001002012320","MD","0207001002012320",0.01,3.21
"5062","0207001002012321","MD","0207001002012321",0.08,19.48
"5063","0207001002012324","MD","0207001002012324",0.08,20.93
"5064","0207001002042314","DC","0207001002042314",0.02,4.02
"5065","0207001002012325","MD","0207001002012325",0.13,31.7
"5066","0207001002012326","MD","0207001002012326",0.28,68.4
"5067","0207001002012327","MD","0207001002012327",0.06,13.92
"5068","0207001002011837","MD","0207001002011837",0.01,3.23
"5069","0207001002011838","MD","0207001002011838",0.27,67.15
"5070","0207001002012330","MD","0207001002012330",0.02,5.54
"5071","0207001002012332","MD","0207001002012332",0.05,13.17
"5072","0207001002012331","MD","0207001002012331",0.12,28.71
"5073","0207001002012333","MD","0207001002012333",0.04,9.45
"5074","0207001002010449","MD","0207001002010449",0.01,2.09
"5075","0207001002010450","MD","0207001002010450",0.07,17.79
"5076","0207001002010451","MD","0207001002010451",0.01,2.95
"5077","0207001002011601","MD","0207001002011601",0.04,10.76
"5078","0207001002011605","MD","0207001002011605",0.02,4.62
"5079","0207001002011602","MD","0207001002011602",0.16,39.54
"5080","0207001002011603","MD","0207001002011603",0.1,25.6
"5081","0207001002011604","MD","0207001002011604",0.13,32.54
"5082","0207001002011606","MD","0207001002011606",0.02,5.05
"5083","0207001002011607","MD","0207001002011607",0.03,8.3
"5084","0207001002011317","MD","0207001002011317",0.07,17.45
"5085","0207001002043214","DC","0207001002043214",0,0.85
"5086","0207001002011608","MD","0207001002011608",0.08,19.64
"5087","0207001002011609","MD","0207001002011609",0.33,80.89
"5088","0207001002011610","MD","0207001002011610",0.04,9.52
"5089","0207001002011836","MD","0207001002011836",0.01,1.32
"5090","0207001003011818","MD","0207001003011818",0,0.87
"5091","0207001002012335","MD","0207001002012335",0.09,22.82
"5092","0207001002012336","MD","0207001002012336",0.08,19.59
"5093","0207001002010452","MD","0207001002010452",0.01,1.73
"5094","0207001002010453","MD","0207001002010453",0.13,31.17
"5095","0207001002011103","MD","0207001002011103",0.02,4.45
"5096","0207001002011104","MD","0207001002011104",0.06,14.37
"5097","0207001002011105","MD","0207001002011105",0.15,36.57
"5098","0207001002011106","MD","0207001002011106",0.03,8.64
"5099","0207001002011611","MD","0207001002011611",0.03,7.57
"5100","0207001002011107","MD","0207001002011107",0.08,19.63
"5101","0207001002011612","MD","0207001002011612",0.08,18.66
"5102","0207001002011613","MD","0207001002011613",0,0.57
"5103","0207001002011614","MD","0207001002011614",0.13,32.53
"5104","0207001002011842","MD","0207001002011842",0.02,4.15
"5105","0207001002012337","MD","0207001002012337",0.01,1.95
"5106","0207001002012338","MD","0207001002012338",0.24,60.37
"5107","0207001002012339","MD","0207001002012339",0.09,22.8
"5108","0207001002043320","DC","0207001002043320",0.01,1.54
"5109","0207001002012340","MD","0207001002012340",0.12,30.21
"5110","0207001002012341","MD","0207001002012341",0.4,99.86
"5111","0207001001023220","DC","0207001001023220",0.04,10.35
"5112","0207001001023221","DC","0207001001023221",0,1.05
"5113","0207001001023615","DC","0207001001023615",0.06,14.25
"5114","0207001001023616","DC","0207001001023616",0,0.02
"5115","0207001002040112","DC","0207001002040112",0.01,2.58
"5116","0207001001023617","DC","0207001001023617",0.01,3.44
"5117","0207001001023618","DC","0207001001023618",0,0.01
"5118","0207001001030136","VA","0207001001030136",0.04,10.07
"5119","0207001001023612","DC","0207001001023612",0.08,19.33
"5120","0207001001023613","DC","0207001001023613",0,0
"5121","0207001001030133","VA","0207001001030133",0.12,30.61
"5122","0207001002040113","DC,MD","0207001002040113",0.42,103.32
"5123","0207001001030134","VA","0207001001030134",0.08,20.23
"5124","0207001001030135","VA","0207001001030135",0.07,16.81
"5125","0207001001030137","VA","0207001001030137",0.04,8.95
"5126","0207001001022735","DC","0207001001022735",0,0.96
"5127","0207001001022736","DC","0207001001022736",0,0.06
"5128","0207001001022738","DC","0207001001022738",0.06,13.94
"5129","0207001001023222","DC","0207001001023222",0.01,2.89
"5130","0207001001023224","DC","0207001001023224",0.09,23.14
"5131","0207001001023225","DC","0207001001023225",0,0.01
"5132","0207001001023226","DC","0207001001023226",0,0.28
"5133","0207001001023622","DC","0207001001023622",0.05,11.92
"5134","0207001001023623","DC","0207001001023623",0,0.04
"5135","0207001001023624","DC","0207001001023624",0,0.35
"5136","0207001001022824","DC","0207001001022824",0.04,8.75
"5137","0207001001022825","DC","0207001001022825",0,0.03
"5138","0207001001022826","DC","0207001001022826",0,0.06
"5139","0207001001022740","DC","0207001001022740",0,0.13
"5140","0207001001022741","DC","0207001001022741",0.02,5.57
"5141","0207001001022742","DC","0207001001022742",0.02,5.77
"5142","0207001001022743","DC","0207001001022743",0,0.69
"5143","0207001001022739","DC","0207001001022739",0.07,16.47
"5144","0207001002041602","DC,MD","0207001002041602",0.01,1.64
"5145","0207001002041603","DC,MD","0207001002041603",0.11,27.9
"5146","0207001001022745","DC","0207001001022745",0.05,11.78
"5147","0207001001022746","DC","0207001001022746",0,0
"5148","0207001001022747","DC","0207001001022747",0,0
"5149","0207001001022748","DC","0207001001022748",0,0
"5150","0207001001023231","DC","0207001001023231",0,0.02
"5151","0207001001023232","DC","0207001001023232",0,0.01
"5152","0207001001023233","DC","0207001001023233",0,0
"5153","0207001001023234","DC","0207001001023234",0.02,5.15
"5154","0207001001023227","DC","0207001001023227",0,0
"5155","0207001001023228","DC","0207001001023228",0.03,6.76
"5156","0207001001023230","DC","0207001001023230",0.04,8.67
"5157","0207001001023235","DC","0207001001023235",0,0.05
"5158","0207001002041604","DC","0207001002041604",0,0.35
"5159","0207001001023505","DC","0207001001023505",0.02,3.88
"5160","0207001001023506","DC","0207001001023506",0,0.21
"5161","0207001001023507","DC","0207001001023507",0.17,41.74
"5162","0207001001023508","DC","0207001001023508",0.64,157.01
"5163","0207001001023625","DC","0207001001023625",0,0.01
"5164","0207001002041605","DC","0207001002041605",0,0.17
"5165","0207001001023501","DC","0207001001023501",0.19,45.88
"5166","0207001001023504","DC","0207001001023504",0.04,9.82
"5167","0207001001023509","DC","0207001001023509",0.01,1.94
"5168","0207001001022828","DC","0207001001022828",0,1
"5169","0207001001022901","DC","0207001001022901",0.03,7
"5170","0207001001022902","DC","0207001001022902",0.02,6.07
"5171","0207001001022903","DC","0207001001022903",0,0.64
"5172","0207001001022904","DC","0207001001022904",0.02,4.09
"5173","0207001001022749","DC","0207001001022749",0,0.02
"5174","0207001001023238","DC","0207001001023238",0.02,4.19
"5175","0207001001023239","DC","0207001001023239",0,0.12
"5176","0207001001022750","DC","0207001001022750",0.15,36.64
"5177","0207001001023240","DC","0207001001023240",0,0.01
"5178","0207001001023241","DC","0207001001023241",0,0
"5179","0207001001023243","DC","0207001001023243",0.07,16.26
"5180","0207001001023702","DC","0207001001023702",0.02,4.11
"5181","0207001001023510","DC","0207001001023510",0.15,36.11
"5182","0207001001023511","DC","0207001001023511",0,0
"5183","0207001001022830","DC","0207001001022830",0.07,16.5
"5184","0207001001022831","DC","0207001001022831",0.01,1.83
"5185","0207001001022905","DC","0207001001022905",0.01,2.02
"5186","0207001001023301","DC","0207001001023301",0.03,7.16
"5187","0207001002041912","DC","0207001002041912",0.01,2.18
"5188","0207001001023246","DC","0207001001023246",0.03,8.22
"5189","0207001001023247","DC","0207001001023247",0,0.01
"5190","0207001001023248","DC","0207001001023248",0,0.63
"5191","0207001001023244","DC","0207001001023244",0.02,5.3
"5192","0207001001022836","DC","0207001001022836",0.02,4.81
"5193","0207001001023245","DC","0207001001023245",0.13,32.96
"5194","0207001001022837","DC","0207001001022837",0.26,64.6
"5195","0207001001023302","DC","0207001001023302",0.09,21.61
"5196","0207001001022838","DC","0207001001022838",0.01,1.65
"5197","0207001001023303","DC","0207001001023303",0.04,9.43
"5198","0207001001023703","DC","0207001001023703",0,0.63
"5199","0207001001023319","DC","0207001001023319",0.01,1.88
"5200","0207001001023704","DC","0207001001023704",0.04,9.51
"5201","0207001001023705","DC","0207001001023705",0.01,1.69
"5202","0207001001022839","DC","0207001001022839",0.02,5.24
"5203","0207001001022840","DC","0207001001022840",0.1,25.33
"5204","0207001001022832","DC","0207001001022832",0.03,8.12
"5205","0207001001022841","DC","0207001001022841",0.04,9.42
"5206","0207001001023320","DC","0207001001023320",0,0.71
"5207","0207001001022833","DC","0207001001022833",0.04,10.96
"5208","0207001001022834","DC","0207001001022834",0.03,6.53
"5209","0207001001022835","DC","0207001001022835",0.02,5.09
"5210","0207001001022842","DC","0207001001022842",0.72,176.75
"5211","0207001001022923","DC","0207001001022923",0.02,5.73
"5212","0207001001022601","DC","0207001001022601",0.03,6.19
"5213","0207001001022602","DC","0207001001022602",0.16,38.87
"5214","0207001001022906","DC","0207001001022906",0.01,1.58
"5215","0207001001022924","DC","0207001001022924",0.01,3.43
"5216","0207001001022925","DC","0207001001022925",0.83,203.88
"5217","0207001001023304","DC","0207001001023304",0.01,2.92
"5218","0207001001023306","DC","0207001001023306",0.05,12.25
"5219","0207001001023706","DC","0207001001023706",0,0.81
"5220","0207001001023723","DC","0207001001023723",0.03,8.21
"5221","0207001001023724","DC","0207001001023724",0,0.01
"5222","0207001001023725","DC","0207001001023725",0,0
"5223","0207001001023726","DC","0207001001023726",0,0.2
"5224","0207001001023727","DC","0207001001023727",0,0.01
"5225","0207001001023728","DC","0207001001023728",0,0
"5226","0207001001022609","DC","0207001001022609",0,0
"5227","0207001001022603","DC","0207001001022603",0.02,4.42
"5228","0207001001022604","DC","0207001001022604",0.02,4.6
"5229","0207001001022605","DC","0207001001022605",0.07,16.74
"5230","0207001001022614","DC","0207001001022614",0.02,4.25
"5231","0207001001022606","DC","0207001001022606",0.05,12.46
"5232","0207001001022607","DC,MD","0207001001022607",9.11,2251.31
"5233","0207001001022608","DC","0207001001022608",0,0
"5234","0207001001022613","DC","0207001001022613",0.25,61.47
"5235","0207001003010825","VA","0207001003010825",0,0.54
"5236","0207001001022927","DC","0207001001022927",0.02,5.13
"5237","0207001001022928","DC","0207001001022928",0,0
"5238","0207001001022929","DC","0207001001022929",0,0
"5239","0207001001022930","DC","0207001001022930",0,0.01
"5240","0207001001022931","DC","0207001001022931",0,0
"5241","0207001001022932","DC","Klingle Valley",0.01,3.56
"5242","0207001001023310","DC","0207001001023310",0.01,2.52
"5243","0207001001023311","DC","0207001001023311",0.28,68.38
"5244","0207001001023312","DC","0207001001023312",0,0.12
"5245","0207001001023313","DC","0207001001023313",0,0.51
"5246","0207001001023314","DC","0207001001023314",0.01,3.54
"5247","0207001001023315","DC","0207001001023315",0,0
"5248","0207001001023729","DC","0207001001023729",0.01,2.17
"5249","0207001001023730","DC","0207001001023730",0,0.01
"5250","0207001001023731","DC","0207001001023731",0,0.05
"5251","0207001001023732","DC","0207001001023732",0,0.08
"5252","0207001001023003","DC","Jackson Hill",0.04,10.19
"5253","0207001001023004","DC","0207001001023004",0,0.02
"5254","0207001001023321","DC","0207001001023321",0.02,4.14
"5255","0207001001023005","DC","Linnean Hill",0.04,9.06
"5256","0207001001023316","DC","0207001001023316",0,0.12
"5257","0207001001023317","DC","0207001001023317",0,0.92
"5258","0207001001023318","DC","0207001001023318",0.05,12.7
"5259","0207001001023734","DC","0207001001023734",0.01,3.09
"5260","0207001001023735","DC","0207001001023735",0,0.01
"5261","0207001001023737","DC","Rock Creek Valley-Rock Creek",0.05,12.16
"5262","0207001001023738","DC","0207001001023738",0,0
"5263","0207001001022704","DC","0207001001022704",0,0.17
"5264","0207001001023322","DC","0207001001023322",0.02,5.54
"5265","0207001001023323","DC","0207001001023323",0.01,1.43
"5266","0207001001023743","DC","0207001001023743",0,0.18
"5267","0207001001023740","DC","0207001001023740",0.03,7.55
"5268","0207001001023741","DC","0207001001023741",0,0.15
"5269","0207001001022713","DC","0207001001022713",0.01,2.88
"5270","0207001001023742","DC","0207001001023742",0.01,3.34
"5271","0207001001022706","DC","0207001001022706",0.01,2.84
"5272","0207001001023013","DC","0207001001023013",0,0.16
"5273","0207001001023014","DC","0207001001023014",0,0
"5274","0207001001023010","DC","0207001001023010",0.09,22.1
"5275","0207001001023011","DC","0207001001023011",0,0.04
"5276","0207001001023015","DC","0207001001023015",0,0.03
"5277","0207001001023012","DC","0207001001023012",0.05,12.06
"5278","0207001001023326","DC","0207001001023326",0,0.03
"5279","0207001001023327","DC","0207001001023327",0.01,1.43
"5280","0207001001023328","DC","Cherry Hill",0.03,8.47
"5281","0207001001023329","DC","0207001001023329",2.09,515.66
"5282","0207001001023016","DC","0207001001023016",0.01,1.88
"5283","0207001001023330","DC","0207001001023330",0.06,15.15
"5284","0207001001023324","DC","0207001001023324",0,0.05
"5285","0207001001023335","DC","0207001001023335",0,0.01
"5286","0207001001023325","DC","0207001001023325",0.09,21.04
"5287","0207001001023331","DC","0207001001023331",0.17,42.56
"5288","0207001001023332","DC","0207001001023332",0,0
"5289","0207001001023751","DC","0207001001023751",0,0.05
"5290","0207001001023017","DC","0207001001023017",0.08,19.2
"5291","0207001001023018","DC","0207001001023018",0,0
"5292","0207001001023019","DC","0207001001023019",0,0.01
"5293","0207001001023333","DC","0207001001023333",0,0.02
"5294","0207001001023334","DC","0207001001023334",0,0.03
"5295","0207001001023336","DC","0207001001023336",0.02,5.82
"5296","0207001001023337","DC","0207001001023337",0.23,55.67
"5297","0207001001023338","DC","0207001001023338",0,0.02
"5298","0207001001023339","DC","0207001001023339",0,0
"5299","0207001001023340","DC","0207001001023340",0,0.02
"5300","0207001001023341","DC","0207001001023341",0,0.89
"5301","0207001001023752","DC","0207001001023752",0,0
"5302","0207001001023758","DC","0207001001023758",0.02,4.49
"5303","0207001001023750","DC","0207001001023750",0,0.7
"5304","0207001001022714","DC","0207001001022714",0,0.47
"5305","0207001001022715","DC","0207001001022715",0.02,5.36
"5306","0207001001022716","DC","0207001001022716",0.02,5.11
"5307","0207001001023026","DC","0207001001023026",0.14,34.7
"5308","0207001001023028","DC","0207001001023028",0.03,7.8
"5309","0207001001023021","DC","0207001001023021",0.01,3.63
"5310","0207001001023022","DC","0207001001023022",0,0.01
"5311","0207001001023101","DC","0207001001023101",0.32,79.29
"5312","0207001001023020","DC","0207001001023020",0.1,24.9
"5313","0207001001023102","DC","0207001001023102",0.01,2.19
"5314","0207001001023103","DC","0207001001023103",0,1.16
"5315","0207001001023342","DC","0207001001023342",0,0.17
"5316","0207001001023343","DC","0207001001023343",0.01,2.62
"5317","0207001001023344","DC","0207001001023344",0,0.86
"5318","0207001001023345","DC","0207001001023345",0,0.01
"5319","0207001001023346","DC","0207001001023346",0,0.27
"5320","0207001001023347","DC","0207001001023347",0,0.02
"5321","0207001001023348","DC","0207001001023348",0.3,74.21
"5322","0207001001023759","DC","0207001001023759",0.29,72.85
"5323","0207001001023761","DC","0207001001023761",0.02,5.06
"5324","0207001001023762","DC","0207001001023762",0,0
"5325","0207001001023763","DC","0207001001023763",0,0.01
"5326","0207001001023764","DC","0207001001023764",0,0.01
"5327","0207001001023765","DC","0207001001023765",0,0
"5328","0207001001023766","DC","0207001001023766",0,0.01
"5329","0207001001023767","DC","0207001001023767",0,0.01
"5330","0207001001023104","DC","0207001001023104",0.05,11.3
"5331","0207001001023105","DC","0207001001023105",0,0.89
"5332","0207001001023106","DC","0207001001023106",0,0.01
"5333","0207001001023202","DC","0207001001023202",0.02,4.82
"5334","0207001001023203","DC","0207001001023203",0,0.5
"5335","0207001001023204","DC","0207001001023204",0.03,6.68
"5336","0207001001023349","DC","0207001001023349",0.11,26.24
"5337","0207001001023352","DC","0207001001023352",0.01,2.04
"5338","0207001001023401","DC","0207001001023401",0.03,6.6
"5339","0207001001023402","DC","Lees Hill",0.41,102.11
"5340","0207001001023768","DC","0207001001023768",0.03,7.01
"5341","0207001001023769","DC","0207001001023769",0,0.01
"5342","0207001001023770","DC","0207001001023770",0,0.65
"5343","0207001001030102","VA","0207001001030102",0.03,8.33
"5344","0207001001022724","DC","0207001001022724",0.02,4.91
"5345","0207001001030103","VA","0207001001030103",0.06,14.11
"5346","0207001001022725","DC","0207001001022725",0.01,1.82
"5347","0207001001030104","VA","0207001001030104",0.05,12.97
"5348","0207001001023205","DC","0207001001023205",0.01,2.66
"5349","0207001001030105","VA","0207001001030105",0.07,17.62
"5350","0207001001030106","VA","0207001001030106",0.06,15.64
"5351","0207001001022720","DC","0207001001022720",0,0.01
"5352","0207001001022721","DC","0207001001022721",0,0.16
"5353","0207001001023208","DC","0207001001023208",0.03,6.79
"5354","0207001001023412","DC","0207001001023412",0.05,11.96
"5355","0207001001023209","DC","0207001001023209",0.04,10.49
"5356","0207001001023403","DC","0207001001023403",0.63,155.09
"5357","0207001001023404","DC","0207001001023404",0,0.01
"5358","0207001001023405","DC","0207001001023405",0,0.1
"5359","0207001001023407","DC","0207001001023407",0.09,22.37
"5360","0207001001023408","DC","0207001001023408",0.06,14.41
"5361","0207001001023409","DC","0207001001023409",0,0.02
"5362","0207001001030108","VA","0207001001030108",0,0.2
"5363","0207001001030109","VA","0207001001030109",0.4,98.77
"5364","0207001001023601","DC","0207001001023601",0.02,5.24
"5365","0207001001030110","VA","0207001001030110",0.26,64.23
"5366","0207001001022727","DC","0207001001022727",0.01,2.53
"5367","0207001001030107","VA","0207001001030107",0.11,26.29
"5368","0207001001023210","DC","0207001001023210",0,0.1
"5369","0207001001030111","VA","0207001001030111",0.03,8.37
"5370","0207001001030112","VA","0207001001030112",0,0.6
"5371","0207001001023211","DC","0207001001023211",0,0.06
"5372","0207001001023212","DC","0207001001023212",0,0.02
"5373","0207001001030113","VA","0207001001030113",0.05,12.03
"5374","0207001001023213","DC","0207001001023213",0,0.01
"5375","0207001001023214","DC","0207001001023214",0.16,40.51
"5376","0207001001023215","DC","0207001001023215",0,0.02
"5377","0207001001023216","DC","0207001001023216",0,0.11
"5378","0207001001030114","VA","0207001001030114",0.04,9.04
"5379","0207001001030115","VA","0207001001030115",0.11,27.96
"5380","0207001001023602","DC","0207001001023602",0,1.05
"5381","0207001001030116","VA","0207001001030116",0.01,2.85
"5382","0207001001022730","DC","0207001001022730",0.02,5.71
"5383","0207001001022731","DC","Piney Branch Valley",0.14,33.87
"5384","0207001001030117","VA","0207001001030117",0.07,17.03
"5385","0207001001022728","DC","0207001001022728",0,0.66
"5386","0207001001022729","DC","0207001001022729",0,0.24
"5387","0207001001030118","VA","0207001001030118",0.16,40.45
"5388","0207001001030119","VA","0207001001030119",0.13,31.33
"5389","0207001001030120","VA","0207001001030120",0.07,18.39
"5390","0207001001030121","VA","0207001001030121",0,0.13
"5391","0207001001030122","VA","0207001001030122",0.68,168.83
"5392","0207001001030123","VA","0207001001030123",0.44,107.72
"5393","0207001001030124","VA","0207001001030124",0.35,85.62
"5394","0207001001030125","VA","0207001001030125",0.06,15.92
"5395","0207001001030126","VA","0207001001030126",0.95,233.75
"5396","0207001001030127","VA","0207001001030127",0.17,42.02
"5397","0207001001022732","DC","0207001001022732",0,0.44
"5398","0207001001023610","DC","0207001001023610",0.05,12.91
"5399","0207001001023611","DC","0207001001023611",0,0.1
"5400","0207001001030128","VA","0207001001030128",0.01,3.25
"5401","0207001001030129","VA","0207001001030129",0.26,64.86
"5402","0207001002042211","DC","0207001002042211",0.08,18.64
"5403","0207001002042212","DC","0207001002042212",0.03,7.8
"5404","0207001002042108","DC","0207001002042108",0.01,3.69
"5405","0207001002042213","DC","0207001002042213",0.02,3.78
"5406","0207001002042214","DC","0207001002042214",0.04,8.72
"5407","0207001002042215","DC","0207001002042215",0.06,14.76
"5408","0207001002042216","DC","0207001002042216",0.03,7.72
"5409","0207001002042217","DC","0207001002042217",0,0
"5410","0207001002042218","DC","0207001002042218",0.08,20.7
"5411","0207001002042219","DC","0207001002042219",0.03,6.39
"5412","0207001002042220","DC","0207001002042220",0.03,7.73
"5413","0207001002042221","DC","0207001002042221",0,0.01
"5414","0207001002040107","DC,MD","0207001002040107",0.02,5.96
"5415","0207001002040917","MD","0207001002040917",0.07,16.89
"5416","0207001002040101","DC","0207001002040101",0.03,7.17
"5417","0207001002040102","DC","0207001002040102",0.02,3.94
"5418","0207001002040103","DC,MD","Hoover Hill",0.77,189.4
"5419","0207001002040104","DC,MD","0207001002040104",0.12,28.89
"5420","0207001002040105","DC,MD","0207001002040105",0.06,13.87
"5421","0207001002040106","MD","0207001002040106",0.24,59.12
"5422","0207001002041414","MD","0207001002041414",0.11,26.62
"5423","0207001002041415","MD","0207001002041415",0.03,7.43
"5424","0207001002041417","MD","0207001002041417",0.05,12.74
"5425","0207001002041416","MD","0207001002041416",0.13,31.67
"5426","0207001002041601","DC,MD","0207001002041601",0.14,34.71
"5427","0207001002041418","MD","0207001002041418",0.07,16.08
"5428","0207001002041419","MD","0207001002041419",0.59,145.75
"5429","0207001002041420","MD","0207001002041420",0.24,58.96
"5430","0207001002041904","DC","0207001002041904",0,0.56
"5431","0207001002041421","MD","0207001002041421",0.18,43.48
"5432","0207001002041905","DC","0207001002041905",0.01,2.59
"5433","0207001002041909","DC","0207001002041909",0.02,4.72
"5434","0207001002041906","DC","0207001002041906",0.06,15.85
"5435","0207001002042224","DC","0207001002042224",0,0.2
"5436","0207001002041907","DC","0207001002041907",0.03,7.13
"5437","0207001002041908","DC","0207001002041908",0.15,35.99
"5438","0207001002042225","DC","0207001002042225",0,0.25
"5439","0207001002042226","DC","0207001002042226",0.13,33.21
"5440","0207001002041910","DC","0207001002041910",0.05,11.53
"5441","0207001002041911","DC","0207001002041911",0.23,57.87
"5442","0207001002042222","DC","0207001002042222",0,0.15
"5443","0207001002042223","DC","0207001002042223",0,0.2
"5444","0207001002040108","MD","0207001002040108",0.13,32.12
"5445","0207001002040109","MD","0207001002040109",0.18,44.04
"5446","0207001002040110","DC,MD","0207001002040110",0.21,52.29
"5447","0207001002040114","MD","0207001002040114",0.08,20.64
"5448","0207001002040115","DC,MD","0207001002040115",0.01,2.11
"5449","0207001002040116","DC","0207001002040116",0.07,17.38
"5450","0207001002040117","DC","0207001002040117",0.2,49.57
"5451","0207001002041606","DC","0207001002041606",0.02,5.16
"5452","0207001002041607","DC,MD","0207001002041607",0.05,12.71
"5453","0207001002041913","DC","0207001002041913",0.02,4.03
"5454","0207001002041914","DC","0207001002041914",0,0.51
"5455","0207001002041917","DC","0207001002041917",0.02,3.98
"5456","0207001002041915","DC","0207001002041915",0.05,12.64
"5457","0207001002041916","DC","0207001002041916",0.15,37.47
"5458","0207001002041918","DC","0207001002041918",0.04,9.1
"5459","0207001002042301","DC","0207001002042301",0.01,1.71
"5460","0207001002041919","DC","0207001002041919",0.06,15.38
"5461","0207001002042229","DC","0207001002042229",0,0.97
"5462","0207001002040202","MD","0207001002040202",1.24,305.98
"5463","0207001002042227","DC","0207001002042227",0.02,3.9
"5464","0207001002042228","DC","0207001002042228",0.16,39.02
"5465","0207001002040118","DC,MD","0207001002040118",0.99,243.75
"5466","0207001002040201","MD","0207001002040201",0.03,7.18
"5467","0207001002040203","MD","0207001002040203",0.06,14.54
"5468","0207001002040204","MD","0207001002040204",0.26,63.83
"5469","0207001002040208","MD","0207001002040208",0,0.22
"5470","0207001002040205","MD","0207001002040205",0.03,6.27
"5471","0207001002040206","MD","0207001002040206",0.02,3.99
"5472","0207001002040207","DC","0207001002040207",0.14,33.62
"5473","0207001002040209","MD","0207001002040209",0.07,16.56
"5474","0207001002040210","MD","0207001002040210",0.25,62.56
"5475","0207001002041611","DC","0207001002041611",0.03,8.44
"5476","0207001002041608","DC","0207001002041608",0,0.29
"5477","0207001002041921","DC","0207001002041921",0.01,1.42
"5478","0207001002041922","DC","0207001002041922",0,0.27
"5479","0207001002041923","DC","0207001002041923",0.09,23.37
"5480","0207001002042001","DC","0207001002042001",0.38,93.21
"5481","0207001002042002","DC","0207001002042002",0.07,18.39
"5482","0207001002042023","DC","0207001002042023",0.02,3.74
"5483","0207001002042003","DC","0207001002042003",0.12,29.31
"5484","0207001002042004","DC","0207001002042004",0.05,12.9
"5485","0207001002042303","DC","0207001002042303",0.02,5.12
"5486","0207001002042005","DC","0207001002042005",0.07,17.51
"5487","0207001002042304","DC","0207001002042304",0,0.92
"5488","0207001002041920","DC","0207001002041920",0.06,14.61
"5489","0207001002042302","DC","0207001002042302",0,0.71
"5490","0207001002040213","MD","0207001002040213",0.03,7.46
"5491","0207001002040214","DC","0207001002040214",0.02,5.66
"5492","0207001002040215","MD","0207001002040215",0.33,80.45
"5493","0207001002040216","MD","0207001002040216",0.08,20.95
"5494","0207001002041612","DC","0207001002041612",0.05,11.65
"5495","0207001002041613","DC","0207001002041613",0.02,5.29
"5496","0207001002041616","DC","0207001002041616",0.04,10.36
"5497","0207001002041617","DC","0207001002041617",0.03,7.52
"5498","0207001002041621","DC","0207001002041621",0.08,19.94
"5499","0207001002041622","DC","0207001002041622",0,0.32
"5500","0207001002042306","DC","0207001002042306",0.01,3.61
"5501","0207001002042307","DC","0207001002042307",0,0.5
"5502","0207001002042308","DC","0207001002042308",0.01,2.32
"5503","0207001002042309","DC","0207001002042309",0.04,8.77
"5504","0207001002042310","DC","0207001002042310",0.02,4.53
"5505","0207001002040222","DC,MD","0207001002040222",0.08,18.97
"5506","0207001002043206","DC","0207001002043206",0.01,3.38
"5507","0207001002040223","MD","0207001002040223",0.01,3.54
"5508","0207001002040224","DC","0207001002040224",0,0.79
"5509","0207001002040225","MD","0207001002040225",1.2,296.67
"5510","0207001002040226","DC,MD","0207001002040226",0.26,64.62
"5511","0207001002041001","DC,MD","0207001002041001",1.68,414.66
"5512","0207001002042322","DC","0207001002042322",0.02,5.67
"5513","0207001002041002","DC","0207001002041002",0.04,10.8
"5514","0207001002041631","DC","0207001002041631",0.03,8.1
"5515","0207001002041003","DC","0207001002041003",0.03,7.46
"5516","0207001002041004","DC","0207001002041004",0,0.11
"5517","0207001002042312","DC","0207001002042312",0.03,8.59
"5518","0207001002041005","DC","0207001002041005",0.11,27.31
"5519","0207001002041623","DC","0207001002041623",0,0.03
"5520","0207001002041624","DC","0207001002041624",0,0.02
"5521","0207001002041632","DC","0207001002041632",0,0
"5522","0207001002041625","DC","0207001002041625",0.02,5.03
"5523","0207001002041626","DC","0207001002041626",0,0.6
"5524","0207001002041627","DC","0207001002041627",0.01,2.17
"5525","0207001002041628","DC","0207001002041628",0.03,8.32
"5526","0207001002042009","DC","0207001002042009",0.01,3.01
"5527","0207001002042010","DC","0207001002042010",0.09,21.08
"5528","0207001002042011","DC,MD","0207001002042011",1.92,474.43
"5529","0207001002042012","DC","0207001002042012",0,0.04
"5530","0207001002042315","DC","0207001002042315",0.07,16.48
"5531","0207001002041006","DC","0207001002041006",0,1.14
"5532","0207001002041007","DC","0207001002041007",0.02,5.62
"5533","0207001002041010","DC","0207001002041010",0.01,2.71
"5534","0207001002041011","DC","0207001002041011",0,0.14
"5535","0207001002041008","DC","0207001002041008",0.05,11.85
"5536","0207001002041012","DC","0207001002041012",0.01,1.28
"5537","0207001002041009","DC","0207001002041009",0.1,23.71
"5538","0207001002043207","DC","0207001002043207",0.01,1.33
"5539","0207001002041633","DC","0207001002041633",0.02,5.69
"5540","0207001002042015","DC","0207001002042015",0,0.98
"5541","0207001002042016","DC","0207001002042016",0,0.6
"5542","0207001002042017","DC","0207001002042017",0.52,129.65
"5543","0207001003010217","VA","0207001003010217",0.34,85.03
"5544","0207001002042018","DC","0207001002042018",0.06,14.8
"5545","0207001002042317","DC","0207001002042317",0.01,1.29
"5546","0207001002042318","DC","0207001002042318",0.07,18.44
"5547","0207001002042319","DC","0207001002042319",0.01,2.28
"5548","0207001002042316","DC","0207001002042316",0.02,4.06
"5549","0207001002041013","DC","0207001002041013",0.01,1.48
"5550","0207001002041022","DC","0207001002041022",0.01,1.92
"5551","0207001002041014","DC","0207001002041014",0.03,7.8
"5552","0207001002041018","DC","0207001002041018",0.02,4.59
"5553","0207001002041015","DC","0207001002041015",0.03,7.52
"5554","0207001002041019","DC","0207001002041019",0,0.62
"5555","0207001002041016","DC","0207001002041016",0.02,5.54
"5556","0207001002041020","DC","0207001002041020",0.01,3.26
"5557","0207001002041017","DC","0207001002041017",0.08,18.57
"5558","0207001002041639","DC","0207001002041639",0,0.03
"5559","0207001002041021","DC","0207001002041021",0.02,3.83
"5560","0207001002041634","DC","0207001002041634",0.01,3.59
"5561","0207001002041635","DC,MD","0207001002041635",0.63,155.45
"5562","0207001002042019","DC","0207001002042019",0.01,2.04
"5563","0207001002041636","DC,MD","0207001002041636",0.09,21.66
"5564","0207001002041637","DC,MD","0207001002041637",0.43,106.36
"5565","0207001002041638","DC","0207001002041638",0,0.3
"5566","0207001002042020","DC","0207001002042020",0.01,3.57
"5567","0207001002042021","DC","0207001002042021",0,1.05
"5568","0207001002042022","DC","0207001002042022",0.03,7.06
"5569","0207001002042101","DC","0207001002042101",0.06,14.48
"5570","0207001002042320","DC","0207001002042320",0,0.09
"5571","0207001002042321","DC","0207001002042321",0.01,1.94
"5572","0207001002041023","DC","0207001002041023",0.01,3.25
"5573","0207001002041717","DC","0207001002041717",0.03,7.31
"5574","0207001002041718","DC","0207001002041718",0.31,77.22
"5575","0207001002041024","DC","0207001002041024",0.1,25.88
"5576","0207001002041025","DC","0207001002041025",0.02,5.82
"5577","0207001002041026","DC","0207001002041026",0,0.33
"5578","0207001002041027","DC","0207001002041027",0.27,67.72
"5579","0207001002041101","DC","0207001002041101",0.42,104.66
"5580","0207001002041716","DC","0207001002041716",0.05,11.76
"5581","0207001002042105","DC","0207001002042105",0.04,10.52
"5582","0207001002041719","DC","0207001002041719",0.08,20.15
"5583","0207001002042104","DC","0207001002042104",0,0.14
"5584","0207001002042106","DC","0207001002042106",0.03,7.21
"5585","0207001002042107","DC","0207001002042107",0.02,6.15
"5586","0207001002042109","DC","0207001002042109",0.02,4.41
"5587","0207001002042102","DC","0207001002042102",0.03,6.98
"5588","0207001002042103","DC","0207001002042103",0.06,15.93
"5589","0207001002042323","DC","0207001002042323",0.01,1.27
"5590","0207001002042324","DC","0207001002042324",0.05,12.39
"5591","0207001002042325","DC","0207001002042325",0.01,1.98
"5592","0207001002041102","DC","0207001002041102",2.46,608.3
"5593","0207001002041103","DC","0207001002041103",0.02,4.42
"5594","0207001002041104","DC","0207001002041104",0.15,36.04
"5595","0207001002041105","DC","0207001002041105",0.06,15.72
"5596","0207001002041201","DC","0207001002041201",0.04,10.89
"5597","0207001002041708","DC","0207001002041708",0.01,2.59
"5598","0207001002041202","DC","0207001002041202",0.08,20.37
"5599","0207001002041203","DC","0207001002041203",0.01,2.76
"5600","0207001002041204","DC","0207001002041204",0.27,66.34
"5601","0207001002041205","DC","0207001002041205",0.03,7.44
"5602","0207001002041640","DC","0207001002041640",0.02,3.76
"5603","0207001002041701","DC","0207001002041701",0,0.07
"5604","0207001002041206","DC","0207001002041206",0.1,25.19
"5605","0207001002041709","DC","0207001002041709",0,0.05
"5606","0207001002041710","DC","0207001002041710",0.15,37.88
"5607","0207001002041711","DC","0207001002041711",0,0.13
"5608","0207001002041702","DC","0207001002041702",0.02,4.11
"5609","0207001002042112","DC","0207001002042112",0.01,1.98
"5610","0207001002042113","DC","0207001002042113",0.02,5.76
"5611","0207001002042114","DC","0207001002042114",0.02,6.1
"5612","0207001002042116","DC","0207001002042116",0.02,4.66
"5613","0207001002041712","DC","0207001002041712",0,0.04
"5614","0207001002041713","DC","0207001002041713",0.28,70.1
"5615","0207001002042115","DC","0207001002042115",0.1,23.59
"5616","0207001002042326","DC","0207001002042326",0.01,1.48
"5617","0207001002042110","DC","0207001002042110",0.01,3.07
"5618","0207001002042111","DC","0207001002042111",0.06,14.65
"5619","0207001002042328","DC","0207001002042328",0.05,11.52
"5620","0207001002041208","DC","0207001002041208",0.01,2.76
"5621","0207001002041207","DC","0207001002041207",0.1,25.3
"5622","0207001002041209","DC","0207001002041209",0.01,2.46
"5623","0207001002041210","DC","0207001002041210",0.02,4.93
"5624","0207001002041703","DC","0207001002041703",0,0.91
"5625","0207001002041704","DC","0207001002041704",0,0.02
"5626","0207001002041705","DC,MD","0207001002041705",0.2,49.09
"5627","0207001002041211","DC","0207001002041211",0.05,11.18
"5628","0207001002042118","DC","0207001002042118",0,0.16
"5629","0207001002042329","DC","0207001002042329",0,0.18
"5630","0207001002042330","DC","0207001002042330",0.48,117.94
"5631","0207001002041212","DC","0207001002041212",0.04,10.31
"5632","0207001002041213","DC","0207001002041213",0,0.44
"5633","0207001002041706","DC","0207001002041706",0.04,9.27
"5634","0207001002041707","DC","0207001002041707",0,0.02
"5635","0207001002042117","DC","0207001002042117",0.01,3.26
"5636","0207001002042401","DC","0207001002042401",0.02,6.11
"5637","0207001002042402","DC","0207001002042402",0.03,6.64
"5638","0207001002041215","DC","0207001002041215",0.04,10.63
"5639","0207001002041216","DC","0207001002041216",0,0.15
"5640","0207001002041726","DC","0207001002041726",0.01,1.86
"5641","0207001002041217","DC","0207001002041217",0.21,51.81
"5642","0207001002041220","DC","0207001002041220",0.17,41.46
"5643","0207001002041221","DC","0207001002041221",0.02,4.99
"5644","0207001002041222","DC","0207001002041222",0,0.07
"5645","0207001003011004","VA","0207001003011004",0.01,2.74
"5646","0207001002041714","DC","0207001002041714",0.04,10.95
"5647","0207001002042124","DC","0207001002042124",0.04,9.8
"5648","0207001002041715","DC","0207001002041715",0.05,12.68
"5649","0207001002042119","DC","0207001002042119",0.01,2.86
"5650","0207001002042120","DC","0207001002042120",0.09,23.07
"5651","0207001002042125","DC","0207001002042125",0.01,3.7
"5652","0207001002042121","DC","0207001002042121",0.06,13.84
"5653","0207001002042122","DC","0207001002042122",0.07,18.25
"5654","0207001002042404","DC","0207001002042404",0.01,1.62
"5655","0207001002042123","DC","0207001002042123",0.04,10.1
"5656","0207001002042405","DC","0207001002042405",0.01,2.39
"5657","0207001002042126","DC","0207001002042126",0.04,10.77
"5658","0207001002042406","DC","0207001002042406",0.03,6.64
"5659","0207001002042127","DC","0207001002042127",0.05,12.12
"5660","0207001002041224","DC","0207001002041224",0.01,2.47
"5661","0207001002042128","DC","0207001002042128",0.19,46.44
"5662","0207001002041225","DC","0207001002041225",0.06,15.16
"5663","0207001002041301","DC","0207001002041301",0.2,49.2
"5664","0207001002041302","DC","0207001002041302",0.14,34.41
"5665","0207001002041303","DC","0207001002041303",0,0
"5666","0207001002041305","DC","0207001002041305",0.04,9.18
"5667","0207001002041306","DC","0207001002041306",0.02,4.05
"5668","0207001002041720","DC","0207001002041720",0.04,9.44
"5669","0207001002041721","DC","0207001002041721",0.01,2.14
"5670","0207001002041722","DC","0207001002041722",0,0.03
"5671","0207001002041725","DC","0207001002041725",0.03,7.56
"5672","0207001002042131","DC","0207001002042131",0.01,3.29
"5673","0207001002042132","DC","0207001002042132",0.1,23.7
"5674","0207001002042133","DC","0207001002042133",0,1.19
"5675","0207001002042135","DC","0207001002042135",0.06,15.71
"5676","0207001002042129","DC","0207001002042129",0.03,6.69
"5677","0207001002042130","DC","0207001002042130",0,0.01
"5678","0207001002042408","DC","0207001002042408",0,0.61
"5679","0207001002042409","DC","0207001002042409",0.01,3.19
"5680","0207001002041727","DC","0207001002041727",0.02,5.28
"5681","0207001002042138","DC","0207001002042138",0.02,5.35
"5682","0207001002041801","DC","0207001002041801",0.09,22.94
"5683","0207001002042136","DC","0207001002042136",0,0.85
"5684","0207001002042137","DC","0207001002042137",0.14,34.53
"5685","0207001002042411","DC","0207001002042411",0.02,5.62
"5686","0207001003010117","VA","0207001003010117",0.02,5.34
"5687","0207001003010118","VA","0207001003010118",0,0.03
"5688","0207001003010119","VA","0207001003010119",0.08,18.68
"5689","0207001003010120","VA","0207001003010120",0.13,31.56
"5690","0207001003010121","VA","0207001003010121",0.09,21.13
"5691","0207001002041808","DC","0207001002041808",0.01,1.86
"5692","0207001002041310","DC","0207001002041310",0.03,7.38
"5693","0207001002041311","DC","0207001002041311",0.04,10.34
"5694","0207001002041312","DC","0207001002041312",0.01,3.15
"5695","0207001002041313","DC","0207001002041313",0,0.39
"5696","0207001002041314","DC","0207001002041314",0.01,1.69
"5697","0207001002041315","DC","0207001002041315",0.06,14.58
"5698","0207001002041316","DC","0207001002041316",0,0
"5699","0207001002041809","DC","0207001002041809",0.01,2.14
"5700","0207001002041317","DC","0207001002041317",0.01,2.88
"5701","0207001002041805","DC","0207001002041805",0.03,7.25
"5702","0207001002041806","DC","0207001002041806",0,0.19
"5703","0207001002041807","DC","0207001002041807",0,0.12
"5704","0207001002041318","DC","0207001002041318",0.09,22.48
"5705","0207001002041802","DC","0207001002041802",0.01,2.3
"5706","0207001002041803","DC","0207001002041803",0.11,27.5
"5707","0207001002041804","DC","0207001002041804",0.11,27.01
"5708","0207001002042142","DC","0207001002042142",0.03,7.24
"5709","0207001002043203","DC","0207001002043203",0.01,3.04
"5710","0207001002042143","DC","0207001002042143",0.03,6.83
"5711","0207001002042144","DC","0207001002042144",0,0.15
"5712","0207001002043330","DC","0207001002043330",0,0.1
"5713","0207001003010201","VA","0207001003010201",0.24,59.46
"5714","0207001003010202","VA","0207001003010202",0.22,55
"5715","0207001002042145","DC","0207001002042145",0.02,5.75
"5716","0207001002041322","DC","0207001002041322",0.02,5.62
"5717","0207001002042146","DC","0207001002042146",0.02,4.23
"5718","0207001002041323","DC","0207001002041323",0.01,3.39
"5719","0207001002041324","DC,MD","0207001002041324",0.28,68.57
"5720","0207001002041325","DC","Licking Banks-Anacostia River",0.29,70.76
"5721","0207001002042147","DC","0207001002042147",0.06,14.56
"5722","0207001002041813","DC","0207001002041813",0.01,2.13
"5723","0207001002042148","DC","0207001002042148",0.04,8.83
"5724","0207001002040907","MD","0207001002040907",0.01,1.41
"5725","0207001002040908","MD","0207001002040908",0.16,40.04
"5726","0207001002041321","DC","0207001002041321",0.08,19.3
"5727","0207001002041401","MD","0207001002041401",0.08,18.95
"5728","0207001002041810","DC","0207001002041810",0,0.07
"5729","0207001002042203","DC","0207001002042203",0.01,2.36
"5730","0207001002042204","DC","0207001002042204",0.06,13.96
"5731","0207001002041811","DC","0207001002041811",0.15,37.5
"5732","0207001002041812","DC","0207001002041812",0.09,21.05
"5733","0207001002041814","DC","0207001002041814",0.03,8.19
"5734","0207001002041815","DC","0207001002041815",0,0.38
"5735","0207001002042201","DC","0207001002042201",0,0.34
"5736","0207001002042205","DC","0207001002042205",0.08,19.39
"5737","0207001002040912","MD","0207001002040912",0.01,2.93
"5738","0207001002040913","MD","0207001002040913",0.54,133.88
"5739","0207001002040914","MD","0207001002040914",0,0.93
"5740","0207001002041402","MD","0207001002041402",0.02,4.38
"5741","0207001002041403","MD","0207001002041403",0.3,75.29
"5742","0207001002041818","DC","0207001002041818",0.04,10.59
"5743","0207001002041819","DC","0207001002041819",0.08,19.39
"5744","0207001002041404","MD","0207001002041404",0.05,11.77
"5745","0207001002042208","DC","0207001002042208",0.01,1.63
"5746","0207001002041405","MD","0207001002041405",0.04,8.86
"5747","0207001002042209","DC","0207001002042209",0.01,3.67
"5748","0207001002041406","MD","0207001002041406",0.04,10.6
"5749","0207001002043103","DC","0207001002043103",0.04,9.4
"5750","0207001002043104","DC","0207001002043104",0.73,179.77
"5751","0207001002041407","MD","0207001002041407",0.04,10.54
"5752","0207001002041408","MD","0207001002041408",0.14,35.82
"5753","0207001002041409","MD","0207001002041409",0.01,1.42
"5754","0207001002041410","MD","0207001002041410",0.11,26.57
"5755","0207001002043105","DC","0207001002043105",0,0.37
"5756","0207001002041411","MD","0207001002041411",0.11,28.04
"5757","0207001002041816","DC","0207001002041816",0,0.29
"5758","0207001002041820","DC","0207001002041820",0.07,17.06
"5759","0207001002041901","DC","0207001002041901",0.04,10.99
"5760","0207001002043201","DC","0207001002043201",0.02,3.86
"5761","0207001002043202","DC","0207001002043202",0,0.01
"5762","0207001002041902","DC","0207001002041902",0.09,22.87
"5763","0207001003010206","VA","0207001003010206",0.01,2.33
"5764","0207001002041903","DC","0207001002041903",0.04,9.43
"5765","0207001002042207","DC","0207001002042207",0,0.37
"5766","0207001003010209","VA","0207001003010209",0.71,175.13
"5767","0207001003010210","VA","0207001003010210",0.59,144.92
"5768","0207001003010211","VA","0207001003010211",0.24,59.3
"5769","0207001002042206","DC","0207001002042206",0.25,61.61
"5770","0207001003010203","VA","0207001003010203",0.06,15.07
"5771","0207001003010839","VA","0207001003010839",0.01,2.42
"5772","0207001003010204","VA","0207001003010204",0.02,5.79
"5773","0207001003010205","VA","0207001003010205",0.05,12.52
"5774","0207001003010207","VA","0207001003010207",0.06,15.12
"5775","0207001003010208","VA","0207001003010208",0,0.7
"5776","0207001003010212","VA","0207001003010212",0.14,34.41
"5777","0207001003010840","VA","0207001003010840",0.03,7.04
"5778","0207001003010841","VA","0207001003010841",0.02,4.2
"5779","0207001003010838","VA","0207001003010838",0.06,13.85
"5780","0207001002042721","DC","0207001002042721",0,1.13
"5781","0207001002042722","DC","0207001002042722",0,0.39
"5782","0207001002043208","DC","0207001002043208",0.02,4.66
"5783","0207001002043204","DC","0207001002043204",0.01,2.41
"5784","0207001002043248","DC","0207001002043248",0.01,3.18
"5785","0207001002043205","DC","0207001002043205",0.09,21.4
"5786","0207001002043209","DC","0207001002043209",0.02,3.75
"5787","0207001003010213","VA","0207001003010213",0,0.12
"5788","0207001003010214","VA","0207001003010214",0.16,38.31
"5789","0207001003010215","VA","0207001003010215",0.2,50.1
"5790","0207001003010216","VA","0207001003010216",0.03,6.18
"5791","0207001003010218","VA","0207001003010218",0.09,23.28
"5792","0207001003010219","VA","0207001003010219",0.04,9.68
"5793","0207001003010220","VA","0207001003010220",0.44,107.86
"5794","0207001003010221","VA","0207001003010221",0.26,64.82
"5795","0207001003010227","VA","0207001003010227",0.01,2.57
"5796","0207001003010228","VA","0207001003010228",0.31,77.68
"5797","0207001003010222","VA","0207001003010222",0.03,6.86
"5798","0207001003010223","VA","0207001003010223",0.3,73.3
"5799","0207001003010224","VA","0207001003010224",0.45,110.57
"5800","0207001003011505","DC","0207001003011505",0,0.08
"5801","0207001002043249","DC","0207001002043249",0,0.87
"5802","0207001002043250","DC","0207001002043250",0,0.03
"5803","0207001003010225","VA","0207001003010225",0.14,34.34
"5804","0207001003010226","VA","0207001003010226",0.07,17.18
"5805","0207001002042727","DC","0207001002042727",0,0.28
"5806","0207001002043251","DC","0207001002043251",0,0.01
"5807","0207001003010401","VA","0207001003010401",1.78,441.07
"5808","0207001003010229","VA","0207001003010229",0.06,15.52
"5809","0207001003011504","DC","0207001003011504",0.01,2.73
"5810","0207001003011506","DC,MD","0207001003011506",0.09,22.32
"5811","0207001002042726","DC","0207001002042726",0,0.84
"5812","0207001002043211","DC","0207001002043211",0.02,4.92
"5813","0207001002043212","DC","0207001002043212",0.14,34.93
"5814","0207001002043213","DC","0207001002043213",0.01,2.8
"5815","0207001003010230","VA","0207001003010230",0.23,57.71
"5816","0207001003010231","VA","0207001003010231",0.54,133.2
"5817","0207001003010232","VA","0207001003010232",0.42,103.89
"5818","0207001003010233","VA","0207001003010233",0.27,66.09
"5819","0207001003010234","VA","0207001003010234",1.21,298.81
"5820","0207001003010235","VA","0207001003010235",0.04,9.93
"5821","0207001003010236","VA","0207001003010236",0.36,89.87
"5822","0207001003010237","VA","0207001003010237",0.19,47.79
"5823","0207001003010238","VA","0207001003010238",0.01,1.31
"5824","0207001003010408","VA","0207001003010408",0,0.39
"5825","0207001003010239","VA","0207001003010239",0.05,11.53
"5826","0207001002043215","DC","0207001002043215",0.01,2.49
"5827","0207001003010409","VA","0207001003010409",0.54,132.67
"5828","0207001003010240","VA","0207001003010240",0.07,16.93
"5829","0207001002042413","DC","0207001002042413",0.01,3.55
"5830","0207001002042414","DC","0207001002042414",0,0.35
"5831","0207001002043216","DC","0207001002043216",0.01,3.17
"5832","0207001003010244","VA","0207001003010244",0.73,179.33
"5833","0207001002042415","DC","0207001002042415",0.05,11.2
"5834","0207001002042416","DC","0207001002042416",0,0.75
"5835","0207001002042731","DC","0207001002042731",0.12,28.56
"5836","0207001003010245","VA","0207001003010245",0.02,5.3
"5837","0207001003010247","VA","0207001003010247",0.04,10.79
"5838","0207001003010241","VA","Upton Hill",0.26,64.39
"5839","0207001003010246","VA","0207001003010246",0.05,13.39
"5840","0207001003010242","VA","0207001003010242",0.01,1.68
"5841","0207001003010243","VA","0207001003010243",0.08,19.39
"5842","0207001003010248","VA","0207001003010248",0.44,108.29
"5843","0207001002043256","DC","0207001002043256",0.01,1.54
"5844","0207001002043257","DC","0207001002043257",1.58,390.97
"5845","0207001003010249","VA","0207001003010249",0.08,20.07
"5846","0207001003010250","VA","0207001003010250",0.33,82.46
"5847","0207001002043252","DC","0207001002043252",0.74,183.39
"5848","0207001002043253","DC","0207001002043253",0,0.02
"5849","0207001003010251","VA","0207001003010251",0.03,6.39
"5850","0207001003010253","VA","0207001003010253",0.02,4.82
"5851","0207001003010254","VA","0207001003010254",0.52,129.53
"5852","0207001003010252","VA","0207001003010252",0.07,17.24
"5853","0207001003010413","VA","0207001003010413",0,0.71
"5854","0207001003010255","VA","0207001003010255",0.12,30.06
"5855","0207001003010256","VA","0207001003010256",0.54,132.49
"5856","0207001003010257","VA","0207001003010257",0.05,13.04
"5857","0207001003010258","VA","0207001003010258",0.22,54.81
"5858","0207001002042421","DC","0207001002042421",0,0
"5859","0207001002042422","DC","0207001002042422",0,0.06
"5860","0207001002042423","DC","0207001002042423",0,0.23
"5861","0207001002042424","DC","0207001002042424",0.03,6.86
"5862","0207001002042425","DC","0207001002042425",0.54,132.61
"5863","0207001002042426","DC","0207001002042426",0.16,38.94
"5864","0207001002042417","DC","0207001002042417",0.01,3.45
"5865","0207001002042427","DC","0207001002042427",0.07,18.36
"5866","0207001002042428","DC","0207001002042428",0,0.01
"5867","0207001002042429","DC","0207001002042429",0,0.03
"5868","0207001002042418","DC","0207001002042418",0.02,6.05
"5869","0207001002042419","DC","0207001002042419",0.14,33.44
"5870","0207001002042742","DC","0207001002042742",0.02,4.61
"5871","0207001002042420","DC","0207001002042420",0.05,12.12
"5872","0207001002042430","DC","0207001002042430",0,0
"5873","0207001002042738","DC","0207001002042738",0,0.36
"5874","0207001002042739","DC","0207001002042739",0,0
"5875","0207001002042740","DC","0207001002042740",0.07,17.69
"5876","0207001002042741","DC","0207001002042741",0,0.01
"5877","0207001002042744","DC","0207001002042744",0.02,5.4
"5878","0207001002042745","DC","0207001002042745",0.02,5.81
"5879","0207001002042746","DC","0207001002042746",0.02,5
"5880","0207001002043217","DC","0207001002043217",0.02,5.24
"5881","0207001002043218","DC","0207001002043218",0,0
"5882","0207001002042747","DC","0207001002042747",0.06,15.55
"5883","0207001002043219","DC","0207001002043219",0.02,4.74
"5884","0207001002043220","DC","0207001002043220",0,0.18
"5885","0207001002043221","DC","0207001002043221",0,0
"5886","0207001002043222","DC","0207001002043222",0.01,1.79
"5887","0207001003010259","VA","0207001003010259",0,0.46
"5888","0207001002042601","DC","0207001002042601",0.02,5.35
"5889","0207001002042501","DC","0207001002042501",3.08,761.06
"5890","0207001002042502","DC","0207001002042502",0.44,109.9
"5891","0207001002042503","DC","0207001002042503",0,0
"5892","0207001003010260","VA","0207001003010260",0.07,16.8
"5893","0207001002042504","DC","0207001002042504",0,0
"5894","0207001002042505","DC","0207001002042505",0,0.01
"5895","0207001003010261","VA","0207001003010261",0.07,18.05
"5896","0207001003010262","VA","0207001003010262",0.07,17.95
"5897","0207001003010263","VA","0207001003010263",0.12,30.85
"5898","0207001002042752","DC","0207001002042752",0.01,2.13
"5899","0207001003010264","VA","0207001003010264",0.13,33.11
"5900","0207001003010101","VA","0207001003010101",0.18,43.92
"5901","0207001002042753","DC","0207001002042753",0,0.01
"5902","0207001002042754","DC","0207001002042754",0,0.14
"5903","0207001002042755","DC","0207001002042755",0,0.02
"5904","0207001002042756","DC","0207001002042756",0.22,54.4
"5905","0207001003010102","VA","0207001003010102",0.09,23.16
"5906","0207001003010103","VA","0207001003010103",0.77,191.43
"5907","0207001003010104","VA","0207001003010104",0.17,40.87
"5908","0207001003010105","VA","0207001003010105",0.63,155.21
"5909","0207001003010106","VA","0207001003010106",0.04,9.41
"5910","0207001003010107","VA","0207001003010107",0.47,115.64
"5911","0207001003010108","VA","0207001003010108",0.11,27.81
"5912","0207001003010109","VA","0207001003010109",0.2,50.01
"5913","0207001002042506","DC","0207001002042506",0,0.04
"5914","0207001002042507","DC","0207001002042507",0,0
"5915","0207001002042602","DC","Mount Hamilton",0.03,7.6
"5916","0207001002042603","DC","0207001002042603",0.06,15.21
"5917","0207001002042604","DC","0207001002042604",0.24,58.44
"5918","0207001002042605","DC","0207001002042605",0.07,16.07
"5919","0207001002043223","DC","0207001002043223",0,0.31
"5920","0207001002043224","DC","0207001002043224",0.01,2.64
"5921","0207001002042606","DC","0207001002042606",0.04,11.1
"5922","0207001002043225","DC","0207001002043225",0,0.99
"5923","0207001003010113","VA","0207001003010113",0.33,80.81
"5924","0207001002042607","DC","0207001002042607",0.06,14.42
"5925","0207001002042702","DC","0207001002042702",0.01,2.73
"5926","0207001002042608","DC","0207001002042608",0.06,14.96
"5927","0207001002042748","DC","0207001002042748",0.73,179.62
"5928","0207001002042749","DC","0207001002042749",0,0
"5929","0207001002042750","DC","0207001002042750",0,0
"5930","0207001002042751","DC","0207001002042751",0,0
"5931","0207001003010114","VA","0207001003010114",0.08,20.95
"5932","0207001003010115","VA","0207001003010115",0.08,19.45
"5933","0207001003010116","VA","0207001003010116",0.07,16.86
"5934","0207001003011927","MD","0207001003011927",0.01,2.61
"5935","0207001003010310","VA","0207001003010310",0.11,27.82
"5936","0207001003010311","VA","0207001003010311",0.04,10.57
"5937","0207001002042611","DC","0207001002042611",0.02,5.17
"5938","0207001003010110","VA","0207001003010110",0.03,8.42
"5939","0207001002042614","DC","0207001002042614",0,0.78
"5940","0207001002042615","DC","0207001002042615",0.52,128.47
"5941","0207001003010111","VA","0207001003010111",0.14,34.62
"5942","0207001003010112","VA","0207001003010112",0.04,9.63
"5943","0207001002042609","DC","0207001002042609",0.03,6.29
"5944","0207001002042610","DC","0207001002042610",0.11,27.77
"5945","0207001002042761","DC","0207001002042761",0,0
"5946","0207001002042762","DC","0207001002042762",0,0.06
"5947","0207001002042612","DC","0207001002042612",0.13,32.79
"5948","0207001002042613","DC","Kingman Lake",0.7,173.53
"5949","0207001002042616","DC","0207001002042616",0.04,8.98
"5950","0207001002042804","DC","0207001002042804",0,0.01
"5951","0207001002042806","DC","0207001002042806",0.43,106.82
"5952","0207001002042807","DC","0207001002042807",0.07,18.05
"5953","0207001002042759","DC","0207001002042759",0.02,3.86
"5954","0207001002042760","DC","0207001002042760",0.04,9.36
"5955","0207001002042801","DC","0207001002042801",0.04,8.7
"5956","0207001002043233","DC","0207001002043233",0,0
"5957","0207001002042757","DC","0207001002042757",0.03,6.49
"5958","0207001002042758","DC","0207001002042758",0,0
"5959","0207001002042802","DC","0207001002042802",0,0
"5960","0207001002043236","DC","0207001002043236",0,0
"5961","0207001002043237","DC","0207001002043237",0,0.01
"5962","0207001002043226","DC","0207001002043226",0,0
"5963","0207001002043227","DC","0207001002043227",0.17,42.62
"5964","0207001002043228","DC","0207001002043228",0.88,218.51
"5965","0207001002043229","DC","0207001002043229",0,0
"5966","0207001002043238","DC","0207001002043238",0,0
"5967","0207001002042803","DC","0207001002042803",0.07,18.06
"5968","0207001002042808","DC","0207001002042808",0.04,8.95
"5969","0207001002042809","DC","0207001002042809",0,0.04
"5970","0207001002043230","DC","0207001002043230",0,0
"5971","0207001002043231","DC","0207001002043231",0,0.01
"5972","0207001002043232","DC","0207001002043232",0,0
"5973","0207001002043234","DC","0207001002043234",0.09,21.01
"5974","0207001002043235","DC","0207001002043235",0,0.02
"5975","0207001002043239","DC","0207001002043239",0.01,3.03
"5976","0207001003010312","VA","0207001003010312",0.01,2.34
"5977","0207001002042922","DC","0207001002042922",0.01,3.5
"5978","0207001003010313","VA","0207001003010313",0.1,24.12
"5979","0207001002043313","DC","0207001002043313",0,0.15
"5980","0207001003010314","VA","0207001003010314",0.04,9.56
"5981","0207001002043301","DC","0207001002043301",0.01,1.43
"5982","0207001003010315","VA","0207001003010315",0.03,7.89
"5983","0207001003010319","VA","0207001003010319",0.03,6.21
"5984","0207001003010316","VA","0207001003010316",0.05,12.56
"5985","0207001002042621","DC","0207001002042621",0.01,2.47
"5986","0207001003010317","VA","0207001003010317",0.05,11.12
"5987","0207001002042622","DC","0207001002042622",0.6,147.22
"5988","0207001002042623","DC","0207001002042623",0.12,28.97
"5989","0207001002043302","DC","0207001002043302",0,0.03
"5990","0207001002043303","DC","0207001002043303",0,0.02
"5991","0207001002043304","DC","0207001002043304",0,0.01
"5992","0207001002043305","DC","0207001002043305",0,0.03
"5993","0207001003010318","VA","0207001003010318",0.06,13.77
"5994","0207001002042816","DC","0207001002042816",0,0.02
"5995","0207001003010320","VA","0207001003010320",0.13,31.75
"5996","0207001002042618","DC","0207001002042618",0.6,149.08
"5997","0207001002043245","DC","0207001002043245",0,0.02
"5998","0207001002042619","DC","0207001002042619",0.04,9.54
"5999","0207001002042620","DC","0207001002042620",0,0.07
"6000","0207001003010906","VA","0207001003010906",0.01,2.93
"6001","0207001002042617","DC","0207001002042617",0.02,3.72
"6002","0207001002042810","DC","0207001002042810",0,0.08
"6003","0207001002042811","DC","0207001002042811",0.09,21.79
"6004","0207001002042812","DC","0207001002042812",0,0.01
"6005","0207001002042813","DC","0207001002042813",0,0
"6006","0207001002042814","DC","0207001002042814",0,0
"6007","0207001002042815","DC","0207001002042815",0,0.8
"6008","0207001003010912","VA","0207001003010912",0.83,204.34
"6009","0207001003010913","VA","0207001003010913",0.11,26.4
"6010","0207001002042817","DC","0207001002042817",0.04,9.29
"6011","0207001002042818","DC","0207001002042818",0.01,3.24
"6012","0207001002042819","DC","0207001002042819",0,0
"6013","0207001002042820","DC","0207001002042820",0.01,3.25
"6014","0207001002043240","DC","0207001002043240",0,0.49
"6015","0207001002043241","DC","0207001002043241",0,0.01
"6016","0207001002043242","DC","0207001002043242",0,0.02
"6017","0207001002043243","DC","0207001002043243",0,0.01
"6018","0207001002043244","DC","0207001002043244",0,0.01
"6019","0207001002043246","DC","0207001002043246",0.02,4.58
"6020","0207001002043247","DC","0207001002043247",0.03,6.5
"6021","0207001003010321","VA","0207001003010321",0.02,5.67
"6022","0207001003010322","VA","0207001003010322",0.02,4.15
"6023","0207001003010323","VA","0207001003010323",0.04,10.4
"6024","0207001002042705","DC","0207001002042705",0.01,2.45
"6025","0207001003010324","VA","0207001003010324",0.02,5.98
"6026","0207001003010327","VA","0207001003010327",0.05,11.66
"6027","0207001003010325","VA","0207001003010325",0.04,8.89
"6028","0207001003010510","VA","0207001003010510",0.37,92.66
"6029","0207001003010511","VA","0207001003010511",1.12,277.91
"6030","0207001002042624","DC","0207001002042624",0,0.29
"6031","0207001003010326","VA","0207001003010326",0.11,26.46
"6032","0207001003010501","VA","0207001003010501",0.2,48.61
"6033","0207001003010502","VA","0207001003010502",0.07,16.39
"6034","0207001003010503","VA","0207001003010503",0.83,206.18
"6035","0207001003010504","VA","0207001003010504",0.65,160.61
"6036","0207001003010505","VA","0207001003010505",0.31,76.18
"6037","0207001003010506","VA","0207001003010506",0.06,14.11
"6038","0207001003010507","VA","0207001003010507",0.21,51.35
"6039","0207001003010508","VA","0207001003010508",0.02,4.24
"6040","0207001003010509","VA","0207001003010509",0.2,49.14
"6041","0207001002042625","DC","0207001002042625",0.02,5.17
"6042","0207001002042626","DC","0207001002042626",0.01,3.12
"6043","0207001002042627","DC","0207001002042627",0.24,59.28
"6044","0207001002042628","DC","0207001002042628",0,0.14
"6045","0207001002042822","DC","0207001002042822",0.02,4.91
"6046","0207001002042823","DC","0207001002042823",0.01,3.55
"6047","0207001002042824","DC","0207001002042824",0,0.11
"6048","0207001002042825","DC","0207001002042825",0,0.01
"6049","0207001003010402","VA","0207001003010402",0.12,30.59
"6050","0207001003010403","VA","0207001003010403",0.23,55.82
"6051","0207001003010404","VA","0207001003010404",0.02,4.67
"6052","0207001003010412","VA","0207001003010412",0.03,6.49
"6053","0207001002042631","DC","0207001002042631",0,0
"6054","0207001003010405","VA","0207001003010405",0.07,18.42
"6055","0207001002042632","DC","0207001002042632",0,0.05
"6056","0207001002042633","DC","Heritage Island-Kingman Lake",0.76,188.41
"6057","0207001002042634","DC","0207001002042634",0.61,151.86
"6058","0207001002042635","DC","0207001002042635",0,0.02
"6059","0207001003010406","VA","0207001003010406",0.03,8.03
"6060","0207001002042641","DC","0207001002042641",0.02,4.58
"6061","0207001002042642","DC","0207001002042642",0,0.03
"6062","0207001003010407","VA","0207001003010407",0.16,40.4
"6063","0207001003010410","VA","0207001003010410",0.09,23.03
"6064","0207001003010411","VA","0207001003010411",0.06,13.74
"6065","0207001002042636","DC","0207001002042636",0.02,3.78
"6066","0207001002042637","DC","0207001002042637",0,0.01
"6067","0207001002042638","DC","0207001002042638",0,0
"6068","0207001002042639","DC","0207001002042639",0,0.01
"6069","0207001002042640","DC","0207001002042640",0,0.02
"6070","0207001003010414","VA","0207001003010414",0.03,7.57
"6071","0207001003010415","VA","0207001003010415",0.02,5.44
"6072","0207001003010416","VA","0207001003010416",0.03,6.75
"6073","0207001003010417","VA","0207001003010417",0.27,67.23
"6074","0207001003010601","VA","0207001003010601",0.19,47.47
"6075","0207001003010606","VA","0207001003010606",0.02,5.4
"6076","0207001003010602","VA","0207001003010602",0.07,16.09
"6077","0207001002042643","DC","0207001002042643",0,0.1
"6078","0207001003010603","VA","0207001003010603",0.05,11.32
"6079","0207001002042833","DC","0207001002042833",0,0.07
"6080","0207001002042706","DC","0207001002042706",0.01,1.4
"6081","0207001003010604","VA","0207001003010604",0.08,18.71
"6082","0207001002043259","DC","0207001002043259",0,0.02
"6083","0207001002043260","DC","0207001002043260",0,0
"6084","0207001002043261","DC","0207001002043261",0,0
"6085","0207001002043262","DC","0207001002043262",0,0
"6086","0207001003010605","VA","0207001003010605",0.05,12.31
"6087","0207001002043263","DC","0207001002043263",0,0.09
"6088","0207001003010612","VA","0207001003010612",0.28,70.35
"6089","0207001003010607","VA","0207001003010607",0.12,28.92
"6090","0207001003010608","VA","0207001003010608",0.27,65.79
"6091","0207001003010609","VA","0207001003010609",0.22,54.6
"6092","0207001002042644","DC","0207001002042644",0.1,24
"6093","0207001002042645","DC","0207001002042645",0,0.01
"6094","0207001002042646","DC","0207001002042646",0.02,4.05
"6095","0207001002042647","DC","0207001002042647",0,0
"6096","0207001002042648","DC","0207001002042648",0,0.01
"6097","0207001002042649","DC","0207001002042649",0,0.16
"6098","0207001003010613","VA","0207001003010613",0,0.73
"6099","0207001002042701","DC","0207001002042701",0.02,5.03
"6100","0207001002042902","DC","0207001002042902",0,0.79
"6101","0207001002042832","DC","0207001002042832",0,0
"6102","0207001003010610","VA","0207001003010610",0.11,27.63
"6103","0207001002042901","DC","0207001002042901",0.06,14.61
"6104","0207001002043258","DC","0207001002043258",0.01,1.88
"6105","0207001003010611","VA","0207001003010611",0.08,20.41
"6106","0207001002042909","DC","0207001002042909",0,0.34
"6107","0207001003010614","VA","0207001003010614",0.1,24.94
"6108","0207001002042910","DC","0207001002042910",0.09,22.51
"6109","0207001002042911","DC","0207001002042911",0.32,77.84
"6110","0207001003010615","VA","0207001003010615",0.11,27.49
"6111","0207001003010616","VA","0207001003010616",0.3,74.89
"6112","0207001003010617","VA","0207001003010617",0.26,64.01
"6113","0207001003010618","VA","0207001003010618",0.66,162.85
"6114","0207001003010901","VA","0207001003010901",0.04,10.66
"6115","0207001003010902","VA","0207001003010902",0.03,7.58
"6116","0207001003010903","VA","0207001003010903",0.04,9.58
"6117","0207001003010904","VA","0207001003010904",0.02,4.51
"6118","0207001002042703","DC","0207001002042703",0.05,12.34
"6119","0207001002043306","DC","0207001002043306",0,1.1
"6120","0207001002042704","DC","0207001002042704",0.03,8.5
"6121","0207001002042903","DC","0207001002042903",0.01,2.71
"6122","0207001002042904","DC","0207001002042904",0,0.01
"6123","0207001002042905","DC","0207001002042905",0.1,23.94
"6124","0207001002042906","DC","0207001002042906",0.02,3.93
"6125","0207001002042907","DC","0207001002042907",0.02,5.76
"6126","0207001002042908","DC","0207001002042908",0,0
"6127","0207001003010907","VA","0207001003010907",0.01,2.39
"6128","0207001003010908","VA","0207001003010908",0.02,5.76
"6129","0207001003010909","VA","0207001003010909",0.69,171.65
"6130","0207001003010910","VA","0207001003010910",0.03,6.58
"6131","0207001003010911","VA","0207001003010911",0.72,179.01
"6132","0207001003010905","VA","0207001003010905",0.03,7.17
"6133","0207001002042912","DC","0207001002042912",0.02,4.98
"6134","0207001002042913","DC","0207001002042913",0.19,47.16
"6135","0207001002042914","DC","0207001002042914",0,0.07
"6136","0207001002042915","DC","0207001002042915",0,0
"6137","0207001002042916","DC","0207001002042916",0,0.01
"6138","0207001002042917","DC","0207001002042917",0.05,13.16
"6139","0207001002042918","DC","0207001002042918",0,0.01
"6140","0207001002042919","DC","0207001002042919",0,0
"6141","0207001002042920","DC","0207001002042920",0,0.01
"6142","0207001002043307","DC","0207001002043307",0,0.31
"6143","0207001003010915","VA","0207001003010915",0.06,13.72
"6144","0207001002042716","DC","0207001002042716",0.02,4.04
"6145","0207001003010916","VA","0207001003010916",0.06,14.52
"6146","0207001003010917","VA","0207001003010917",0.8,197
"6147","0207001003010918","VA","0207001003010918",0.62,153.88
"6148","0207001003010919","VA","0207001003010919",1.68,414.98
"6149","0207001003010701","VA","0207001003010701",1.33,327.75
"6150","0207001003010702","VA","0207001003010702",0.23,57.64
"6151","0207001003010703","VA","0207001003010703",0.79,195.35
"6152","0207001002042717","DC","0207001002042717",0,0.66
"6153","0207001003010704","VA","0207001003010704",0.06,14.11
"6154","0207001003010705","VA","0207001003010705",0.72,177.99
"6155","0207001003010706","VA","0207001003010706",0,0.34
"6156","0207001003010707","VA","0207001003010707",0.09,22.6
"6157","0207001002043003","DC","0207001002043003",0.01,2.03
"6158","0207001002042709","DC","0207001002042709",0.05,13.25
"6159","0207001002042710","DC","0207001002042710",0,0.38
"6160","0207001002043004","DC","0207001002043004",0,0
"6161","0207001002042711","DC","0207001002042711",0.02,4.71
"6162","0207001002042707","DC","0207001002042707",0,0.35
"6163","0207001002042921","DC","0207001002042921",0,0.13
"6164","0207001002043314","DC","0207001002043314",0.07,18.12
"6165","0207001002043315","DC","0207001002043315",0.08,18.86
"6166","0207001002043316","DC","0207001002043316",0.01,1.45
"6167","0207001002043311","DC","0207001002043311",0.03,7.15
"6168","0207001002043312","DC","0207001002043312",0,0.02
"6169","0207001002043317","DC","0207001002043317",0.24,60.13
"6170","0207001002043318","DC","0207001002043318",0.01,3.21
"6171","0207001003010814","VA","0207001003010814",0.02,4.41
"6172","0207001003010810","VA","0207001003010810",0.06,13.82
"6173","0207001002040411","MD","0207001002040411",0.01,2.07
"6174","0207001003010811","VA","0207001003010811",0.08,20
"6175","0207001003010815","VA","0207001003010815",0.01,3.62
"6176","0207001003010708","VA","0207001003010708",0.12,30.81
"6177","0207001003010709","VA","0207001003010709",0.34,84.79
"6178","0207001003010812","VA","0207001003010812",0.47,114.99
"6179","0207001002040412","MD","0207001002040412",0.45,110.54
"6180","0207001003010813","VA","0207001003010813",0.09,21.53
"6181","0207001003010816","VA","0207001003010816",0.01,3.24
"6182","0207001003010817","VA","0207001003010817",0.55,135.51
"6183","0207001002042712","DC","0207001002042712",0.01,3.37
"6184","0207001002043319","DC","0207001002043319",0.01,1.36
"6185","0207001002042713","DC","0207001002042713",0.08,20.77
"6186","0207001002042714","DC","0207001002042714",0,0.09
"6187","0207001002042715","DC","0207001002042715",0.02,6.17
"6188","0207001002042923","DC","0207001002042923",0,0.75
"6189","0207001002042924","DC","0207001002042924",0,0.93
"6190","0207001002042925","DC","0207001002042925",0,0.05
"6191","0207001002043321","DC","0207001002043321",0.01,2.96
"6192","0207001002043322","DC","0207001002043322",1.02,251.72
"6193","0207001003010818","VA","0207001003010818",0.04,9.26
"6194","0207001003010819","VA","0207001003010819",0.02,6.08
"6195","0207001003010820","VA","0207001003010820",0,0.51
"6196","0207001003010821","VA","0207001003010821",0.2,50.55
"6197","0207001003010822","VA","0207001003010822",0.16,39.15
"6198","0207001003010823","VA","0207001003010823",0.03,7.87
"6199","0207001003010824","VA","0207001003010824",0.03,6.3
"6200","0207001003010826","VA","0207001003010826",0.03,7.55
"6201","0207001003010827","VA","0207001003010827",0.04,10.36
"6202","0207001003010828","VA","0207001003010828",0.02,5.86
"6203","0207001003010829","VA","0207001003010829",0.05,12.4
"6204","0207001002042718","DC","0207001002042718",0.04,9.75
"6205","0207001002042719","DC","0207001002042719",0.01,3.01
"6206","0207001002042720","DC","0207001002042720",0.06,13.85
"6207","0207001002042926","DC","0207001002042926",0,0.06
"6208","0207001002043001","DC","0207001002043001",0.01,3.25
"6209","0207001002043005","DC","0207001002043005",0.02,4.69
"6210","0207001002043002","DC","0207001002043002",0.17,43.2
"6211","0207001002043006","DC","0207001002043006",0.01,1.42
"6212","0207001002043007","DC","0207001002043007",0.03,7.04
"6213","0207001002043101","DC","0207001002043101",0,0.03
"6214","0207001002043102","DC","0207001002043102",0.57,140.85
"6215","0207001002043323","DC","0207001002043323",0.1,24.63
"6216","0207001002043328","DC","0207001002043328",0,0.2
"6217","0207001002043324","DC","0207001002043324",0.02,4.88
"6218","0207001002043325","DC","0207001002043325",0,0.01
"6219","0207001002043326","DC","0207001002043326",0.01,1.59
"6220","0207001002043327","DC","0207001002043327",0,0.39
"6221","0207001003010830","VA","0207001003010830",0.03,6.57
"6222","0207001003012408","MD","0207001003012408",0.03,6.28
"6223","0207001003010831","VA","0207001003010831",0.09,21.38
"6224","0207001003010832","VA","0207001003010832",0.06,15.75
"6225","0207001003010833","VA","0207001003010833",0.01,1.9
"6226","0207001003010834","VA","0207001003010834",0.04,9.46
"6227","0207001003010835","VA","0207001003010835",0,0.02
"6228","0207001003011013","VA","0207001003011013",0.01,1.59
"6229","0207001003011014","VA","0207001003011014",1.27,312.99
"6230","0207001003010836","VA","0207001003010836",0.04,9.54
"6231","0207001003010837","VA","0207001003010837",0,0.24
"6232","0207001003012407","MD","0207001003012407",0.01,1.73
"6233","0207001003011015","VA","0207001003011015",0.2,49.51
"6234","0207001003011016","VA","0207001003011016",1.17,288.99
"6235","0207001003011017","VA","0207001003011017",0.67,166.62
"6236","0207001003012409","MD","0207001003012409",0.02,4.04
"6237","0207001003012410","MD","0207001003012410",0.03,7.05
"6238","0207001003012411","MD","0207001003012411",0.34,83.7
"6239","0207001003012412","MD","0207001003012412",0.04,8.72
"6240","0207001003011423","DC","0207001003011423",0.01,2.17
"6241","0207001003012413","MD","0207001003012413",0.05,13.08
"6242","0207001003012414","MD","0207001003012414",0.07,16.14
"6243","0207001003011424","DC","0207001003011424",0,1
"6244","0207001003011425","MD","0207001003011425",0.11,26.02
"6245","0207001003012415","DC","0207001003012415",0.05,12.59
"6246","0207001003011426","MD","0207001003011426",0.07,17.62
"6247","0207001003011515","DC","0207001003011515",0.06,15.37
"6248","0207001003011925","MD","0207001003011925",0.04,11.11
"6249","0207001003011926","MD","0207001003011926",0.12,28.78
"6250","0207001003011928","MD","0207001003011928",0.09,21.62
"6251","0207001003011929","MD","0207001003011929",0.02,5.73
"6252","0207001003011930","MD","0207001003011930",0.19,47.68
"6253","0207001003011931","DC,MD","0207001003011931",0.25,60.71
"6254","0207001003012001","MD","0207001003012001",0.03,7.12
"6255","0207001003012002","MD","0207001003012002",0.1,25.63
"6256","0207001003012003","MD","0207001003012003",0.07,16.58
"6257","0207001003012417","MD","0207001003012417",0,0.53
"6258","0207001003012418","MD","0207001003012418",0.04,10.74
"6259","0207001003012421","MD","0207001003012421",0.02,4.56
"6260","0207001003012419","MD","0207001003012419",0.03,6.76
"6261","0207001003012420","MD","0207001003012420",0.03,6.93
"6262","0207001003012422","MD","0207001003012422",0.09,21.16
"6263","0207001003011301","DC","0207001003011301",0.01,1.24
"6264","0207001003011302","DC","0207001003011302",0.14,35.2
"6265","0207001003011304","MD","0207001003011304",0.21,51.8
"6266","0207001003012423","DC","0207001003012423",0.01,3.44
"6267","0207001003012424","DC","0207001003012424",0,0.1
"6268","0207001003012425","DC","0207001003012425",0,0.04
"6269","0207001003012416","DC","0207001003012416",0,0.03
"6270","0207001003011305","MD","0207001003011305",0.1,25.01
"6271","0207001003011306","MD","0207001003011306",0.04,9.41
"6272","0207001003011311","MD","0207001003011311",0.02,4.01
"6273","0207001003011312","MD","0207001003011312",0.39,95.38
"6274","0207001003011307","MD","0207001003011307",0.09,22.36
"6275","0207001003011507","MD","0207001003011507",0,0.69
"6276","0207001003011308","MD","0207001003011308",0.06,14.95
"6277","0207001003011309","MD","0207001003011309",0.04,10.63
"6278","0207001003011108","DC","0207001003011108",0.01,2.56
"6279","0207001003011310","MD","0207001003011310",0.06,14.74
"6280","0207001003011109","DC","0207001003011109",0,0
"6281","0207001003011508","DC","0207001003011508",0.02,5.95
"6282","0207001003011509","DC","0207001003011509",0,0.05
"6283","0207001003011510","MD","0207001003011510",0.04,8.96
"6284","0207001003011511","MD","0207001003011511",0.07,16.11
"6285","0207001003011512","DC","0207001003011512",0.28,68.42
"6286","0207001003011313","MD","0207001003011313",0,0.44
"6287","0207001003011314","MD","0207001003011314",0.15,37.54
"6288","0207001003011315","MD","0207001003011315",0,0.14
"6289","0207001003011513","DC","0207001003011513",0.03,6.21
"6290","0207001003011514","DC","0207001003011514",0,0.66
"6291","0207001003012007","MD","0207001003012007",0.02,4.9
"6292","0207001003012008","MD","0207001003012008",0,0.4
"6293","0207001003012009","MD","0207001003012009",0.03,7.67
"6294","0207001003012011","MD","0207001003012011",0.03,6.55
"6295","0207001003012010","MD","0207001003012010",0.09,22.58
"6296","0207001003012012","MD","0207001003012012",0.02,5.21
"6297","0207001003012006","MD","0207001003012006",0.01,3.44
"6298","0207001003012426","MD","0207001003012426",0.15,37.64
"6299","0207001003012004","MD","0207001003012004",0.08,19.14
"6300","0207001003012427","MD","0207001003012427",0.01,3.09
"6301","0207001003012428","DC,MD","0207001003012428",0.63,154.98
"6302","0207001003012005","MD","0207001003012005",0.09,23.08
"6303","0207001003012429","MD","0207001003012429",0.16,39.87
"6304","0207001003012430","DC,MD","0207001003012430",0.32,78.21
"6305","0207001003012431","DC,MD","0207001003012431",0.06,15.66
"6306","0207001003012432","MD","0207001003012432",0.54,133.44
"6307","0207001003012433","DC","0207001003012433",0,0.02
"6308","0207001003012434","MD","0207001003012434",0.02,4.3
"6309","0207001003012435","DC","0207001003012435",0,0.46
"6310","0207001003011107","DC,MD,VA","0207001003011107",1.12,276.97
"6311","0207001003011405","DC,MD","0207001003011405",0.01,1.65
"6312","0207001003011316","MD","0207001003011316",0.02,5.22
"6313","0207001003011516","MD","0207001003011516",0.03,6.21
"6314","0207001003011317","MD","0207001003011317",0.05,11.77
"6315","0207001003011318","MD","0207001003011318",0.88,216.61
"6316","0207001003011319","MD","0207001003011319",0.01,2.28
"6317","0207001003011517","MD","0207001003011517",0.03,7.21
"6318","0207001003011518","DC","0207001003011518",0.01,1.58
"6319","0207001003011519","DC,MD","0207001003011519",0,0.65
"6320","0207001003011520","MD","0207001003011520",0.02,4.78
"6321","0207001003012013","MD","0207001003012013",0.01,1.48
"6322","0207001003012014","MD","0207001003012014",0.02,3.94
"6323","0207001003012015","MD","0207001003012015",0.01,3.41
"6324","0207001003012436","MD","0207001003012436",0,0.64
"6325","0207001003012437","DC,MD","0207001003012437",1.05,259.85
"6326","0207001003011352","MD","0207001003011352",0.01,1.27
"6327","0207001003011101","DC","0207001003011101",0.02,4.82
"6328","0207001003011102","DC","0207001003011102",0.52,127.64
"6329","0207001003011103","DC","0207001003011103",0,0.02
"6330","0207001003011104","DC","0207001003011104",0,0.03
"6331","0207001003011105","DC","0207001003011105",0,0.78
"6332","0207001003011353","DC,MD","0207001003011353",0.31,77.12
"6333","0207001003011106","DC","0207001003011106",0.03,8.57
"6334","0207001003011320","MD","0207001003011320",0,0.29
"6335","0207001003012212","DC","0207001003012212",0.01,2.36
"6336","0207001003011321","MD","0207001003011321",0.13,32.58
"6337","0207001003011322","MD","0207001003011322",0.01,2.47
"6338","0207001003011323","MD","0207001003011323",0.67,164.9
"6339","0207001003011325","DC,MD","0207001003011325",0.08,20.21
"6340","0207001003011324","MD","0207001003011324",0.12,28.64
"6341","0207001003011326","MD","0207001003011326",0.09,22.84
"6342","0207001003011327","MD","0207001003011327",0.3,74.4
"6343","0207001003011522","DC","0207001003011522",0.01,2.16
"6344","0207001003011328","MD","0207001003011328",0.04,10.31
"6345","0207001003011538","DC","0207001003011538",0.01,3.13
"6346","0207001003011329","MD","0207001003011329",0.15,37.47
"6347","0207001003011330","MD","0207001003011330",0.02,4.62
"6348","0207001003011331","MD","0207001003011331",0.31,76.59
"6349","0207001003011525","MD","0207001003011525",0.02,4.64
"6350","0207001003011332","MD","0207001003011332",0.12,29.32
"6351","0207001003011333","MD","0207001003011333",0.14,34.78
"6352","0207001003011334","MD","0207001003011334",0.04,10.36
"6353","0207001003011335","MD","0207001003011335",0.23,55.93
"6354","0207001003011521","MD","0207001003011521",0,1.06
"6355","0207001003011523","DC","0207001003011523",0.06,14.55
"6356","0207001003011527","DC","0207001003011527",0.03,7.9
"6357","0207001003011524","DC","0207001003011524",0.15,36.04
"6358","0207001003011115","DC","0207001003011115",0,0
"6359","0207001003011116","DC","0207001003011116",0.35,87.66
"6360","0207001003012501","DC","0207001003012501",0.08,19.49
"6361","0207001003011526","DC","0207001003011526",0.11,26.09
"6362","0207001003012502","DC","0207001003012502",0,0
"6363","0207001003011528","DC","0207001003011528",0.05,11.23
"6364","0207001003011110","DC","0207001003011110",0,0.01
"6365","0207001003011111","DC","0207001003011111",0,0.02
"6366","0207001003012516","DC","0207001003012516",0,0.23
"6367","0207001003012016","MD","0207001003012016",0.06,15.8
"6368","0207001003012017","MD","0207001003012017",0.02,4.15
"6369","0207001003012018","MD","0207001003012018",0.08,19.79
"6370","0207001003012019","MD","0207001003012019",0.01,3.64
"6371","0207001003012020","MD","0207001003012020",0.22,53.59
"6372","0207001003012021","MD","0207001003012021",0,0.35
"6373","0207001003011338","MD","0207001003011338",0.01,2.25
"6374","0207001003012022","MD","0207001003012022",0.08,18.6
"6375","0207001003012023","MD","0207001003012023",0.01,1.41
"6376","0207001003012024","MD","0207001003012024",0.03,8.42
"6377","0207001003012025","MD","0207001003012025",0.02,6.03
"6378","0207001003011113","DC,MD,VA","Ronald Reagan Washington National Airport-Potomac River",6.38,1577.34
"6379","0207001003011114","DC","0207001003011114",0,0
"6380","0207001003011112","DC","0207001003011112",0.08,19.22
"6381","0207001003012503","DC","0207001003012503",0.01,2.27
"6382","0207001003012504","VA","Daingerfield Island",0.38,95
"6383","0207001003012505","DC","0207001003012505",0.13,32.35
"6384","0207001003012506","DC","0207001003012506",0.01,2.4
"6385","0207001003012507","DC","0207001003012507",0.05,11.87
"6386","0207001003011336","MD","0207001003011336",0.01,3.49
"6387","0207001003011337","MD","0207001003011337",0.26,63.91
"6388","0207001003011339","MD","0207001003011339",0.04,9.7
"6389","0207001003011340","MD","0207001003011340",0.02,5.86
"6390","0207001003011341","MD","0207001003011341",0.03,8.1
"6391","0207001003011342","MD","0207001003011342",0.37,90.71
"6392","0207001003011343","MD","0207001003011343",0.46,114.19
"6393","0207001003011344","MD","0207001003011344",0.03,7.88
"6394","0207001003011345","MD","0207001003011345",0.06,14.93
"6395","0207001003011530","DC","0207001003011530",0.05,12.3
"6396","0207001003011537","DC","0207001003011537",0.02,5.76
"6397","0207001003011531","DC,MD","0207001003011531",0.03,6.37
"6398","0207001003012037","MD","0207001003012037",0.01,1.69
"6399","0207001003011532","DC,MD","0207001003011532",0.02,5.95
"6400","0207001003011533","DC","0207001003011533",0,0.25
"6401","0207001003011534","DC","0207001003011534",0,0.07
"6402","0207001003012508","DC","0207001003012508",0,0.73
"6403","0207001003012509","DC","0207001003012509",0.43,107.12
"6404","0207001003011535","DC","0207001003011535",0.1,24.85
"6405","0207001003011536","DC","0207001003011536",0.03,8.45
"6406","0207001003012510","DC","0207001003012510",0.01,2.7
"6407","0207001003011346","DC,MD","0207001003011346",0.54,133.48
"6408","0207001003012026","MD","0207001003012026",0.05,12.12
"6409","0207001003011347","MD","0207001003011347",0.01,2.51
"6410","0207001003012027","MD","0207001003012027",0.03,6.49
"6411","0207001003012028","MD","0207001003012028",0.04,9.15
"6412","0207001003012029","MD","0207001003012029",0.05,11.39
"6413","0207001003012030","MD","0207001003012030",0.02,4.82
"6414","0207001003011348","MD","0207001003011348",0.2,49.09
"6415","0207001003012031","MD","0207001003012031",0.04,10.77
"6416","0207001003011349","MD","0207001003011349",0.03,7.88
"6417","0207001003012032","MD","0207001003012032",0.04,10.51
"6418","0207001003012033","MD","0207001003012033",0.12,28.72
"6419","0207001003012034","MD","0207001003012034",0.03,6.87
"6420","0207001003012035","MD","0207001003012035",0.02,4.84
"6421","0207001003012036","MD","0207001003012036",0.17,43
"6422","0207001003011350","MD","0207001003011350",0.08,18.82
"6423","0207001003011351","MD","0207001003011351",0.35,86.96
"6424","0207001003011601","DC","0207001003011601",0.01,3.17
"6425","0207001003011602","MD","0207001003011602",0.02,3.81
"6426","0207001003011603","MD","0207001003011603",0.03,8.54
"6427","0207001003011604","DC","0207001003011604",0,0.38
"6428","0207001003011605","DC","0207001003011605",0.07,17.29
"6429","0207001003011606","DC","0207001003011606",0.18,45.5
"6430","0207001003012038","MD","0207001003012038",0.02,5.08
"6431","0207001003012039","MD","0207001003012039",0.02,5.98
"6432","0207001003012040","MD","0207001003012040",0.06,14.79
"6433","0207001003012041","MD","0207001003012041",0.53,132.14
"6434","0207001003012042","MD","0207001003012042",0.02,6.03
"6435","0207001003012511","DC","0207001003012511",0,0.08
"6436","0207001003012512","DC","0207001003012512",0,0
"6437","0207001003012513","DC","0207001003012513",0,0
"6438","0207001003012514","DC","0207001003012514",0,0
"6439","0207001003012515","DC","0207001003012515",0,0
"6440","0207001003012517","DC","0207001003012517",0.03,8.52
"6441","0207001003012518","DC,MD,VA","Blue Plains-Potomac River",6.83,1687.6
"6442","0207001002041525","MD","0207001002041525",0.02,5.11
"6443","0207001002041522","MD","0207001002041522",0.06,14.92
"6444","0207001002041523","MD","0207001002041523",0.11,27.59
"6445","0207001002041524","MD","0207001002041524",0.05,11.72
"6446","0207001003011354","DC","0207001003011354",0.02,3.78
"6447","0207001003011355","DC,MD","0207001003011355",0.36,87.97
"6448","0207001003011356","MD","0207001003011356",0.02,3.84
"6449","0207001003011357","DC,MD","0207001003011357",0.23,55.93
"6450","0207001003011358","MD","0207001003011358",0.48,118.04
"6451","0207001003011359","DC,MD","0207001003011359",0.04,9.19
"6452","0207001003011607","DC","0207001003011607",0.02,4.42
"6453","0207001003011360","DC,MD","0207001003011360",0.03,6.57
"6454","0207001003011608","DC","0207001003011608",0.03,8.35
"6455","0207001003011610","DC","0207001003011610",0.04,9.83
"6456","0207001003012043","MD","0207001003012043",0.01,2.72
"6457","0207001003012044","MD","0207001003012044",0.03,7.27
"6458","0207001003012045","MD","0207001003012045",0.11,28.22
"6459","0207001003011361","MD","0207001003011361",0.01,3.16
"6460","0207001003012064","MD","0207001003012064",0.1,25.08
"6461","0207001003012065","MD","0207001003012065",0.14,33.85
"6462","0207001003012101","DC,MD","0207001003012101",0.42,104.48
"6463","0207001003012102","DC","0207001003012102",0,0
"6464","0207001002041526","MD","0207001002041526",0.07,16.2
"6465","0207001002041527","MD","0207001002041527",0.02,6.04
"6466","0207001002041528","MD","0207001002041528",0.02,4.25
"6467","0207001003011362","MD","0207001003011362",0.08,19.41
"6468","0207001002041529","MD","0207001002041529",0.21,50.78
"6469","0207001002042805","DC","0207001002042805",0.44,109.2
"6470","0207001003011363","DC,MD","0207001003011363",0.23,56.6
"6471","0207001003011201","MD","0207001003011201",0.52,127.99
"6472","0207001003011203","MD","0207001003011203",0.14,35.6
"6473","0207001003011204","MD","0207001003011204",0.02,6.16
"6474","0207001003011611","DC","0207001003011611",0,0.39
"6475","0207001003011612","DC,MD","0207001003011612",0.22,55.58
"6476","0207001003011613","DC","0207001003011613",0,0.01
"6477","0207001003011614","DC","0207001003011614",0.01,3.35
"6478","0207001003011615","DC,MD","0207001003011615",0.15,37.05
"6479","0207001003011616","DC","0207001003011616",0.01,1.4
"6480","0207001003011617","MD","0207001003011617",0.02,5.32
"6481","0207001003012103","DC","0207001003012103",0.01,2.04
"6482","0207001003012104","DC,MD","0207001003012104",0.01,1.25
"6483","0207001003011207","MD","0207001003011207",0.01,2.76
"6484","0207001003011208","MD","0207001003011208",0.02,4.73
"6485","0207001003011209","MD","0207001003011209",0.1,25.31
"6486","0207001003011210","MD","0207001003011210",0.09,23.01
"6487","0207001003011211","MD","0207001003011211",0.02,4.8
"6488","0207001003011212","MD","0207001003011212",0.05,12.33
"6489","0207001003011213","MD","0207001003011213",0.1,25.45
"6490","0207001003011620","DC","0207001003011620",0.25,61.28
"6491","0207001003011701","DC","0207001003011701",0.04,10.01
"6492","0207001003011706","DC","0207001003011706",0.02,4.94
"6493","0207001003011702","DC","0207001003011702",0.07,16.09
"6494","0207001003011703","DC","0207001003011703",0.09,21.69
"6495","0207001003011704","DC","0207001003011704",0.1,24.61
"6496","0207001003011705","DC","0207001003011705",0,0.01
"6497","0207001003011707","DC","0207001003011707",0.08,20.28
"6498","0207001003011708","DC","0207001003011708",0.03,6.7
"6499","0207001003011709","DC","0207001003011709",0.33,81.06
"6500","0207001003011619","DC","0207001003011619",0.1,23.56
"6501","0207001003011710","DC","0207001003011710",0.12,28.81
"6502","0207001003011618","DC","0207001003011618",0,0.34
"6503","0207001003011711","DC","0207001003011711",0.04,10
"6504","0207001003011712","DC","0207001003011712",0.2,50.16
"6505","0207001003012107","DC,MD","0207001003012107",0.01,3.57
"6506","0207001003011713","DC","0207001003011713",0.03,7.44
"6507","0207001003012105","DC,MD","0207001003012105",0,0.31
"6508","0207001003012108","MD","0207001003012108",0,1
"6509","0207001003012109","DC,MD","0207001003012109",0.31,76.69
"6510","0207001003012110","DC,MD","0207001003012110",0.18,44.48
"6511","0207001003012106","MD","0207001003012106",0.16,39.15
"6512","0207001003012111","DC,MD","0207001003012111",0.02,6.1
"6513","0207001003012112","DC,MD","0207001003012112",0.08,20.97
"6514","0207001003012201","DC","0207001003012201",0.43,105.11
"6515","0207001003012202","DC","0207001003012202",0,0.08
"6516","0207001003012203","DC","0207001003012203",0.04,9.96
"6517","0207001003011214","MD","0207001003011214",0.01,1.65
"6518","0207001003011714","DC","0207001003011714",0.01,3.68
"6519","0207001003011715","DC","0207001003011715",0.15,37.01
"6520","0207001003011215","MD","0207001003011215",0.11,27.42
"6521","0207001003011801","MD","0207001003011801",0.95,233.54
"6522","0207001003011802","MD","0207001003011802",0.12,30.52
"6523","0207001003011803","MD","0207001003011803",0.66,164.26
"6524","0207001003011804","MD","0207001003011804",0.27,66.22
"6525","0207001003011216","MD","0207001003011216",0.04,9.41
"6526","0207001003011217","MD","0207001003011217",0.01,2.41
"6527","0207001003012206","DC","0207001003012206",0.07,18.38
"6528","0207001003012207","DC","0207001003012207",0.03,7.41
"6529","0207001003012208","DC","0207001003012208",0.44,108.14
"6530","0207001003012209","DC","0207001003012209",0.03,6.21
"6531","0207001003012210","DC","0207001003012210",0.03,7.86
"6532","0207001003011219","MD","0207001003011219",0.07,16.4
"6533","0207001003012214","DC","Bald Eagle Hill",0.1,24.92
"6534","0207001003011218","MD","0207001003011218",0.14,34.37
"6535","0207001003011220","MD","0207001003011220",0.02,4.06
"6536","0207001003011221","MD","0207001003011221",0.23,57.72
"6537","0207001003011222","MD","0207001003011222",0.01,2.03
"6538","0207001003011807","MD","0207001003011807",0.34,83.97
"6539","0207001003011811","MD","0207001003011811",0.01,1.73
"6540","0207001003011808","MD","0207001003011808",0.02,5.3
"6541","0207001003011805","MD","0207001003011805",0.01,2.05
"6542","0207001003011913","MD","0207001003011913",0.01,2.51
"6543","0207001003011806","MD","0207001003011806",0.03,6.94
"6544","0207001003011812","MD","0207001003011812",0.02,5.97
"6545","0207001003011809","MD","0207001003011809",0.09,22.7
"6546","0207001003012211","DC","0207001003012211",0.01,1.93
"6547","0207001003011810","MD","0207001003011810",0.15,35.93
"6548","0207001003012213","DC","0207001003012213",0.03,6.49
"6549","0207001003011223","MD","0207001003011223",0.01,1.73
"6550","0207001003011224","MD","0207001003011224",0.07,18.04
"6551","0207001003011225","MD","0207001003011225",0.17,41.95
"6552","0207001003012313","MD","0207001003012313",0.02,4.19
"6553","0207001003011226","MD","0207001003011226",0.03,8.11
"6554","0207001003011227","MD","0207001003011227",0.17,41.22
"6555","0207001003011228","MD","0207001003011228",0.27,66.62
"6556","0207001003011813","MD","0207001003011813",0.02,3.81
"6557","0207001003012314","MD","0207001003012314",0.25,62.92
"6558","0207001003012315","MD","0207001003012315",0.58,143.51
"6559","0207001003011814","MD","0207001003011814",0.07,16.89
"6560","0207001003012218","DC","0207001003012218",0.01,2.94
"6561","0207001003011815","MD","0207001003011815",0.05,13.21
"6562","0207001003012215","DC","0207001003012215",0.01,3.55
"6563","0207001003011816","MD","0207001003011816",0.03,6.86
"6564","0207001003011817","MD","0207001003011817",0,0.28
"6565","0207001003012216","DC","0207001003012216",0.01,1.82
"6566","0207001003012217","DC","0207001003012217",0.19,47.12
"6567","0207001003012219","DC","0207001003012219",0.03,6.51
"6568","0207001003012220","DC","0207001003012220",0,0.05
"6569","0207001003011229","MD","0207001003011229",0.01,1.68
"6570","0207001003011230","MD","0207001003011230",0.2,50.31
"6571","0207001003012221","DC","0207001003012221",0.12,29.74
"6572","0207001003011231","MD","0207001003011231",0,0.48
"6573","0207001003011232","MD","0207001003011232",0.03,7.79
"6574","0207001003011401","DC","0207001003011401",0.03,6.63
"6575","0207001003011819","MD","0207001003011819",0.01,2
"6576","0207001003011820","MD","0207001003011820",0.05,11.67
"6577","0207001003011821","MD","0207001003011821",0.04,10.13
"6578","0207001003011003","VA","0207001003011003",0.01,3.44
"6579","0207001003011822","MD","0207001003011822",0.05,11.32
"6580","0207001003012303","MD","0207001003012303",0.03,8.08
"6581","0207001003011823","MD","0207001003011823",0.03,7.65
"6582","0207001003011825","MD","0207001003011825",0.03,8.32
"6583","0207001003011824","MD","0207001003011824",0.07,17.78
"6584","0207001003011829","MD","0207001003011829",0.01,2.94
"6585","0207001003011826","MD","0207001003011826",0.05,13.38
"6586","0207001003012222","DC","0207001003012222",0,0.51
"6587","0207001003011827","MD","0207001003011827",0.03,7.37
"6588","0207001003012223","DC","0207001003012223",0,0.14
"6589","0207001003012224","DC,MD","0207001003012224",0.02,5.04
"6590","0207001003011828","MD","0207001003011828",0.08,20.31
"6591","0207001003012404","MD","0207001003012404",0,0.23
"6592","0207001003012301","MD","0207001003012301",0.04,9.65
"6593","0207001003012302","MD","0207001003012302",0.32,78.64
"6594","0207001003012304","MD","0207001003012304",0.03,6.66
"6595","0207001003012305","MD","0207001003012305",0.37,92.47
"6596","0207001003012306","MD","0207001003012306",0.04,9.13
"6597","0207001003012307","MD","0207001003012307",0.05,11.62
"6598","0207001003012309","MD","0207001003012309",0.01,3.67
"6599","0207001003012308","MD","0207001003012308",0.08,20.13
"6600","0207001003011402","DC","0207001003011402",0.01,2.4
"6601","0207001003011403","DC","0207001003011403",0.04,9.72
"6602","0207001003011404","DC,MD","0207001003011404",0.65,160.7
"6603","0207001003011831","MD","0207001003011831",0.02,3.76
"6604","0207001003011901","MD","0207001003011901",0.11,27.29
"6605","0207001003011902","MD","0207001003011902",0.29,71.1
"6606","0207001003011830","MD","0207001003011830",0.12,30.57
"6607","0207001003011903","MD","0207001003011903",0.03,6.48
"6608","0207001003011906","MD","0207001003011906",0.02,4.71
"6609","0207001003011904","MD","0207001003011904",0.1,25.52
"6610","0207001003011905","MD","0207001003011905",0.28,69.08
"6611","0207001003011907","MD","0207001003011907",0.08,19.01
"6612","0207001003011908","MD","0207001003011908",0.01,3.32
"6613","0207001003011909","MD","0207001003011909",0,0.06
"6614","0207001003011910","MD","0207001003011910",0.03,8.32
"6615","0207001003011911","MD","0207001003011911",0.04,8.7
"6616","0207001003011912","MD","0207001003011912",0.01,2.4
"6617","0207001003011922","MD","0207001003011922",0.03,8.41
"6618","0207001003011923","MD","0207001003011923",0.27,66.38
"6619","0207001003012310","MD","0207001003012310",0.02,3.81
"6620","0207001003011924","MD","0207001003011924",0.06,14.29
"6621","0207001003012311","MD","0207001003012311",0.04,8.83
"6622","0207001003012312","MD","0207001003012312",0.02,4.59
"6623","0207001003012401","MD","0207001003012401",0.02,4.79
"6624","0207001003012402","MD","0207001003012402",0.02,4.59
"6625","0207001003011406","MD","0207001003011406",0.02,5.69
"6626","0207001003011407","DC,MD","0207001003011407",0.15,36.72
"6627","0207001003011408","MD","0207001003011408",0.02,4.78
"6628","0207001003011409","MD","0207001003011409",0.07,16.89
"6629","0207001003011410","DC,MD","0207001003011410",0.05,13.09
"6630","0207001003011914","MD","0207001003011914",0.02,3.81
"6631","0207001003011006","VA","0207001003011006",0.01,2.56
"6632","0207001003011007","VA","0207001003011007",0,0.06
"6633","0207001003011008","VA","0207001003011008",1.77,437.04
"6634","0207001003011915","MD","0207001003011915",0.08,20.53
"6635","0207001003011916","MD","0207001003011916",0,0.43
"6636","0207001003011917","MD","0207001003011917",0.06,13.85
"6637","0207001003012403","MD","0207001003012403",0.01,2.75
"6638","0207001003011009","VA","0207001003011009",0.05,12.04
"6639","0207001002012812","MD","0207001002012812",0.01,3.15
"6640","0207001002012813","MD","0207001002012813",0.29,72.05
"6641","0207001002012814","MD","0207001002012814",0.22,54.63
"6642","0207001003011010","VA","0207001003011010",0.07,16.9
"6643","0207001003011011","VA","0207001003011011",0.11,27.26
"6644","0207001003011012","VA","0207001003011012",0.96,236.08
"6645","0207001003011005","VA","0207001003011005",0.04,9.98
"6646","0207001003011411","MD","0207001003011411",0,0.94
"6647","0207001003011412","MD","0207001003011412",0.02,5.59
"6648","0207001003011417","MD","0207001003011417",0.03,6.49
"6649","0207001003011418","MD","0207001003011418",0.32,79.42
"6650","0207001003011419","MD","0207001003011419",0.66,163.01
"6651","0207001003011413","MD","0207001003011413",0.02,4.28
"6652","0207001003011414","MD","0207001003011414",0.3,73.05
"6653","0207001003011415","MD","0207001003011415",0.48,118.07
"6654","0207001003011920","MD","0207001003011920",0.01,2.48
"6655","0207001003011416","DC,MD","0207001003011416",0.05,12.1
"6656","0207001003012405","MD","0207001003012405",0.01,3.05
"6657","0207001003011420","MD","0207001003011420",0.08,19.62
"6658","0207001003011421","MD","0207001003011421",0.26,63.33
"6659","0207001003011422","DC","0207001003011422",0.06,14.46
"6660","0207001003011918","MD","0207001003011918",0,0.86
"6661","0207001003011919","MD","0207001003011919",0,0.04
"6662","0207001003011921","MD","0207001003011921",0.05,11.98
"6663","0207001003012406","MD","0207001003012406",0.1,23.82
"6664","0207001002013416","MD","0207001002013416",0.01,1.3
"6665","0207001002013601","DC,MD","0207001002013601",0.05,13.21
"6666","0207001002013602","DC,MD","0207001002013602",0.04,9.58
"6667","0207001002013603","DC,MD","0207001002013603",0.16,38.59
"6668","0207001002040405","MD","0207001002040405",0.01,1.87
"6669","0207001002040406","MD","0207001002040406",0.32,78.52
"6670","0207001002040407","MD","0207001002040407",0.09,22.78
"6671","0207001002040408","MD","0207001002040408",0.08,20.19
"6672","0207001002040409","MD","0207001002040409",0.01,2.22
"6673","0207001002040410","MD","0207001002040410",0.14,34.75
"6674","0207001002040852","MD","0207001002040852",0.15,37.36
"6675","0207001002040853","MD","0207001002040853",0.22,54.58
"6676","0207001002040854","MD","0207001002040854",0.09,22.82
"6677","0207001002040855","MD","0207001002040855",0.12,29.32
"6678","0207001002040856","MD","0207001002040856",0.13,31.89
"6679","0207001002040857","MD","0207001002040857",0.17,41.01
"6680","0207001002040858","MD","0207001002040858",0.02,4.32
"6681","0207001002040860","MD","0207001002040860",0.01,2.1
"6682","0207001002040859","MD","0207001002040859",0.13,31.3
"6683","0207001002040861","MD","0207001002040861",0.11,27.27
"6684","0207001002040862","MD","0207001002040862",0.21,53.05
"6685","0207001002040863","MD","0207001002040863",0.08,19.16
"6686","0207001002040864","MD","0207001002040864",0.34,83.74
"6687","0207001002012815","MD","0207001002012815",0.09,23.44
"6688","0207001002013604","MD","0207001002013604",0.01,3.03
"6689","0207001002012816","MD","0207001002012816",0.02,4.19
"6690","0207001002012821","MD","0207001002012821",0.02,5.02
"6691","0207001002013605","MD","0207001002013605",0.3,74.99
"6692","0207001002012817","MD","0207001002012817",0.11,27.05
"6693","0207001002012818","MD","0207001002012818",0.13,32.99
"6694","0207001002012819","MD","0207001002012819",0.11,26.18
"6695","0207001002012820","MD","0207001002012820",0.2,50.53
"6696","0207001002013606","MD","0207001002013606",0.06,15.49
"6697","0207001002013607","DC,MD","0207001002013607",0.47,116.97
"6698","0207001002040413","MD","0207001002040413",0.13,31.67
"6699","0207001002040414","MD","0207001002040414",0.57,139.91
"6700","0207001002040415","MD","0207001002040415",0.32,77.88
"6701","0207001002040416","MD","0207001002040416",0.02,5.58
"6702","0207001002040417","MD","0207001002040417",0,0.19
"6703","0207001002040418","MD","0207001002040418",0.19,47.91
"6704","0207001002012628","MD","0207001002012628",0.02,4.79
"6705","0207001002012629","MD","0207001002012629",0.32,79.48
"6706","0207001002012630","MD","0207001002012630",0.04,8.89
"6707","0207001002012631","MD","0207001002012631",0.25,62.18
"6708","0207001002012632","MD","0207001002012632",0.03,6.44
"6709","0207001002012633","MD","0207001002012633",0.12,30.59
"6710","0207001002012634","MD","0207001002012634",0,0.11
"6711","0207001002012635","MD","0207001002012635",0.04,10.67
"6712","0207001002012822","MD","0207001002012822",0.02,4.13
"6713","0207001002012823","MD","0207001002012823",0.34,85.1
"6714","0207001002012824","MD","0207001002012824",0.15,36.99
"6715","0207001002012825","MD","0207001002012825",0.02,4.66
"6716","0207001002012826","MD","0207001002012826",0,0.43
"6717","0207001002013608","MD","0207001002013608",0.01,1.78
"6718","0207001002012827","MD","0207001002012827",0.18,43.89
"6719","0207001002012828","MD","0207001002012828",0.03,8.11
"6720","0207001002012829","MD","0207001002012829",0.02,4.03
"6721","0207001002013609","MD","0207001002013609",0.08,19.96
"6722","0207001002040422","MD","0207001002040422",0.01,2.3
"6723","0207001002013610","MD","0207001002013610",0.07,18.2
"6724","0207001002012636","MD","0207001002012636",0.02,3.85
"6725","0207001002040419","MD","0207001002040419",0.12,28.63
"6726","0207001002040420","MD","0207001002040420",0.1,25.09
"6727","0207001002040421","MD","0207001002040421",0.19,45.94
"6728","0207001002012637","MD","0207001002012637",0.03,6.86
"6729","0207001002012638","MD","0207001002012638",0.03,8.24
"6730","0207001002012642","MD","0207001002012642",0.09,21.72
"6731","0207001002012643","MD","0207001002012643",0.11,28.05
"6732","0207001002012644","MD","0207001002012644",0.02,5.23
"6733","0207001002012830","MD","0207001002012830",0.01,2.85
"6734","0207001002013005","MD","0207001002013005",0.02,4.14
"6735","0207001002012831","MD","0207001002012831",0.04,10.7
"6736","0207001002013705","MD","0207001002013705",0.03,6.89
"6737","0207001002013001","MD","0207001002013001",0.09,21.46
"6738","0207001002013002","MD","0207001002013002",0.03,7.3
"6739","0207001002013004","MD","0207001002013004",0.03,8.41
"6740","0207001002013003","MD","0207001002013003",0.13,31.63
"6741","0207001002013006","MD","0207001002013006",0.05,13.36
"6742","0207001002013007","MD","0207001002013007",0.02,5.42
"6743","0207001002013008","MD","0207001002013008",0.04,10.31
"6744","0207001002013611","MD","0207001002013611",0.01,3.25
"6745","0207001002013612","MD","0207001002013612",0.07,17.28
"6746","0207001002013703","MD","0207001002013703",0.19,46.43
"6747","0207001002013704","MD","0207001002013704",0.05,11.86
"6748","0207001002040423","MD","0207001002040423",0.01,3.27
"6749","0207001002013706","MD","0207001002013706",0.08,18.63
"6750","0207001002013707","MD","0207001002013707",0.59,145.06
"6751","0207001002013708","MD","0207001002013708",0.46,114.8
"6752","0207001002013709","MD","0207001002013709",0.4,98.6
"6753","0207001002013710","MD","0207001002013710",0.16,38.41
"6754","0207001002013711","MD","0207001002013711",0.38,93.16
"6755","0207001002040424","MD","0207001002040424",0.03,7.91
"6756","0207001002040429","MD","0207001002040429",0.02,4.96
"6757","0207001002040425","MD","0207001002040425",0.06,13.96
"6758","0207001002040426","MD","0207001002040426",0.55,135.39
"6759","0207001002012645","MD","0207001002012645",0.04,9.91
"6760","0207001002040427","MD","0207001002040427",0.09,22.25
"6761","0207001002012646","MD","0207001002012646",0,0.2
"6762","0207001002012647","MD","0207001002012647",0.04,10.7
"6763","0207001002012648","MD","0207001002012648",0.01,2.37
"6764","0207001002012649","MD","0207001002012649",0.04,10.64
"6765","0207001002012701","MD","0207001002012701",0.01,2.72
"6766","0207001002013010","MD","0207001002013010",0.07,17.75
"6767","0207001002012702","MD","0207001002012702",0.08,18.82
"6768","0207001002012703","MD","0207001002012703",0.38,94.79
"6769","0207001002013011","MD","0207001002013011",0.36,88.43
"6770","0207001002012706","MD","0207001002012706",0,1.06
"6771","0207001002012704","MD","0207001002012704",0.18,44.85
"6772","0207001002013009","MD","0207001002013009",0.13,31.24
"6773","0207001002013012","MD","0207001002013012",0.03,8.09
"6774","0207001002013013","MD","0207001002013013",0.18,45.38
"6775","0207001002013019","MD","0207001002013019",0.03,6.3
"6776","0207001002013014","MD","0207001002013014",0.09,23.06
"6777","0207001002013015","MD","0207001002013015",0.27,67.52
"6778","0207001002013016","MD","0207001002013016",0,0.08
"6779","0207001002013017","MD","0207001002013017",0.05,12.98
"6780","0207001002013909","MD","0207001002013909",0.01,1.65
"6781","0207001002013018","MD","0207001002013018",0.08,20.71
"6782","0207001002013020","MD","0207001002013020",0.12,30.48
"6783","0207001002013021","MD","0207001002013021",0.14,35.12
"6784","0207001002013022","MD","0207001002013022",0.19,47.18
"6785","0207001002013023","MD","0207001002013023",0.17,41.6
"6786","0207001002013812","MD","0207001002013812",0.12,29.04
"6787","0207001002013813","MD","0207001002013813",0.46,112.81
"6788","0207001002013712","MD","0207001002013712",0.72,178.27
"6789","0207001002013901","DC","0207001002013901",0.03,8.42
"6790","0207001002013902","DC,MD","0207001002013902",0.61,150.18
"6791","0207001002013903","DC","0207001002013903",0.2,49.04
"6792","0207001002013904","DC","0207001002013904",0,0.01
"6793","0207001002013905","DC","0207001002013905",0,0.01
"6794","0207001002013906","DC","0207001002013906",0,0.01
"6795","0207001002013907","DC,MD","0207001002013907",2.71,668.99
"6796","0207001002013908","MD","0207001002013908",0.15,36.35
"6797","0207001002040430","MD","0207001002040430",0.13,32.91
"6798","0207001002040431","MD","0207001002040431",0.1,23.75
"6799","0207001002040432","MD","0207001002040432",0.04,11.09
"6800","0207001002040433","MD","0207001002040433",0.47,116.15
"6801","0207001002013108","MD","0207001002013108",0.02,5.33
"6802","0207001002040434","MD","0207001002040434",0.03,6.56
"6803","0207001002012711","MD","0207001002012711",0.03,7.59
"6804","0207001002013112","MD","0207001002013112",0.34,83.21
"6805","0207001002013910","DC,MD","0207001002013910",0.19,46.46
"6806","0207001002040435","MD","0207001002040435",0.03,6.64
"6807","0207001002040436","MD","0207001002040436",0.25,62.87
"6808","0207001002012713","MD","0207001002012713",0.01,3.09
"6809","0207001002012705","MD","0207001002012705",0.14,34.37
"6810","0207001002012707","MD","0207001002012707",0.05,12.12
"6811","0207001002012708","MD","0207001002012708",0.2,48.42
"6812","0207001002013107","MD","0207001002013107",0,0.77
"6813","0207001002012709","MD","0207001002012709",0.07,16.11
"6814","0207001002012710","MD","0207001002012710",0.74,181.67
"6815","0207001002012712","MD","0207001002012712",0.07,17.98
"6816","0207001002014001","DC","0207001002014001",0.01,2.76
"6817","0207001002012714","MD","0207001002012714",0.07,16.34
"6818","0207001002012715","MD","0207001002012715",0.08,19.05
"6819","0207001002012716","MD","0207001002012716",0.04,9.04
"6820","0207001002013814","MD","0207001002013814",2.36,583.03
"6821","0207001002013101","MD","0207001002013101",0.6,149.11
"6822","0207001002013102","MD","0207001002013102",0.47,115.26
"6823","0207001002013103","MD","0207001002013103",0.24,59.74
"6824","0207001002013104","MD","0207001002013104",0.31,77.72
"6825","0207001002013105","MD","0207001002013105",0.42,103.78
"6826","0207001002013106","MD","0207001002013106",0.36,88.27
"6827","0207001002013109","MD","0207001002013109",0.08,19.95
"6828","0207001002013911","MD","0207001002013911",0.02,4.12
"6829","0207001002013912","DC,MD","0207001002013912",0.5,122.72
"6830","0207001002013913","MD","0207001002013913",0.1,25.54
"6831","0207001002013110","MD","0207001002013110",0.19,47.32
"6832","0207001002013111","MD","0207001002013111",0.33,81.44
"6833","0207001002040437","MD","0207001002040437",0.01,1.59
"6834","0207001002040438","MD","0207001002040438",0.03,8.27
"6835","0207001002040439","MD","0207001002040439",0.02,5.39
"6836","0207001002040440","MD","0207001002040440",0.27,65.78
"6837","0207001002040441","MD","0207001002040441",0,0.05
"6838","0207001002012718","MD","0207001002012718",0.04,9.28
"6839","0207001002040442","MD","0207001002040442",0.04,9.41
"6840","0207001002012721","MD","0207001002012721",0.01,3.2
"6841","0207001002013201","MD","0207001002013201",0.95,235.11
"6842","0207001002040443","MD","0207001002040443",0.14,33.51
"6843","0207001002040444","MD","0207001002040444",0.04,9.99
"6844","0207001002040445","MD","0207001002040445",0.54,132.56
"6845","0207001002012717","MD","0207001002012717",0.02,5.07
"6846","0207001002012719","MD","0207001002012719",0.03,7.89
"6847","0207001002013202","MD","0207001002013202",0.01,2.14
"6848","0207001002012720","MD","0207001002012720",0.11,27.61
"6849","0207001002013203","MD","0207001002013203",0.04,10.98
"6850","0207001002013204","MD","0207001002013204",0.04,8.66
"6851","0207001002013205","MD","0207001002013205",0.37,90.37
"6852","0207001002013206","MD","0207001002013206",0.28,68.5
"6853","0207001002014003","DC","0207001002014003",0.01,2.37
"6854","0207001002013207","MD","0207001002013207",0.02,5.26
"6855","0207001002040450","MD","0207001002040450",0,0.61
"6856","0207001002040451","MD","0207001002040451",0.01,1.86
"6857","0207001002013208","MD","0207001002013208",0.07,18.16
"6858","0207001002040452","MD","0207001002040452",0,0.2
"6859","0207001002013209","MD","0207001002013209",0.04,10.97
"6860","0207001002014002","DC","0207001002014002",0.01,3.51
"6861","0207001002040446","MD","0207001002040446",0.05,11.13
"6862","0207001002012722","MD","0207001002012722",0.01,1.9
"6863","0207001002040447","MD","0207001002040447",0.04,9.22
"6864","0207001002014004","DC","0207001002014004",0.01,2.75
"6865","0207001002014005","DC,MD","Mount Saint Sepulchre",4.41,1089.63
"6866","0207001002040448","MD","0207001002040448",0.17,42.25
"6867","0207001002040449","MD","0207001002040449",0.26,64.12
"6868","0207001002014007","MD","0207001002014007",0,0
"6869","0207001002012723","MD","0207001002012723",0.04,9.73
"6870","0207001002012724","MD","0207001002012724",0.16,39.1
"6871","0207001002013210","MD","0207001002013210",0,1
"6872","0207001002013211","MD","0207001002013211",0.05,11.96
"6873","0207001002040603","MD","0207001002040603",0.01,2.62
"6874","0207001002013212","MD","0207001002013212",0.1,24.14
"6875","0207001002013213","MD","0207001002013213",0.04,11.1
"6876","0207001002013214","MD","0207001002013214",0.02,5.08
"6877","0207001002013215","MD","0207001002013215",0.04,10.92
"6878","0207001002013216","MD","0207001002013216",0.12,28.83
"6879","0207001002014110","MD","0207001002014110",0.02,3.86
"6880","0207001002013217","MD","0207001002013217",0.13,31.2
"6881","0207001002013218","MD","0207001002013218",0.18,44.13
"6882","0207001002014111","MD","0207001002014111",0.32,79.87
"6883","0207001002013219","MD","0207001002013219",0.02,5.03
"6884","0207001002014101","MD","0207001002014101",0.03,6.22
"6885","0207001002014113","MD","0207001002014113",0.71,176.01
"6886","0207001002014114","DC,MD","0207001002014114",0.42,102.6
"6887","0207001002013220","MD","0207001002013220",0.2,48.47
"6888","0207001002040453","MD","0207001002040453",0.31,76.09
"6889","0207001002040454","MD","0207001002040454",1.57,387.6
"6890","0207001002014006","DC","0207001002014006",0.12,28.48
"6891","0207001002014102","MD","0207001002014102",0.05,11.71
"6892","0207001002014103","MD","0207001002014103",0.07,18.35
"6893","0207001002014104","MD","0207001002014104",0.16,40.19
"6894","0207001002014105","MD","0207001002014105",0.7,171.91
"6895","0207001002014106","MD","0207001002014106",0.18,45.21
"6896","0207001002014107","MD","0207001002014107",0.11,26
"6897","0207001002014108","MD","0207001002014108",0.01,3.01
"6898","0207001002014109","MD","0207001002014109",0.03,7.81
"6899","0207001002014112","MD","0207001002014112",0.26,63.87
"6900","0207001002040455","MD","0207001002040455",0.21,51.66
"6901","0207001002040601","MD","0207001002040601",0.29,71.25
"6902","0207001002040602","MD","0207001002040602",0.07,16.17
"6903","0207001002040604","MD","0207001002040604",0.03,7.58
"6904","0207001002040610","MD","0207001002040610",0.01,3.57
"6905","0207001002040605","MD","0207001002040605",0.01,2.89
"6906","0207001002040606","MD","0207001002040606",0.01,2.69
"6907","0207001002040611","MD","0207001002040611",0,0.02
"6908","0207001002040607","MD","0207001002040607",0.05,12.6
"6909","0207001002013229","MD","0207001002013229",0,0.81
"6910","0207001002040608","MD","0207001002040608",0.17,42.18
"6911","0207001002040609","MD","0207001002040609",0.08,18.6
"6912","0207001002012906","MD","0207001002012906",0.02,4.47
"6913","0207001002012907","MD","0207001002012907",0.16,40.66
"6914","0207001002040612","MD","0207001002040612",0.05,12.25
"6915","0207001002040613","MD","0207001002040613",0.47,115.48
"6916","0207001002040614","MD","0207001002040614",0.07,16.08
"6917","0207001002040615","MD","0207001002040615",0.02,6.11
"6918","0207001002012725","MD","0207001002012725",0.01,3.3
"6919","0207001002012901","MD","0207001002012901",0.03,8.57
"6920","0207001002012902","MD","0207001002012902",0.03,8.5
"6921","0207001002012903","MD","0207001002012903",0.05,12.63
"6922","0207001002012908","MD","0207001002012908",0.02,3.76
"6923","0207001002013303","MD","0207001002013303",0.19,47.38
"6924","0207001002012904","MD","0207001002012904",0.05,11.38
"6925","0207001002013312","MD","0207001002013312",0.02,5.27
"6926","0207001002013313","MD","0207001002013313",0.18,43.51
"6927","0207001002013221","MD","0207001002013221",0.04,10.53
"6928","0207001002013222","MD","0207001002013222",0.53,130.35
"6929","0207001002013223","MD","0207001002013223",0.03,7.74
"6930","0207001002013314","MD","0207001002013314",0.41,100.66
"6931","0207001002013315","MD","0207001002013315",0.46,113.72
"6932","0207001002013224","MD","0207001002013224",0.07,16.99
"6933","0207001002013225","MD","0207001002013225",0,0.32
"6934","0207001002013226","MD","0207001002013226",0.41,101.51
"6935","0207001002013227","MD","0207001002013227",0.12,28.47
"6936","0207001002013228","MD","0207001002013228",0.21,51.85
"6937","0207001002013230","MD","0207001002013230",0.07,16.09
"6938","0207001002013301","MD","0207001002013301",0.18,45.03
"6939","0207001002013302","MD","0207001002013302",0.27,66.81
"6940","0207001002014115","MD","0207001002014115",0.89,220.77
"6941","0207001002014201","MD","0207001002014201",0.35,86.01
"6942","0207001002014202","MD","0207001002014202",0,0.12
"6943","0207001002014203","MD","0207001002014203",0.03,7.2
"6944","0207001002014204","MD","0207001002014204",0,1.15
"6945","0207001002014205","MD","0207001002014205",0.65,161.18
"6946","0207001002014206","MD","0207001002014206",1.33,328.56
"6947","0207001002014207","MD","0207001002014207",0.25,62.69
"6948","0207001002040616","MD","0207001002040616",0.18,44.76
"6949","0207001002040617","MD","0207001002040617",0.05,11.41
"6950","0207001002040618","MD","0207001002040618",0.84,206.81
"6951","0207001002040619","MD","0207001002040619",0.52,128.11
"6952","0207001002014208","MD","0207001002014208",0.01,1.5
"6953","0207001002040620","MD","0207001002040620",0.19,47.34
"6954","0207001002040701","MD","0207001002040701",0.17,41.37
"6955","0207001002040702","MD","0207001002040702",0.07,17.7
"6956","0207001002040703","MD","0207001002040703",0,0.19
"6957","0207001002040704","MD","0207001002040704",0.07,18.43
"6958","0207001002040705","MD","0207001002040705",0.13,32.66
"6959","0207001002040706","MD","0207001002040706",0.02,4.89
"6960","0207001002040707","MD","0207001002040707",0,0.2
"6961","0207001002013304","MD","0207001002013304",0.02,4.31
"6962","0207001002013305","MD","0207001002013305",0.13,33.3
"6963","0207001002040708","MD","0207001002040708",0.03,7.45
"6964","0207001002013308","MD","0207001002013308",0,0.89
"6965","0207001002013309","MD","0207001002013309",0.46,114.56
"6966","0207001002013310","MD","0207001002013310",0.11,25.96
"6967","0207001002014209","MD","0207001002014209",0,1.14
"6968","0207001002040709","MD","0207001002040709",0.06,14.47
"6969","0207001002012905","MD","0207001002012905",0.01,3.12
"6970","0207001002013306","MD","0207001002013306",0.11,26.17
"6971","0207001002013307","MD","0207001002013307",0.6,148
"6972","0207001002013311","MD","0207001002013311",0.11,26.3
"6973","0207001002040710","MD","0207001002040710",0,0.16
"6974","0207001002040711","MD","0207001002040711",0.14,35.81
"6975","0207001002040712","MD","0207001002040712",0.01,3.5
"6976","0207001002040713","MD","0207001002040713",0.02,3.9
"6977","0207001002040714","MD","0207001002040714",0.72,176.9
"6978","0207001002040715","MD","0207001002040715",0.1,25.19
"6979","0207001002040716","MD","0207001002040716",0.11,27.53
"6980","0207001002040717","MD","0207001002040717",0,0.1
"6981","0207001002040718","MD","0207001002040718",0.07,16.53
"6982","0207001002040719","MD","0207001002040719",0.02,4.56
"6983","0207001002040720","MD","0207001002040720",0.09,22.79
"6984","0207001002040721","MD","0207001002040721",0.12,28.89
"6985","0207001002040722","MD","0207001002040722",0.03,6.7
"6986","0207001002040723","MD","0207001002040723",0,0.06
"6987","0207001002012909","MD","0207001002012909",0.01,2.9
"6988","0207001002012910","MD","0207001002012910",0.02,5.13
"6989","0207001002012911","MD","0207001002012911",0.02,3.73
"6990","0207001002013320","MD","0207001002013320",0,0.54
"6991","0207001002012912","MD","0207001002012912",0.01,2.87
"6992","0207001002012913","MD","0207001002012913",0.06,15.05
"6993","0207001002012914","MD","0207001002012914",0.09,22.68
"6994","0207001002014211","MD","0207001002014211",0,0.68
"6995","0207001002014212","MD","0207001002014212",1.36,335.36
"6996","0207001002013316","MD","0207001002013316",0.1,24.74
"6997","0207001002013317","MD","0207001002013317",0.03,7.48
"6998","0207001002013318","MD","0207001002013318",0.31,76.09
"6999","0207001002013319","MD","0207001002013319",0.01,1.48
"7000","0207001002013321","MD","0207001002013321",0.07,18.29
"7001","0207001002013322","MD","0207001002013322",0.05,12.07
"7002","0207001002014210","MD","0207001002014210",0.01,1.69
"7003","0207001002040301","MD","0207001002040301",0.17,41.83
"7004","0207001002040302","MD","0207001002040302",0.09,22.41
"7005","0207001002040307","MD","0207001002040307",0.02,3.84
"7006","0207001002040303","MD","0207001002040303",0.02,3.91
"7007","0207001002040304","MD","0207001002040304",0.01,3.05
"7008","0207001002040724","MD","0207001002040724",0.05,11.66
"7009","0207001002040808","MD","0207001002040808",0.03,6.9
"7010","0207001002040725","MD","0207001002040725",0.03,6.29
"7011","0207001002040726","MD","0207001002040726",0.51,125.8
"7012","0207001002012915","MD","0207001002012915",0.01,2.61
"7013","0207001002012916","MD","0207001002012916",0.19,45.87
"7014","0207001002040727","MD","0207001002040727",0.13,31.2
"7015","0207001002012917","MD","0207001002012917",0,1.08
"7016","0207001002040728","MD","0207001002040728",0.03,7.52
"7017","0207001002012918","MD","0207001002012918",0.02,4.73
"7018","0207001002013323","MD","0207001002013323",0.49,122.26
"7019","0207001002040729","MD","0207001002040729",0.08,20.79
"7020","0207001002040801","MD","0207001002040801",0.04,11.11
"7021","0207001002013324","MD","0207001002013324",0.01,1.94
"7022","0207001002013325","MD","0207001002013325",0.45,112.39
"7023","0207001002040802","MD","0207001002040802",0.03,7.1
"7024","0207001002040803","MD","0207001002040803",0.04,10.43
"7025","0207001002012921","MD","0207001002012921",0.01,3.44
"7026","0207001002040804","MD","0207001002040804",0.08,19.68
"7027","0207001002013334","MD","0207001002013334",0,0.96
"7028","0207001002040805","MD","0207001002040805",0.12,30.16
"7029","0207001002040806","MD","0207001002040806",0.1,25.5
"7030","0207001002013335","MD","0207001002013335",0,0.59
"7031","0207001002040807","MD","0207001002040807",0.05,11.91
"7032","0207001002013326","MD","0207001002013326",0.03,6.26
"7033","0207001002040809","MD","0207001002040809",0.03,6.18
"7034","0207001002040810","MD","0207001002040810",0.03,8.16
"7035","0207001002013327","MD","0207001002013327",0.13,30.96
"7036","0207001002040315","MD","0207001002040315",0,0.1
"7037","0207001002013328","MD","0207001002013328",0.01,3.45
"7038","0207001002040305","MD","0207001002040305",0.03,6.39
"7039","0207001002013329","MD","0207001002013329",0.09,21.1
"7040","0207001002013330","MD","0207001002013330",0.48,118.39
"7041","0207001002013331","MD","0207001002013331",0.05,11.89
"7042","0207001002013332","MD","0207001002013332",0.14,35.09
"7043","0207001002013333","MD","0207001002013333",0.53,130.55
"7044","0207001002013343","MD","0207001002013343",0.1,25.16
"7045","0207001002040306","MD","0207001002040306",0.06,13.62
"7046","0207001002040308","MD","0207001002040308",0.19,47.45
"7047","0207001002040309","MD","0207001002040309",0.01,3.57
"7048","0207001002040310","MD","0207001002040310",0.87,215.87
"7049","0207001002040813","MD","0207001002040813",0.02,5.9
"7050","0207001002040311","MD","0207001002040311",0.14,34.97
"7051","0207001002040312","MD","0207001002040312",0.19,45.89
"7052","0207001002040313","MD","0207001002040313",0.04,10.76
"7053","0207001002040811","MD","0207001002040811",0,0.26
"7054","0207001002040812","MD","0207001002040812",0.07,16.44
"7055","0207001002040814","MD","0207001002040814",0.06,15.12
"7056","0207001002012919","MD","0207001002012919",0.01,1.95
"7057","0207001002012920","MD","0207001002012920",0.56,138.32
"7058","0207001002040815","MD","0207001002040815",0.01,2.98
"7059","0207001002040816","MD","0207001002040816",0.19,45.92
"7060","0207001002040817","MD","0207001002040817",0.5,123.11
"7061","0207001002040818","MD","0207001002040818",0.01,1.75
"7062","0207001002040819","MD","0207001002040819",0,0.02
"7063","0207001002013336","MD","0207001002013336",0.02,4.2
"7064","0207001002040822","MD","0207001002040822",0.05,11.88
"7065","0207001002013337","MD","0207001002013337",0.13,31.63
"7066","0207001002013338","MD","0207001002013338",0.1,24.24
"7067","0207001002013339","MD","0207001002013339",0.7,173.53
"7068","0207001002013340","MD","0207001002013340",0.09,21.74
"7069","0207001002013341","MD","0207001002013341",0.08,19.13
"7070","0207001002013342","MD","0207001002013342",0.4,98.05
"7071","0207001002040314","MD","0207001002040314",0.01,2.58
"7072","0207001002040316","MD","0207001002040316",0.04,10.02
"7073","0207001002040501","MD","0207001002040501",0.08,20.39
"7074","0207001002040502","MD","0207001002040502",0.04,10.76
"7075","0207001002040503","MD","0207001002040503",0.42,104.78
"7076","0207001002040504","MD","0207001002040504",0.21,50.81
"7077","0207001002012806","MD","0207001002012806",0.01,3.33
"7078","0207001002013506","MD","0207001002013506",0.6,148.72
"7079","0207001002040505","MD","0207001002040505",0.14,34.34
"7080","0207001002040820","MD","0207001002040820",0.05,12.94
"7081","0207001002013502","MD","0207001002013502",0.02,5.86
"7082","0207001002040821","MD","0207001002040821",0.06,14.5
"7083","0207001002013503","DC,MD","0207001002013503",0.31,76.87
"7084","0207001002040823","MD","0207001002040823",0.08,19.87
"7085","0207001002040523","MD","0207001002040523",0.01,2.64
"7086","0207001002040824","MD","0207001002040824",0.06,15.4
"7087","0207001002040825","MD","0207001002040825",0.01,1.87
"7088","0207001002040826","MD","0207001002040826",0.03,7.56
"7089","0207001002012922","MD","0207001002012922",0.01,2.88
"7090","0207001002013344","MD","0207001002013344",0,0.35
"7091","0207001002013345","MD","0207001002013345",0.04,10.5
"7092","0207001002013346","MD","0207001002013346",0,0.07
"7093","0207001002040829","MD","0207001002040829",0.01,2.42
"7094","0207001002040830","MD","0207001002040830",0.13,32.73
"7095","0207001002040831","MD","0207001002040831",0.29,72.69
"7096","0207001002013347","MD","0207001002013347",0.06,15.71
"7097","0207001002013348","MD","0207001002013348",0.25,62.08
"7098","0207001002013349","MD","0207001002013349",0.41,102.05
"7099","0207001002040519","MD","0207001002040519",0.01,3.49
"7100","0207001002040520","MD","0207001002040520",0.7,172.41
"7101","0207001002013350","MD","0207001002013350",0.04,10.84
"7102","0207001002013351","MD","0207001002013351",0.25,62.48
"7103","0207001002013352","MD","0207001002013352",0.28,69.18
"7104","0207001002013353","MD","0207001002013353",0.16,40.48
"7105","0207001002013501","MD","0207001002013501",0.12,30.05
"7106","0207001002040521","MD","0207001002040521",0.21,51.07
"7107","0207001002040827","MD","0207001002040827",0.02,4.04
"7108","0207001002013504","MD","0207001002013504",0.06,14.29
"7109","0207001002040828","MD","0207001002040828",0.15,36.01
"7110","0207001002013505","DC,MD","0207001002013505",0.12,29.21
"7111","0207001002040506","MD","0207001002040506",0.04,9.46
"7112","0207001002040507","MD","0207001002040507",0.02,4.57
"7113","0207001002040508","MD","0207001002040508",0.03,6.79
"7114","0207001002040509","MD","0207001002040509",0.02,4.54
"7115","0207001002040510","MD","0207001002040510",0.33,81.23
"7116","0207001002040511","MD","0207001002040511",0.06,14.83
"7117","0207001002040512","MD","0207001002040512",0.46,113.58
"7118","0207001002040513","MD","0207001002040513",0.5,122.39
"7119","0207001002012923","MD","0207001002012923",0.02,4.13
"7120","0207001002040514","MD","0207001002040514",0.03,7.55
"7121","0207001002040515","MD","0207001002040515",0.05,11.23
"7122","0207001002040516","MD","0207001002040516",0.62,152.05
"7123","0207001002040517","MD","0207001002040517",0,0.15
"7124","0207001002040518","MD","0207001002040518",0.26,63.56
"7125","0207001002012924","MD","0207001002012924",0.02,5.23
"7126","0207001002012925","MD","0207001002012925",0.58,143.43
"7127","0207001002012804","MD","0207001002012804",0.01,3.07
"7128","0207001002012805","MD","0207001002012805",0.39,97.52
"7129","0207001002012801","MD","0207001002012801",0.14,34.93
"7130","0207001002012802","MD","0207001002012802",0.11,25.99
"7131","0207001002012803","MD","0207001002012803",0.09,21.61
"7132","0207001002013507","MD","0207001002013507",0.04,9.25
"7133","0207001002040838","MD","0207001002040838",0.02,3.74
"7134","0207001002013508","MD","0207001002013508",0.04,10.51
"7135","0207001002013509","MD","0207001002013509",0.2,49.43
"7136","0207001002013510","MD","0207001002013510",0.32,78.99
"7137","0207001002013511","MD","0207001002013511",0.15,36.86
"7138","0207001002013512","MD","0207001002013512",0.02,5.67
"7139","0207001002013513","MD","0207001002013513",0.02,5.18
"7140","0207001002013514","MD","0207001002013514",0.16,39.15
"7141","0207001002013515","MD","0207001002013515",0.03,6.88
"7142","0207001002013518","MD","0207001002013518",0.03,8
"7143","0207001002013516","MD","0207001002013516",0.07,16.45
"7144","0207001002013517","MD","0207001002013517",0.45,110.94
"7145","0207001002012810","MD","0207001002012810",0,0.89
"7146","0207001002013519","MD","0207001002013519",0.03,6.86
"7147","0207001002040522","MD","0207001002040522",0.01,1.92
"7148","0207001002013520","MD","0207001002013520",0.09,22.02
"7149","0207001002013521","MD","0207001002013521",0.23,57.21
"7150","0207001002013401","MD","0207001002013401",0.65,161.3
"7151","0207001002013402","MD","0207001002013402",0.41,102.35
"7152","0207001002040832","MD","0207001002040832",0.03,6.69
"7153","0207001002040836","MD","0207001002040836",0.04,10.6
"7154","0207001002040833","MD","0207001002040833",0.03,6.59
"7155","0207001002040837","MD","0207001002040837",0.03,6.32
"7156","0207001002040834","MD","0207001002040834",0.07,16.77
"7157","0207001002040835","MD","0207001002040835",0.09,22.29
"7158","0207001002040839","MD","0207001002040839",0.07,17.53
"7159","0207001002012807","MD","0207001002012807",0.04,9.88
"7160","0207001002012808","MD","0207001002012808",0.01,3.33
"7161","0207001002013407","MD","0207001002013407",0.03,7.8
"7162","0207001002012809","MD","0207001002012809",0.17,43.02
"7163","0207001002040533","MD","0207001002040533",0.77,190.51
"7164","0207001002040534","MD","0207001002040534",0.13,30.9
"7165","0207001002012811","MD","0207001002012811",0.18,43.82
"7166","0207001002013403","MD","0207001002013403",0.05,11.2
"7167","0207001002013404","MD","0207001002013404",0.18,45.58
"7168","0207001002013405","MD","0207001002013405",0.02,4.79
"7169","0207001002013406","MD","0207001002013406",0.11,26.02
"7170","0207001002013408","MD","0207001002013408",0.17,40.91
"7171","0207001002013409","MD","0207001002013409",0.03,7.99
"7172","0207001002013410","MD","0207001002013410",0.62,154.18
"7173","0207001002013411","MD","0207001002013411",0.02,6.08
"7174","0207001002013412","MD","0207001002013412",0.08,20
"7175","0207001002013413","MD","0207001002013413",0.11,27.17
"7176","0207001002013414","MD","0207001002013414",0.49,121.96
"7177","0207001002013415","MD","0207001002013415",0.02,3.81
"7178","0207001002040524","MD","0207001002040524",1.13,279.1
"7179","0207001002040525","MD","0207001002040525",0.01,3.31
"7180","0207001002040526","MD","0207001002040526",0.38,94.51
"7181","0207001002040527","MD","0207001002040527",0.07,18.42
"7182","0207001002040528","MD","0207001002040528",0.5,122.56
"7183","0207001002040404","MD","0207001002040404",0.02,3.96
"7184","0207001002040529","MD","0207001002040529",0.07,17.19
"7185","0207001002040530","MD","0207001002040530",0.02,5.42
"7186","0207001002040531","MD","0207001002040531",0.59,146.4
"7187","0207001002040532","MD","0207001002040532",0.03,7.03
"7188","0207001002040401","MD","0207001002040401",0.1,23.67
"7189","0207001002040402","MD","0207001002040402",0.11,28.29
"7190","0207001002040403","MD","0207001002040403",0.36,88.92
"7191","0207001002040840","MD","0207001002040840",0.02,5.56
"7192","0207001002040841","MD","0207001002040841",0.03,6.19
"7193","0207001002040842","MD","0207001002040842",0.04,10.65
"7194","0207001002040845","MD","0207001002040845",0.02,5.7
"7195","0207001002040846","MD","0207001002040846",0.19,48.07
"7196","0207001002040843","MD","0207001002040843",0.08,19.41
"7197","0207001002040847","MD","0207001002040847",0.01,1.64
"7198","0207001002040844","MD","0207001002040844",0.09,22.86
"7199","0207001002040848","MD","0207001002040848",0.02,6.15
"7200","0207001002040849","MD","0207001002040849",0.03,8.53
"7201","0207001002040850","MD","0207001002040850",0.06,14.5
"7202","0207001002040851","MD","0207001002040851",0.08,20.24
