"","X","huc12","states","name","areasqkm","areaacres"
"8231","8231","020302030000","CT,NY,RI","Long Island Sound",3082.16,761618.25
"8494","8494","050100020104","NY","West Branch Conewango Creek",121.43,30006.85
"10455","10455","050100011103","NY,PA","Hare Creek",78.01,19277.71
"10456","10456","041201010101","NY","Silver Creek",60.16,14865.45
"11781","11781","020302020804","NY,RI","Block Island Sound",628.26,155247.29
"12764","12764","020301040504","NY","Gerritsen Creek-Rockaway Inlet",33.16,8194.43
"12805","12805","020301040505","NY","Town of Coney Island-Frontal Gravesend Bay",37.81,9341.89
"12958","12958","020302010401","NY","Wading River-Frontal Long Island Sound",47.4,11712.79
"12959","12959","020302010402","NY","Mattituck Creek-Frontal Long Island Sound",49.53,12238.01
"12961","12961","020302010403","NY","Fishers Island-Frontal Long Island Sound",14.63,3615.57
"14400","14400","020302020202","NY","Massapequa Creek-South Oyster Bay",94.79,23423.37
"14429","14429","020302020205","NY","Milburn Creek-Middle Bay",67.97,16796.85
"14432","14432","020302020206","NY","Reynolds Channel-East Rockaway Inlet",42.78,10571.59
"14433","14433","020302020207","NY","Bellmore Creek-East Bay",102.08,25224.9
"14468","14468","020302020303","NY","Patchogue River-Frontal Patchogue Bay",47.21,11665.75
"14469","14469","020302020304","NY","Swan River-Great South Bay",137.59,33999.7
"14470","14470","020302020305","NY","Brown Creek-Great South Bay",95.89,23693.82
"14496","14496","020302020402","NY","Orowoc Creek-Great Cove",54.79,13537.98
"14498","14498","020302020406","NY","Santapogue Creek-Great South Bay",72.4,17890.76
"14509","14509","020302020601","NY","Forge River-Moriches Bay",97.71,24144.44
"14717","14717","020302020903","NJ,NY","020302020903-Atlantic Ocean",889.36,219765.67
"14721","14721","020302020801","NY","Gardiners Island-Frontal Block Island Sound",21.18,5234.26
"14722","14722","020302020802","NY","Lake Montauk-Frontal Block Island Sound",46.07,11383.66
"14723","14723","020302020803","NY","Fishers Island-Frontal Block Island Sound",9.97,2463.46
"14724","14724","020302020602","NY","East River-Moriches Bay",108.28,26756.22
"14725","14725","020302020603","NY","Quantuck Bay-Shinnecock Bay",85.76,21191.19
"14726","14726","020302020604","NY","Heady Creek-Shinnecock Bay",49.08,12128.38
"14727","14727","020302020605","NY","Mecox Bay",59.59,14726
"14728","14728","020302020606","NY","Georgica Pond-Frontal Atlantic Ocean",65.81,16261.39
"15111","15111","011000060201","CT,NY","Silvermine River",58.34,14415.03
"15112","15112","011000060401","CT,NY","Rippowam River-Frontal Stamford Harbor",96.58,23865.77
"15113","15113","011000060402","CT,NY","Mianus River-Frontal Cos Cob Harbor",90.14,22274.73
"15114","15114","011000050501","CT,NY","Headwaters Webatuck Creek",89.2,22040.78
"15115","15115","011000050601","CT,NY","Lake Candlewood",104.96,25936.15
"15116","15116","011000060403","CT,NY","Byram River",77.44,19136.98
"15117","15117","011000060404","CT,NY","Fivemile River-Frontal Long Island Sound",108.16,26727.89
"15122","15122","011000050504","NY","Wassaic Creek",96.91,23946.78
"15167","15167","020301040404","NJ,NY","Staten Island East-Raritan Bay",93.1,23006.22
"15168","15168","020301040201","NJ,NY","Woodbridge Creek-Arthur Kill",101.22,25011
"15169","15169","020301040204","NJ,NY","Morses Creek-Arthur Kill",76.61,18931.55
"15170","15170","020301040403","NJ,NY","Waackaack Creek-Frontal Raritan Bay",83.95,20745.5
"15190","15190","020301020105","NY","Westchester Creek-East River",85.35,21091.3
"15191","15191","020301020203","NY","East Creek-Frontal Long Island Sound",45.54,11252.55
"15192","15192","020302010102","NY","Mitchells Creek-Manhasset Bay",47.11,11641.74
"15193","15193","020302010104","NY","East Creek-Frontal Long Island Sound",22.66,5598.75
"15196","15196","020301040405","NJ,NY","Lower Bay",174.1,43021.07
"15199","15199","020301010302","NY","Plum Brook-Croton River",69.48,17169.16
"15200","15200","020301020201","NY","Hutchinson River-Eastchester Bay",50.16,12395.78
"15201","15201","020302010201","NY","Mill Neck Creek-Oyster Bay Harbor",70.42,17400.28
"15221","15221","020302010202","NY","Cold Spring Harbor-Frontal Long Island Sound",66,16309.93
"15222","15222","020302010203","NY","Lloyd Harbor-Frontal Huntington Bay",43.2,10675.16
"15249","15249","020302010302","NY","Nissequogue River-Frontal Long Island Sound",110.06,27196.44
"15253","15253","020302010204","NY","Northport Bay-Frontal Huntington Bay",38.35,9477.47
"15255","15255","020302010301","NY","Town of Crab Meadow-Frontal Long Island Sound",38.85,9601.08
"15256","15256","020302010303","NY","West Meadow Creek-Frontal Smithtown Bay",37.43,9249
"15257","15257","020302010304","NY","Mount Sinai Harbor-Frontal Long Island Sound",66.41,16409.59
"15258","15258","020301040501","NY","Hook Creek-Head of Bay",104.54,25831.4
"15259","15259","020301040502","NY","Grassy Bay-Jamaica Bay",92.49,22853.79
"15260","15260","020301040503","NY","Island Channel-Jamaica Bay",125.66,31050.68
"15934","15934","050100020404","NY","Elm Creek",48.55,11996.73
"15936","15936","050100020407","NY","Cass Run-Conewango Creek",99.75,24649.97
"15937","15937","050100020503","NY","Frews Run-Conewago Creek",62.64,15479.88
"16061","16061","050100011003","NY,PA","Middle Little Brokenstraw Creek",35.01,8652.3
"16062","16062","050100011102","NY,PA","Brownell Branch-Brokenstraw Creek",130.62,32277.71
"16063","16063","050100011202","NY,PA","Wolf Run-Allegheny River",63.66,15731.43
"16065","16065","050100011203","NY,PA","Willow Creek",64.85,16024.3
"16107","16107","050100011204","NY,PA","Sawmill Run-Allegheny River",116.93,28894.6
"16109","16109","050100040101","NY,PA","Findley Lake-West Branch French Creek",72.94,18024.48
"16110","16110","050100040303","NY,PA","Beaver Meadow Brook-French Creek",109.95,27169.56
"16115","16115","050100010705","NY","Lower Great Valley Creek",51.84,12810.89
"16178","16178","050100011002","NY","Upper Little Brokenstraw Creek",34.92,8628.38
"16182","16182","050100010803","NY","Red House Brook",94.59,23373.36
"16184","16184","050100010805","NY","Cold Spring Creek-Allegheny River",120.9,29876.12
"16247","16247","050100010605","NY","Outlet Tunungwant Creek",69.13,17082.41
"16288","16288","050100010501","NY","Dodge Creek",123.43,30500.95
"16290","16290","050100010403","NY","Gates Creek",51.24,12662.72
"16292","16292","050100010405","NY","Cuba Lake Outlet",68.55,16938.85
"16293","16293","050100040301","NY","Beaver Marsh-French Creek",67.51,16682.64
"16295","16295","050100010204","NY,PA","Honeoye Creek",131.7,32543.91
"16296","16296","050100010205","NY,PA","Little Genesee Creek",112.66,27839.24
"16297","16297","050100010207","NY,PA","Outlet Oswayo Creek",136.7,33779.01
"16298","16298","050100010311","NY,PA","Indian Creek-Allegheny River",76.89,18999.54
"16301","16301","050100020105","NY","Blaisdell Creek-Conewango Creek",34.41,8503.15
"16336","16336","050100010505","NY","Chipmunk Creek-Allegheny River",106.94,26426.43
"16345","16345","050100010504","NY","Fourmile Creek-Allegheny River",114.98,28412.87
"16346","16346","050100010602","NY,PA","West Branch Tunungwant Creek",108.98,26929.68
"16357","16357","050100020102","NY","Slab City Creek",67.94,16789.19
"16360","16360","050100010703","NY","Forks Creek",67.53,16686.83
"16372","16372","050100020206","NY","Bemus Creek-Chautauqua Lake",85.88,21222.12
"16375","16375","050100020203","NY","Wing Creek-Prendergast Creek",60.22,14880.62
"16377","16377","050100020207","NY","Chautauqua Lake-Chadakoin River",97.01,23971.91
"16378","16378","050100020301","NY","Bear Lake Outlet",84.42,20860.94
"16379","16379","050100020303","NY","Upper Cassadaga Creek",96.76,23910.5
"16380","16380","050100020401","NY","Mud Creek",67.62,16708.42
"20866","20866","020401040306","NY","Turner Brook-Bush Kill",50.16,12395.92
"20893","20893","020401020104","NY","Lower Willowemoc Creek",95.73,23654.18
"20894","20894","020401020102","NY","Upper Willowemoc Creek",72.56,17930.56
"20895","20895","020401020103","NY","Middle Willowemoc Creek",92.08,22753.5
"20896","20896","020401010301","NY","Cold Spring Creek",79.68,19689.14
"20897","20897","020401010304","NY","Big Hollow-West Branch Delaware River",57.24,14145.32
"20898","20898","020401020306","NY","Huckleberry Brook-East Branch Delaware River",68.24,16862.65
"20899","20899","020401020403","NY","Barkaboom Stream-East Branch Delaware River",71.4,17643.06
"20900","20900","020401020405","NY","Holliday Brook-East Branch Delaware River",91.96,22723.11
"20901","20901","020401020504","NY","Read Creek",44.58,11016.31
"20902","20902","020401020506","NY","Cadosia Creek",46.73,11546.38
"20903","20903","020401040102","NY","East Mongaup River",67.52,16685.55
"20904","20904","020401040104","NY","Swinging Bridge Reservoir-Mongaup River",121.29,29972.39
"20906","20906","020401040201","NY","Gumaer Brook-Basher Kill",64.13,15847.28
"20908","20908","020401040302","NY","East Branch Neversink River",71.38,17638.55
"20910","20910","020401040303","NY","Neversink River",78.9,19496.63
"20911","20911","020401040305","NY","Upper Neversink River",119.95,29639.99
"20916","20916","020401040503","NY","Mill Brook",50.49,12477.4
"20917","20917","020401040307","NY","Middle Neversink River",115.25,28479.91
"20918","20918","020401040501","NY","Beaver Brook",60.96,15063.49
"20919","20919","020401040502","NY","Halfway Brook",73.34,18123.83
"20941","20941","020401010207","NY","Cannonsville Reservoir-West Branch Delaware River",136.81,33805.69
"20974","20974","020403010800","NJ,NY","020403010800-Atlantic Ocean",773.84,191221.05
"20987","20987","020401040308","NJ,NY","Lower Neversink River",113.14,27957.48
"20992","20992","020401010305","NY,PA","Sherman Creek-West Branch Delaware River",95.2,23524.65
"21003","21003","020401040504","NY,PA","Twin Lakes Creek-Delaware River",104.13,25731.28
"21008","21008","020401010102","NY","Betty Brook-West Branch Delaware River",65.14,16095.45
"21056","21056","020401010106","NY","Elk Brook-West Branch Delaware River",88.76,21931.82
"21060","21060","020401010103","NY","Rose Brook-West Branch Delaware River",66.07,16327.17
"21061","21061","020401010104","NY","Kidd Brook-West Branch Delaware River",70.97,17537.2
"21062","21062","020401010105","NY","Little Delaware River",135.13,33390.3
"21063","21063","020401010201","NY","Platner Brook-West Branch Delaware River",77.54,19160.46
"21064","21064","020401010202","NY","Bagley Brook-West Branch Delaware River",78.03,19282.38
"21065","21065","020401010203","NY","East Brook",64.87,16028.98
"21066","21066","020401010204","NY","Mallory Brook-West Branch Delaware River",57.65,14244.69
"22491","22491","020200040311","NY","Reall Creek-Mohawk River",98.98,24457.43
"22500","22500","020200040404","NY","Honnedaga Lake-West Canada Creek",75.39,18628.59
"22503","22503","020200040704","NY","Steele Creek",70.67,17463.9
"22504","22504","020200040706","NY","Bridenbecker Creek-Mohawk River",79.27,19587.11
"22505","22505","020200040804","NY","Middle Sprite Creek",52.95,13084.52
"22506","22506","020200040901","NY","Zimmerman Creek-Mohawk River",142.44,35198.17
"22511","22511","020200041004","NY","Headwaters Cayadutta Creek",70.65,17457.86
"22512","22512","020200041005","NY","Hall Creek-Cayadutta Creek",94.45,23339.71
"22513","22513","020200041106","NY","Headwaters Alplaus Kill",59.33,14660.48
"22514","22514","020200041107","NY","Indian Kill-Alplaus Kill",85.37,21095.87
"22516","22516","020200030102","NY,VT","Mill Brook-White Creek",126.14,31170.11
"22517","22517","020200030206","NY,VT","Steele Brook-Batten Kill",78.84,19482.58
"22519","22519","020200070505","NY","Vernooy Kill-Rondout Creek",101.95,25191.84
"22520","22520","020200070603","NY","Peters Kill-Rondout Creek",135,33358.06
"22521","22521","020200070604","NY","Coxing Kill-Rondout Creek",91.33,22569.35
"22522","22522","020200070605","NY","Twaalfskill Brook-Rondout Creek",73.29,18110.05
"22523","22523","020200080106","NY","Twaalfskill Creek-Hudson River",110.14,27216.54
"22534","22534","020200040906","NY","Upper Canajoharie Creek",58.79,14528.06
"22535","22535","020200040907","NY","Middle Canajoharie Creek",63.38,15662.53
"22536","22536","020200040908","NY","Lower Canajoharie Creek",53.48,13216.21
"22537","22537","020200050205","NY","Huntersfield Creek-Schoharie Creek",73.17,18080.3
"22538","22538","020200030704","NY,VT","Walloomsac River",149.78,37011.79
"22540","22540","020200050304","NY","Mill Creek-West Kill",78.98,19515.19
"22541","22541","020200050403","NY","Line Creek-Schoharie Creek",88.82,21947.3
"22542","22542","020200030703","NY,VT","Little White Creek",61.72,15252.05
"22543","22543","020200030804","NY,VT","Browns Brook-Hoosic River",105.62,26099.97
"22544","22544","020200030901","NY,VT","White Creek",51.15,12639.03
"22545","22545","020200060402","NY","Onesquethaw Creek",145.05,35841.43
"22546","22546","020200050503","NY","Beaverdam Creek-Fox Creek",54.5,13466.67
"22548","22548","020200050604","NY","Bear Gulch-Cobleskill Creek",63.71,15743.48
"22550","22550","020200060204","NY","Bozen Kill",94.99,23472.87
"22551","22551","020200060403","NY","Hannacrois Creek",170.73,42187.28
"22552","22552","020200060505","NY","Loomis Creek-Taghkanic Creek",128.71,31804.47
"22553","22553","020200060703","NY","Beaver Kill-Kaaterskill Creek",78.5,19398.69
"22554","22554","020200060802","NY","Squirmer Valley-Catskill Creek",104.61,25850.48
"22555","22555","020200020302","NY","Cherry Brook-Sacandaga River",32.26,7971.05
"22556","22556","020200060807","NY","Potic Creek",115.89,28636.78
"22557","22557","020200061105","NY","Mudder Kill-Hudson River",81.15,20051.59
"22558","22558","020200070303","NY","Middle Shawangunk Kill",107.42,26543.38
"22559","22559","020200070304","NY","Lower Shawangunk Kill",119.79,29600.96
"22560","22560","020200060905","NY","Ashokan Reservoir-Esopus Creek",205.8,50855.4
"22561","22561","020200070301","NY","Headwaters Shawangunk Kill",78.84,19481.72
"22562","22562","020200070302","NY","Upper Shawangunk Kill",76.3,18853.53
"22563","22563","020200070404","NY","Dwaar Kill",73.15,18076.85
"22564","22564","020200070501","NY","Sugarloaf Brook-Rondout Creek",123.95,30628.53
"22565","22565","020200070502","NY","Rondout Reservoir-Rondout Creek",122.43,30254.17
"22566","22566","020200070503","NY","Beer Kill",109.16,26974.63
"22567","22567","020200080301","NY","Whaley Lake Stream",46.25,11428.68
"22568","22568","020200080404","NY","Satterly Creek-Moodna Creek",67.2,16605.32
"22572","22572","020200080504","NY","Popolopen Creek",76.94,19011.32
"22580","22580","020200061002","MA,NY","Bash Bish Brook",82.63,20418.55
"22583","22583","020200030803","NY,VT","Ladd Brook-Hoosic River",68.44,16912.99
"22585","22585","020200070201","NJ,NY","Upper Wawayanda Creek",97.97,24208.4
"22586","22586","020200070202","NJ,NY","Lower Wawayanda Creek",76.05,18792.61
"22587","22587","020200020204","NY","Hamilton Lake Stream-West Branch Sacandaga River",94.25,23290.88
"22588","22588","020200020103","NY","Stewart Creek-East Branch Sacandaga River",68.86,17016.15
"22589","22589","020200020202","NY","Piseco Outlet",160.41,39637.88
"22590","22590","020200020203","NY","North Branch West Branch Sacandaga River-West Branch Sacandaga River",164.6,40674.27
"22591","22591","020200020301","NY","Hatchery Brook-Sacandaga River",54.24,13402
"22592","22592","020200020304","NY","Robbs Creek-Sacandaga River ",62.19,15366.81
"22593","22593","020200020305","NY","Dunning Creek-Sacandaga River",57.34,14169.9
"22595","22595","020200020306","NY","Mill Creek-Sacandaga River",69.71,17225.06
"22596","22596","020200020307","NY","Doig Creek-Sacandaga River",88.76,21932.87
"22597","22597","020200020504","NY","Wilcox Outlet-East Stony Creek",51.22,12657.78
"22598","22598","020200020402","NY","Holmes Lake Outlet",36.67,9060.79
"22599","22599","020200020601","NY","Frenchman Creek-Sacandaga River",33.9,8375.77
"22600","22600","020200020404","NY","Chase Lake Outlet-West Stony Creek",54.68,13511.37
"22602","22602","020200020405","NY","Hatch Brook-West Stony Creek",38.63,9546.82
"22605","22605","020200020401","NY","West Stony Creek",33.59,8301.29
"22606","22606","020200020602","NY","Kennyetto Creek-Sacandaga River",139.65,34507.73
"22607","22607","020200020606","NY","Hunters Creek-Sacandaga River ",87.89,21717.61
"22608","22608","020200020603","NY","Cranberry Creek-Sacandaga River",33.82,8358.03
"22609","22609","020200020604","NY","Hans Creek-Sacandaga River ",83.89,20730.59
"22610","22610","020200020605","NY","Mayfield Creek-Sacandaga River ",131.45,32481.78
"22611","22611","020200020705","NY","Bell Brook-Sacandaga River",168.92,41740.38
"22612","22612","020200020706","NY","Breen Brook-Sacandaga River",35.08,8667.52
"22613","22613","020200030401","NY","Upper Kayaderosseras Creek",85.98,21246.54
"22614","22614","020200030403","NY","Middle Kayaderosseras Creek",64.25,15875.93
"22615","22615","020200030406","NY","Lower Kayaderosseras Creek",128.12,31658.75
"22616","22616","020200030503","NY","Old Champlain Canal",58.21,14383.75
"22617","22617","020200031005","NY","Tomhannock Creek",81.91,20239.27
"22618","22618","020200031104","NY","Mill Hollow Brook-Hudson River",122.49,30266.75
"22619","22619","020200040301","NY","Hurlbut Glen Brook-Mohawk River",25.35,6263.51
"22620","22620","020200031107","NY","Troy Reservoir-Hudson River",25.24,6238.06
"22621","22621","020200040101","NY","West Branch Mohawk River",89.11,22020.71
"22623","22623","020200040105","NY","Delta Reservoir-Mohawk River",67.34,16639.83
"22625","22625","020200040303","NY","Sixmile Creek",52.98,13091.98
"22627","22627","020200040304","NY","Upper Ninemile Creek",61.49,15194.25
"22628","22628","020200040305","NY","Middle Ninemile Creek",47.66,11777.78
"22629","22629","020200040306","NY","Lower Ninemile Creek",76.48,18899.48
"22630","22630","020200040307","NY","Old Erie Canal-Mohawk River",22.16,5477
"27673","27673","050100010406","NY","Oil Creek",95.68,23642.45
"27674","27674","020501040402","NY","Headwaters Canisteo River",84.54,20889.06
"27675","27675","041300020601","NY","Black Creek-Genesee River",80.16,19809.15
"27676","27676","041300020903","NY","Bennett Creek-Canaseraga Creek",106.6,26340.24
"27677","27677","041300030302","NY","Honeoye Creek",87.55,21634.9
"27678","27678","041401010701","NY","Headwaters Irondequoit Creek",87.65,21657.69
"29822","29822","020501010603","NY","Ostego Lake-Susquehanna River",108.53,26819.22
"29844","29844","020501020106","NY","Lower East Branch Tioughnioga River",110.01,27184.1
"29845","29845","020501010906","NY","Shawler Book-Center Brook",60.49,14946.77
"29847","29847","020501020104","NY","Upper East Branch Tioughnioga River",58.28,14402.1
"29849","29849","020501020202","NY","Upper Little York Lake-West Branch Tioughnioga River",90.22,22292.67
"29851","29851","020501040802","NY,PA","North Fork Cowanesque River",56.06,13853.42
"29853","29853","020501040908","NY,PA","Lower Tioga River",105.45,26057.7
"29854","29854","020501040910","NY,PA","Outlet Tioga River",135.78,33551.7
"29855","29855","020501050606","NY","Wynkoop Creek",92.18,22778.17
"31379","31379","041401010102","NY","Eightmile Creek-Frontal Lake Ontario",60.37,14918.79
"31485","31485","041201020101","NY","Skim Lake-Clear Creek",83.17,20551.07
"31505","31505","041401010502","NY","Salmon Creek",50.35,12441.44
"31506","31506","041401010303","NY","Brush Marsh-Frontal Lake Ontario",11.77,2908.44
"31507","31507","041401010602","NY","Bear Creek",41.32,10210.92
"31508","31508","041401010603","NY","Mill Creek-Frontal Lake Ontario",82.96,20500.34
"31509","31509","041401010604","NY","Fourmile Creek",63.5,15692.09
"33821","33821","041402020101","NY","Alder Creek",73.48,18156.95
"35597","35597","020200010702","NY","Millington Brook-Hudson River",86.35,21336.52
"35701","35701","020200010608","NY","Big Brook-Schroon River",88.02,21749.4
"35703","35703","020200010701","NY","Glen Creek",52.56,12986.95
"35704","35704","020200010703","NY","Patterson Brook-Hudson River",121.6,30048.8
"35705","35705","020200010704","NY","Stony Creek",124.34,30724.61
"35706","35706","020200010705","NY","Lake Luzerne",68.59,16948.59
"35708","35708","020200010706","NY","Wolf Creek-Hudson River",76.68,18948.8
"35909","35909","020200010101","NY","Indian Pass Brook-Hudson River",79.58,19665.15
"35910","35910","020200010102","NY","Opalescent River",83.7,20682.19
"35911","35911","020200010204","NY","Wakely Brook",66.78,16501.47
"35912","35912","020200010201","NY","Mossy Vly Brook-Jessup River",145.73,36011.45
"35913","35913","020200010202","NY","Miami River",97.67,24135.84
"35914","35914","020200010203","NY","Big Brook",68.35,16890.17
"35915","35915","020200010103","NY","Fishing Brook",65.59,16207.9
"35916","35916","020200010104","NY","Catlin Lake",64.64,15973.07
"35917","35917","020200010105","NY","Flat Brook",60.3,14900.97
"35918","35918","020200010107","NY","Beaver Brook-Hudson River",87.02,21502.29
"35919","35919","020200010205","NY","Porter Brook-Indian River",142.11,35117.32
"35920","35920","020200010301","NY","Rock River",146.2,36126.15
"35921","35921","020200010302","NY","Onion Brook-Cedar River",117.88,29129.95
"35922","35922","020200010303","NY","Browns Brook-Cedar River",74.28,18354.81
"35923","35923","020200010304","NY","Bear Trap Brook-Cedar River",89.27,22060.14
"35924","35924","020200010305","NY","Goodnow River",71.37,17635.03
"35925","35925","020200010306","NY","Split Rock Pond-Hudson River",98.46,24331.07
"35926","35926","020200010401","NY","Durgin Brook-Boreas River",110.06,27196.28
"35927","35927","020200010402","NY","Balfour Lake-Boreas River",44.17,10914.73
"35928","35928","020200010407","NY","Mill Creek",125.43,30994.26
"35929","35929","020200010408","NY","Balm of Gilead Brook-Hudson River",122.35,30232.63
"35930","35930","020200010501","NY","Sand Pond Brook-The Branch",113.72,28100.29
"35931","35931","020200010502","NY","Niagara Brook-The Branch",52.35,12934.83
"35932","35932","020200010403","NY","Vanderwhacker Brook-Boreas River",83.1,20534.13
"35933","35933","020200010404","NY","Nate Pond Brook-Hudson River",61.31,15149.14
"35934","35934","020200010405","NY","Raquette Brook-Hudson River",99.41,24565.64
"35935","35935","020200010406","NY","North Creek",56.95,14072.36
"35936","35936","020200010503","NY","Black Brook",58.45,14443.87
"35937","35937","020200010504","NY","West Mill Brook-Schroon River",149.32,36897.35
"36240","36240","020200010505","NY","Bass Lake-Schroon River",74.62,18439.1
"36241","36241","020200010506","NY","Paradox Creek",122.35,30232.09
"36242","36242","020200010507","NY","Alder Creek",41.99,10376.75
"36243","36243","020200010508","NY","Mill Brook",67.1,16581.71
"36244","36244","020200010509","NY","Sucker Brook-Schroon River",141.53,34973.45
"36245","36245","020200010601","NY","Trout Brook",81.38,20109.7
"36246","36246","020200010602","NY","Minerva Stream-Trout Brook",125.58,31032.31
"36247","36247","020200010603","NY","Alder Brook-Trout Brook",49.17,12148.94
"36248","36248","020200010604","NY","Chester Creek",88.33,21825.79
"36249","36249","020200010605","NY","Valentine Pond-Schroon River",45.34,11204.27
"36250","36250","020200010606","NY","Spuytenduivel Brook",107.54,26574.65
"37402","37402","041201010402","NY,PA","Twentymile Creek",89.67,22158.64
"37404","37404","041201010403","NY,PA","Sixteenmile Creek",48.41,11961.67
"37405","37405","041201010102","NY","Tupper Creek-Walnut Creek",69.5,17173.95
"37407","37407","041201010201","NY","Beaver Creek-Frontal Lake Erie",71.87,17759.13
"37408","37408","041201010203","NY","Canadaway Creek",104.43,25805.06
"37410","37410","041201020210","NY","Big Indian Creek-Cattaraugus Creek",76.57,18920.74
"37411","37411","041201010204","NY","Little Canadaway Creek-Frontal Lake Erie",36.7,9069.38
"37412","37412","041201010301","NY","Slippery Rock Creek-Frontal Lake Erie",65.66,16224.27
"37413","37413","041201010302","NY","Bournes Creek-Frontal Lake Erie",47.09,11636.48
"37414","37414","041201010303","NY","Chautauqua Creek",91.59,22631.5
"37415","37415","041201030306","NY","Buffalo River",49.87,12322.13
"37416","37416","041201030401","NY","Smoke Creek",86.07,21267.24
"37418","37418","041201030506","NY","Lower Eighteenmile Creek",33.11,8180.74
"37420","37420","041201030601","NY","Little Sister Creek-Frontal Lake Erie",50.38,12448.09
"37422","37422","041201030604","NY","Delaware Creek-Frontal Lake Erie",69.07,17066.48
"37918","37918","020301010303","CT,NY","Cross River",80.43,19873.76
"37922","37922","020301010203","CT,NY","Middle East Branch Croton River",65.58,16203.98
"37923","37923","020301010204","CT,NY","Lower East Branch Croton River",67.77,16745.69
"41618","41618","041300010504","NY","Lower Johnson Creek",48.91,12086.21
"41619","41619","041300010601","NY","Marsh Creek-Frontal Lake Ontario",89.84,22199.56
"41645","41645","042701010405","NY","Town of Amherst-Ellicott Creek",34.1,8426.98
"41649","41649","042701010202","NY","Middle Murder Creek",73.85,18248.09
"41650","41650","042701010105","NY","Little Tonawanda Creek",99.92,24691.38
"41651","41651","042701010106","NY","Village of Alexander-Tonawanda Creek",48.9,12083.21
"41653","41653","042701010303","NY","Beeman Creek",41.72,10308.06
"41654","41654","042701010503","NY","Ransom Creek",70.84,17506.14
"41655","41655","042701010108","NY","Bowen Creek-Tonawanda Creek",75.71,18708.4
"41656","41656","042701010203","NY","Lower Murder Creek",65.52,16191.38
"41657","41657","042701010306","NY","Saint Stephens Church-Tonawanda Creek",56.86,14051.15
"41658","41658","042701010302","NY","Black Creek-Tonawanda Creek",53.97,13335.61
"41659","41659","042701010805","NY","Cayuga Creek",92.08,22754.08
"41661","41661","042701010305","NY","Mud Creek",85.62,21156.62
"41662","41662","042701010504","NY","Bull Creek",65.04,16072.65
"41663","41663","042701010505","NY","Bear Ridge-Tonawanda Creek",95.01,23477.4
"41664","41664","041201030402","NY","Rush Creek-Frontal Lake Erie",88.72,21922.46
"41665","41665","041300010102","NY","Larkin Creek",44.41,10975.1
"41667","41667","042701010304","NY","Headwaters Mud Creek",29.21,7218.41
"41668","41668","041300010104","NY","Slater Creek-Frontal Lake Ontario",17.41,4303.27
"41669","41669","041300010303","NY","Sandy Creek",42.64,10536.05
"41670","41670","041300010304","NY","Yanty Creek",41.43,10236.65
"41672","41672","041300010305","NY","Bald Eagle Creek",49.22,12162.12
"41674","41674","041300010408","NY","Outlet Oak Orchard Creek",111.53,27559.58
"41675","41675","041300010602","NY","Golden Hill Creek",55.05,13604.36
"41676","41676","041300010704","NY","Eighteenmile Creek",48.78,12054.72
"41678","41678","041300030704","NY","Genesee River",58.02,14336.93
"41679","41679","042701010102","NY","Stony Brook-Tonawanda Creek",55.18,13634.7
"41681","41681","041300010205","NY","Buttonwood Creek-Frontal Braddock Bay",27.43,6778.99
"41682","41682","042701010101","NY","East Fork Tonawanda Creek-Tonawanda Creek",59.01,14582.82
"41683","41683","042701010103","NY","Crow Creek-Tonawanda Creek",78.32,19352.24
"41686","41686","042701010104","NY","Baker Brook-Tonawanda Creek",47.39,11709.49
"41688","41688","042701010801","NY","Scajaquada Creek",70.91,17522.18
"41692","41692","042701010404","NY","Village of Williamsville-Ellicott Creek",56.31,13914.84
"41693","41693","042701010401","NY","Elevenmile Creek-Ellicott Creek",43.21,10676.69
"41694","41694","042701010402","NY","Spring Creek-Ellicott Creek",56.12,13867.92
"41696","41696","042701010201","NY","Upper Murder Creek",49.5,12232.44
"41697","41697","042701010403","NY","Hamlet of Peters Corners-Ellicott Creek",50.32,12434.57
"41700","41700","042701010501","NY","Got Creek",47.49,11733.91
"41701","41701","042701010502","NY","Headwaters Ransom Creek",40.5,10008.24
"41702","41702","042701010406","NY","Ellicott Creek",70.87,17512.49
"41703","41703","042701010107","NY","City of Batavia-Tonawanda Creek",50.54,12489.05
"42102","42102","042701010809","CN,NY","Outlet Niagara River",43.02,10630.31
"42285","42285","041300010501","NY","Jeddo Creek",81.1,20039.86
"42322","42322","041300010101","NY","Round Pond Creek",57.06,14099.43
"42323","42323","041300010401","NY","Headwaters Oak Orchard Creek",161.46,39896.47
"42324","42324","041300010703","NY","Headwaters Eighteenmile Creek",61.8,15270.72
"42325","42325","041300010403","NY","Iroquois National Wildlife Refuge-Oak Orchard Creek",89.78,22184.8
"42326","42326","041300010701","NY","Headwaters East Branch Eighteenmile Creek",55.64,13747.93
"42327","42327","041300010402","NY","Brinningstool Creek-Oak Orchard Creek",123.36,30483.94
"42328","42328","041300010802","NY","East Branch Twelvemile Creek",98.36,24305.2
"42329","42329","041300010901","NY","Twelvemile Creek",90.96,22477.56
"42330","42330","042701010301","NY","Galloway Swamp-Tonawanda Creek",52.73,13029.78
"42910","42910","041403010104","NY","Pine Creek-Black River",80.62,19921.18
"42916","42916","041403010203","NY","Stonybrook Creek-Woodhull Creek",120.61,29802.34
"42918","42918","041403010406","NY","Limekiln Creek-South Branch Moose River",129.04,31885.87
"42925","42925","041403010501","NY","Constable Creek-North Branch Moose River",96.27,23789.11
"42926","42926","041403010502","NY","Lake Rondaxe-North Branch Moose River",106.43,26299.68
"42927","42927","041403010903","NY","Crystal Creek",70.19,17343.68
"42928","42928","041403010503","NY","Fulton Chain Lakes-Middle Branch Moose River",140.39,34690.13
"42930","42930","041403010602","NY","Pine Creek-Moose River",125.48,31007.18
"42931","42931","041403010701","NY","Upper Independence River",86.59,21396.01
"42932","42932","041403010702","NY","Middle Independence River",107.19,26487.79
"42935","42935","041403010101","NY","North Branch Black River-Black River",85.89,21223.75
"42936","42936","041403010102","NY","Twin Lakes Stream-Black River",112.98,27917.07
"42937","42937","041403010103","NY","Little Black Creek",98.63,24371.4
"42938","42938","041403010303","NY","Sugar River",119.14,29440.56
"42939","42939","041403010301","NY","Cummings Creek",57.92,14312.36
"42940","42940","041403010201","NY","Bear Creek",66.67,16474.56
"42941","42941","041403011005","NY","Beaver River-Stillwater Reservoir",171.93,42483.88
"42942","42942","041403010202","NY","Little Woodhull Creek",65.83,16265.91
"42943","42943","041403010302","NY","East Kent Creek-Black River",120.41,29754.36
"42944","42944","041403010304","NY","Moose Creek-Sugar River",60.66,14988.9
"42945","42945","041403010305","NY","Fall Brook-Black River",134.19,33160.13
"42946","42946","041403010401","NY","Bradley Brook-South Branch Moose River",63.87,15783.28
"42947","42947","041403011101","NY","Beaver Lake-Beaver River",88.19,21793.18
"42948","42948","041403011102","NY","Alder Creek",47.81,11813.9
"42949","42949","041403011103","NY","Balsam Creek-Beaver River",122.04,30156.23
"42950","42950","041403010402","NY","Otter Brook",44.03,10881.16
"42951","42951","041403011105","NY","Black Creek-Beaver River",94.45,23340.29
"42952","42952","041403010403","NY","Sumner Stream",59.14,14613.79
"42953","42953","041403010404","NY","Indian River",71.56,17682.22
"42954","42954","041403010405","NY","Red River-South Branch Moose River",96.25,23783.41
"42955","42955","041403010901","NY","Mill Creek",91.98,22727.67
"42956","42956","041403010902","NY","Harvey Creek-Black River",52.88,13066.8
"42957","42957","041403010504","NY","Okara Lakes-Middle Branch Moose River",41.7,10304.44
"42958","42958","041403010601","NY","Twin Sister Creek-Moose River",62.84,15527.24
"42959","42959","041403010703","NY","Lower Independence River",53.55,13233.65
"42960","42960","041403010801","NY","Mill Creek-Black River",57.91,14309.67
"42961","42961","041403010802","NY","Fish Creek",62.53,15450.42
"42962","42962","041403010803","NY","Big Otter Lake-Otter Creek",56.67,14003.04
"42963","42963","041403010804","NY","Otter Creek",113.86,28135.36
"42964","42964","041403010805","NY","Whetstone Creek-Black River",115.21,28468.31
"42965","42965","041403010806","NY","Roaring Brook-Black River",73.69,18208
"42966","42966","041403010904","NY","Capidon Creek-Black River",138.28,34170.43
"42967","42967","041403011001","NY","Shingle Shanty Brook-Beaver River",126.97,31375.71
"42968","42968","041403011002","NY","Alder Creek-Beaver River",59.36,14669.28
"42969","42969","041403011003","NY","Terror Lake",38.49,9510.23
"42971","42971","041403011004","NY","Twitchell Creek",49.12,12138.41
"42972","42972","041403011104","NY","Murmur Creek",48.49,11982.28
"42973","42973","041403011201","NY","Upper Deer River",71.99,17789.38
"42974","42974","041403011202","NY","Mud Creek",51.03,12610.05
"42976","42976","041403011203","NY","Middle Deer River",66.83,16514.32
"42977","42977","041403011204","NY","Lower Deer River",64.05,15826.33
"42978","42978","041403011301","NY","Swiss Creek",69.14,17084.65
"42979","42979","041403011302","NY","Stony Creek-Black River",71.31,17620.62
"42980","42980","041403011401","NY","Pleasant Lake-Black River",147.26,36389.6
"42981","42981","041403011402","NY","White Creek",55.94,13823.81
"42982","42982","041403020301","NY","Upper Perch River",101.98,25199.44
"42984","42984","041403011403","NY","Philomel Creek",49.88,12324.84
"42985","42985","041403020201","NY","Chaumont River",119.64,29564.73
"42986","42986","041403020302","NY","Middle Perch River",87.97,21738.58
"42987","42987","041403010407","NY","Nicks Creek-South Branch Moose River",85.36,21091.92
"42989","42989","042701010804","CN,NY","Grand Island-Chippawa Channel Niagara River-Niagara River",98.82,24418.76
"43006","43006","020302020504","NY","Flanders Bay",84.19,20802.71
"43007","43007","020302020501","NY","Upper Peconic River",77.1,19051.13
"43008","43008","020302020502","NY","Middle Peconic River",103.29,25523.09
"43009","43009","020302020503","NY","Lower Peconic River",68.14,16837.82
"43010","43010","020302020505","NY","Great Peconic Bay",140.52,34722.46
"43011","43011","020302020506","NY","Little Peconic Bay",107.86,26652.45
"43012","43012","020302020701","NY","Shelter Island Sound-Northwest Harbor",122.37,30238.47
"43013","43013","020302020702","NY","Shelter Island Sound-Orient Harbor",82.85,20473.76
"43014","43014","020302020703","NY","Coecles Inlet-Threemile Harbor",61.03,15080.11
"43015","43015","020302020704","NY","Acabonack Harbor-Gardiners Bay",86.41,21353.03
"43016","43016","020302020705","NY","Gardiners Bay",134.41,33214.32
"43136","43136","041401020801","NY","Headwaters Grindstone Creek",64.44,15923.06
"43139","43139","041402010102","NY","Middle Mud Creek",112.81,27875.9
"43140","43140","041402010103","NY","Lower Mud Creek",124.61,30792.7
"43165","43165","020302020901","NY","Great South Bay-Atlantic Ocean",146.08,36097.98
"43166","43166","020302020902","NY","Moriches Bay-Atlantic Ocean",99.85,24673.87
"43167","43167","041401020702","NY","Salmon River Resevoir-Salmon River",73.69,18209.31
"43168","43168","041401020703","NY","Trout Brook",49.14,12141.58
"43169","43169","041401020704","NY","Orwell Creek-Salmon River",70.19,17343.61
"43170","43170","041401020705","NY","Salmon River",40.21,9937.14
"43308","43308","041401020804","NY","Sage Creek",47.05,11625.17
"43309","43309","041401020802","NY","Grindstone Creek",61.74,15255.16
"43310","43310","041401020803","NY","Snake Creek-Frontal Lake Ontario",31.7,7833.9
"43311","43311","041401020901","NY","North Branch Little Salmon River",93.61,23131.59
"43312","43312","041401020902","NY","South Branch Little Salmon River",64.22,15869.85
"43313","43313","041401020903","NY","Little Salmon River",63.37,15660.27
"43314","43314","041401021001","NY","Butterfly Creek",30.72,7590.15
"43315","43315","041401021002","NY","Catfish Creek",93.01,22982.43
"43316","43316","041401021003","NY","Otter Branch-Frontal Lake Ontario",52.21,12900.54
"43317","43317","041401021004","NY","Wine Creek-Frontal Lake Ontario",49.54,12241.62
"43318","43318","041402010101","NY","Upper Mud Creek",127.22,31437.39
"43319","43319","041402010201","NY","Naples Creek",127.16,31422.44
"43320","43320","041402010202","NY","West River",112.17,27718.53
"43321","43321","041402010203","NY","Bristol Springs-Canadaigua Lake",60.05,14838.89
"43322","43322","041402010204","NY","Deep Run-Canadaigua Lake",104.86,25911.39
"43323","43323","041402010205","NY","Sucker Brook-Canadaigua Lake",77.28,19096.07
"43453","43453","041402010401","NY","Upper Canadaigua Outlet",95.44,23583.19
"43454","43454","041402010301","NY","Upper Flint Creek",105.72,26124.19
"43455","43455","041402010302","NY","Middle Flint Creek",91.42,22590.03
"43456","43456","041402010303","NY","Lower Flint Creek",56.23,13894.93
"43457","43457","041402010402","NY","Black Creek-Black Brook",46.83,11572.42
"43458","43458","041402010403","NY","Middle Canadaigua Outlet",146.04,36087.55
"43459","43459","041402010404","NY","Lower Canadaigua Outlet",129.53,32006.66
"43460","43460","041402010501","NY","Red Creek",130.06,32138.04
"43461","43461","041402010502","NY","Red Creek-Ganargua Creek",115.58,28560.07
"43463","43463","041402010503","NY","Butternut Run-Ganargua Creek",77.41,19128.73
"43464","43464","041402010504","NY","Military Run-Erie Canal",102.72,25383.11
"43485","43485","041403020103","NY","Three Mile Creek-Frontal Lake Ontario",90.11,22267.42
"43486","43486","041403011404","NY","Kelsey Creek-Black River",118.8,29356.79
"43487","43487","041403020101","NY","Kents Creek",58.94,14563.6
"43488","43488","041403020202","NY","Horse Creek-Frontal Lake Ontario",64.76,16002.92
"43489","43489","041403020203","NY","Sherwin Creek-Frontal Lake Ontario",39.22,9692.31
"43490","43490","041403020303","NY","Lower Perch River",53.72,13274.33
"43491","43491","041403020401","NY","Mill Creek",105.6,26093.73
"43598","43598","041402010701","NY","Sugar Creek",94.31,23305.17
"43599","43599","041402010601","NY","Headwaters Catherine Creek",93.53,23112.58
"43601","43601","041402010602","NY","Sleeper Creek-Catherine Creek",95.83,23681.29
"43604","43604","041402010603","NY","Seneca Lake Inlet",125.44,30995.97
"43605","43605","041402010702","NY","West Branch Keuka Lake",82.38,20355.35
"43607","43607","041402010703","NY","Keuka Inlet",65.47,16178.85
"43608","43608","041402010704","NY","South Branch Keuka Lake",89.1,22015.92
"43609","43609","041402010705","NY","East Branch Keuka Lake",125.34,30973.26
"43610","43610","041402010706","NY","Keuka Lake Outlet",82.29,20334.11
"43611","43611","041402010801","NY","Hector Falls Creek-Seneca Lake",73.53,18168.77
"43612","43612","041402010802","NY","Big Stream",96,23722.92
"43613","43613","041402010803","NY","Rock Stream-Seneca Lake",117.95,29145.88
"43614","43614","041402010804","NY","Breakneck Creek-Seneca Lake",66.89,16529.55
"43837","43837","041402010901","NY","Kashong Creek",79.66,19683.25
"43838","43838","041402010805","NY","Indian Run-Seneca Lake",67.8,16752.86
"43840","43840","041402010806","NY","Mill Creek-Seneca Lake",138.17,34143.31
"43841","43841","041402010807","NY","Indian Creek-Seneca Lake",60.14,14861.36
"43954","43954","041402010902","NY","Wilcox Creek-Seneca Lake",95.01,23476.35
"43980","43980","020301020103","NY","Lower Bronx River",38.58,9534.35
"43981","43981","020301020104","NY","Flushing Creek-Flushing Bay",79.57,19661.8
"43982","43982","020301030201","NY","Upper Ramapo River",114.39,28266.09
"43983","43983","020301030202","NY","Stony Brook",47.21,11665.88
"43984","43984","020301030901","NY","Headwaters Hackensack River",119.06,29421.11
"43985","43985","020302010101","NY","Alley Creek-Little Neck Bay",34.05,8414.17
"43986","43986","020302010103","NY","Glen Cove Creek-Hempstead Harbor",64.41,15915.23
"44012","44012","042900070305","CN,NY","Pike Creek",73.56,18176.11
"44013","44013","042900030101","NY","Robinson River-Oswegatchie River",125.04,30898.44
"44014","44014","042900030102","NY","Buck Brook-Oswegatchie River",68.7,16977.25
"44062","44062","042900080101","NY","Tibbits Creek",45.93,11349.19
"44063","44063","042900080103","NY","Little Sucker Brook-Sucker Brook",119.85,29615.07
"44064","44064","042900080201","NY","Brandy Brook",94.16,23267.43
"44177","44177","042900060205","NY","Alder Meadow Brook-West Branch Saint Regis River",138.66,34264.12
"44178","44178","042900060206","NY","Dan Wright Brook-Trout Brook",113.78,28114.9
"44179","44179","042900060207","NY","Tucker Brook-West Branch Saint Regis River",67.82,16759.79
"44180","44180","042900060301","NY","Mile Brook-Deer River",96.13,23753.08
"44181","44181","042900060302","NY","Trout Brook",96.6,23869.9
"44182","44182","042900050703","NY","Village of Potsdam-Raquette River",89.07,22009.56
"44183","44183","042900050704","NY","Plum Brook",112.1,27701.71
"44184","44184","042900050705","NY","Squeak Brook",98.72,24393.99
"44189","44189","042900060404","NY","Lake Ozonia Outlet",75.12,18561.89
"44191","44191","042900060406","NY","Hopkinton Brook",53.02,13102.47
"44192","44192","042900060407","NY","Miller Brook-Saint Regis River",98.57,24356.09
"44193","44193","042900060408","NY","Bell Brook-Saint Regis River",79.34,19605.42
"44194","44194","043001040201","NY","Chubb River",107.23,26497.76
"44195","44195","043001010105","NY","Lake Champlain Canal",133.96,33103.31
"44196","44196","043001040101","NY","Headwaters East Branch Ausable River",109.67,27100.11
"44199","44199","041300010702","NY","East Branch Eighteenmile Creek",58.86,14544.17
"44201","44201","043001040104","NY","Middle East Branch Ausable River",153,37807.8
"44205","44205","042900020505","NY","Black Creek-Black Lake",193.97,47931.65
"44206","44206","042900040101","NY","Dead Creek",63.21,15619.19
"44207","44207","042900040102","NY","Massawepie Lake-South Branch Grass River",136.47,33722.66
"44209","44209","042900040203","NY","North Branch Grass River",158.42,39146.6
"44210","44210","042900040204","NY","Deerskin Creek-Middle Branch Grass River",104.37,25791.56
"44211","44211","042900040301","NY","Grannis Brook",91.55,22622.68
"44212","44212","042900040302","NY","Van Rensselaer Creek-Little River",121.03,29908.18
"44213","44213","043001060104","NY","Lower Saranac Lake-Saranac River",128.2,31678.05
"44214","44214","043001060101","NY","Fish Creek Ponds",88.14,21781.08
"44215","44215","043001060102","NY","Upper Saranac Lake",108.5,26811.88
"44216","44216","043001060103","NY","Cold Brook",51,12601.7
"44218","44218","042900040402","NY","Elm Creek",106.48,26310.78
"44219","44219","042900040403","NY","Plumb Brook-Grass River",157.73,38976.31
"44221","44221","042900050502","NY","Mountain Brook-Raquettte River",90.85,22448.36
"44223","44223","042900050702","NY","Lower Trout Brook",95.2,23524.85
"44255","44255","042900030302","NY","Wolf Creek-Middle Branch Oswegatchie River",126.2,31185.48
"44256","44256","042900030303","NY","Fish Creek",45.15,11156.15
"44257","44257","042900030304","NY","Browns Creek-Middle Branch Oswegatchie River",60.43,14932.03
"44258","44258","042900030401","NY","Headwaters West Branch Oswegatchie River",66.91,16533.19
"44259","44259","042900030402","NY","Blanchard Creek-West Branch Oswegatchie River",106.83,26398.43
"44260","44260","042900030504","NY","West Branch Oswegatchie River",97.1,23994.38
"44261","44261","042900030501","NY","Jenny Creek",44.59,11019.25
"44262","44262","042900030502","NY","Big Creek",91.53,22618.08
"44265","44265","042900030503","NY","Meadow Brook-West Branch Oswegatchie River",55.02,13596.43
"44266","44266","042900030601","NY","Peavine Creek-Oswegatchie River",121.04,29910.42
"44267","44267","042900030602","NY","Stammer Creek",55.66,13753.53
"44268","44268","042900030603","NY","Welch Creek-Oswegatchie River",79.08,19540.72
"44269","44269","042900030604","NY","Pork Creek-Oswegatchie River",42.02,10383.76
"44271","44271","042900030701","NY","Sawyer Creek",81.57,20155.33
"44272","44272","042900030702","NY","Hawkins Creek-Matoon Creek",83.65,20671.26
"44273","44273","042900030801","NY","Turnpike Creek-Oswegatchie River",75.05,18544.77
"44274","44274","042900030802","NY","Malterna Creek-Oswegatchie River",87.18,21542.98
"44275","44275","042900030803","NY","Boland Creek",87.88,21715.78
"44276","44276","042900030804","NY","Vrooman Creek-Oswegatchie River",116.66,28828.41
"44278","44278","042900030901","NY","Anderson Creek-Oswegatchie River",80.56,19906.5
"44279","44279","042900030902","NY","Indian Creek",99.98,24706.49
"44281","44281","042900030903","NY","Beaver Creek",122.39,30243.99
"44282","44282","042900030904","NY","Barter Creek-Oswegatchie River",77.18,19072.58
"44284","44284","042900031003","NY","Oswegatchie River",79.69,19690.65
"44285","44285","042900020101","NY","Weatherhead Creek-Indian River",98.2,24266.14
"44286","44286","042900020102","NY","Bonaparte Creek",59.46,14692.45
"44287","44287","042900020103","NY","Blanchard Creek-Indian River",88.06,21758.98
"44288","44288","042900020201","NY","Rockwell Creek-Indian River",132.76,32805.99
"44289","44289","042900020202","NY","West Branch Black Creek",60.59,14973
"44290","44290","042900020203","NY","Buck Creek-Black Creek",59.16,14619.33
"44323","44323","042900030301","NY","Sand Lake Outlet-Middle Branch Oswegatchie River",67.98,16798.39
"44324","44324","042900030103","NY","Cranberry Lake-Oswegatchie River",175.02,43248.96
"44325","44325","042900030201","NY","Tamarack Creek",37.58,9285.46
"44326","44326","042900030202","NY","Upper Little River",82.59,20408.86
"44327","44327","042900030203","NY","Lower Little River",71.15,17582.32
"44328","44328","042900031002","NY","Village of Heuvelton-Oswegatchie River",46.38,11461.49
"44329","44329","042900031001","NY","Town of Flackville-Lisbon Creek",62,15321.37
"44330","44330","042900020204","NY","Beaver Meadows Creek-Black Creek",41.71,10306.53
"44331","44331","042900020205","NY","Hunter Creek-Indian River",55.92,13818.6
"44332","44332","042900020301","NY","West Creek",82.48,20380.2
"44333","44333","042900020302","NY","Otter Creek",63.26,15633.04
"44334","44334","042900020303","NY","Trout Brook-Indian River",74.73,18466.25
"44368","44368","042900080206","CN,NY","Moses-Saunders Dam-Saint Lawrence River",209.91,51869.02
"44395","44395","043001080202","NY","Northwest Bay Brook",79.89,19742.4
"44397","44397","043001081401","NY","Headwaters Salmon River",116.18,28708.81
"44402","44402","043001010203","NY,VT","Wells Brook-Mettawee River",135.34,33443.39
"44403","44403","043001010204","NY,VT","Indian River",95.78,23667.16
"44404","44404","043001010205","NY,VT","Mettawee River",152.04,37568.91
"44429","44429","043002010202","CN,NY","Collins Brook",27.45,6783.69
"44434","44434","043002010101","NY","Middle Kiln Brook",77.87,19242.48
"44440","44440","043002010401","NY","Crystal Creek",37.48,9261.69
"44443","44443","043002010102","NY","Separator Brook",38.75,9576.01
"44448","44448","043002010103","NY","Mountain Pond Stream-Upper Chateaugay Lake",97.42,24073.99
"44449","44449","043002010301","NY","Collins Brook-Trout River",149.22,36872
"44450","44450","043002010302","NY","Little Trout River",103.66,25615.74
"44451","44451","043002010104","NY","Bailey Brook-Chateaugay River",92.57,22875.68
"44453","44453","043002010201","NY","Marble River",86.3,21325.45
"44461","44461","043002010407","CN,NY","Headwaters Norton Stream",92,22734.08
"44483","44483","043002010203","CN,NY","Hinchinbrook Brook",73.88,18257.33
"44486","44486","043002010204","CN,NY","Beaver Pond Brook-Oak Brook",84.69,20928.46
"44498","44498","043002010304","CN,NY","Town of Trout River-Trout River",62.65,15480.73
"44499","44499","043002010205","CN,NY","Beaver Pond Creek-Chateaugay River",64.22,15867.94
"44500","44500","043002010402","NY","Taylor Brook-English River",69.49,17170.31
"44502","44502","043002010501","CN,NY","Mitchel Creek",58.71,14506.92
"44508","44508","043002010502","CN,NY","East Outardes River ",87.32,21577.57
"44515","44515","043002010403","CN,NY","Allen Brook",56.94,14069.76
"44516","44516","043002010503","CN,NY","Outardes River",88.82,21948.68
"44519","44519","043002010404","CN,NY","Kellas Creek-English River",81.61,20166.69
"44546","44546","041300030504","NY","Christie Creek-Genesee River",108.5,26811.65
"44547","44547","041300030505","NY","Dugan Creek-Genesee River",121.71,30074.55
"44548","44548","041300030601","NY","Spring Creek",57.07,14103.13
"44549","44549","041300030602","NY","Headwaters Black Creek",119.85,29614.58
"44550","44550","041300030603","NY","Robins Brook-Black Creek",94.9,23451.35
"44551","44551","041300030604","NY","Hotel Creek-Black Creek",129.89,32096.93
"44552","44552","041300030605","NY","Mill Creek-Black Creek",80.2,19818.8
"44555","44555","041300030703","NY","Town of Gates-Genesee River",56.7,14010.35
"44565","44565","041300020203","NY","Lower Dyke Creek",70.35,17383.05
"44566","44566","041300020304","NY","Chenunda Creek",79.46,19634.5
"44568","44568","041300020305","NY","Ford Brook-Genesee River",59.43,14685.03
"44569","44569","041300020401","NY","Black Creek-Angelica Creek",97.96,24206.51
"44582","44582","020302020201","NY","Massapequa Creek",108.71,26862.07
"44583","44583","020302020203","NY","Freeport Creek",84.82,20960.09
"44584","44584","020302020204","NY","Mill River",89.88,22210.68
"44684","44684","041300020501","NY","Vandermark Creek",59.3,14652.28
"44685","44685","041300020402","NY","Baker Creek",58.21,14382.87
"44687","44687","041300020403","NY","Angelica Creek",77.01,19029.55
"44688","44688","041300020502","NY","Knight Creek",57.18,14128.3
"44692","44692","041300020503","NY","Brimmer Brook-Genesee River",54.66,13507.2
"44693","44693","041300020504","NY","Phillips Creek",79.22,19575.12
"44694","44694","041300020505","NY","West Branch Van Campen Creek",88.91,21971.25
"44695","44695","041300020506","NY","Van Campen Creek",62.79,15515.15
"44696","44696","041300020507","NY","Gordon Brook-Genesee River",115.61,28568.11
"44697","44697","041300020602","NY","White Creek-Genesee River",54.71,13519.94
"44698","44698","041300020603","NY","Headwaters Caneadea Creek",84.73,20937.84
"44699","44699","041300020604","NY","Caneadea Creek",77.32,19105.77
"44700","44700","041300020605","NY","Crawford Creek-Genesee River",92.64,22891.33
"44701","44701","041300020701","NY","Trout Brook",39.09,9658.81
"44702","44702","041300020702","NY","Headwaters Wiscoy Creek",70.2,17347.68
"44703","44703","041300020703","NY","Headwaters East Koy Creek",69.66,17214.32
"44704","44704","041300020704","NY","East Koy Creek",58.79,14528.29
"44705","44705","041300020705","NY","Wiscoy Creek",51.13,12633.66
"44706","44706","041300020801","NY","Cold Creek",106,26192.12
"44726","44726","020302020301","NY","Town of Selden",104,25698.64
"44727","44727","020302020302","NY","Carmans River",117.65,29070.71
"44822","44822","042900060204","NY","Stony Brook",68.25,16865.33
"44827","44827","042900060201","NY","Windfall Brook-West Branch Saint Regis River",136.54,33739.19
"44828","44828","042900060202","NY","Long Pond Outlet",110.69,27351.34
"44829","44829","042900060203","NY","Black Brook-West Branch Saint Regis River",62.94,15553.53
"44830","44830","042900060101","NY","Hays Brook",41.79,10326.73
"44831","44831","042900060102","NY","Osgood River",73.13,18070.77
"44832","44832","042900060103","NY","Pleasant Brook-East Branch Saint Regis River",144.32,35662.15
"44833","44833","042900060305","NY","Redwater Brook-Deer River",75.19,18580.84
"44834","44834","042900060403","NY","Goose Pond Brook-Saint Regis River",142.84,35297.61
"44835","44835","042900060303","NY","Kingston Brook-Deer River",151.09,37334.08
"44836","44836","042900060304","NY","Lawrence Brook",91.2,22535.38
"44837","44837","042900060401","NY","Headwaters Saint Regis River ",90.61,22389.66
"44838","44838","042900060402","NY","Quebec Brook-Saint Regis River",85.07,21020.6
"44839","44839","042900060405","NY","Long Pond-Saint Regis River",51.22,12657.05
"44840","44840","043001040102","NY","Johns Brook",50.87,12571.23
"44841","44841","043001040103","NY","Upper East Branch Ausable River",101.41,25059.01
"44842","44842","043001040105","NY","Lower East Branch Ausable River",98.24,24274.72
"44843","44843","043001040202","NY","Upper  West Branch Ausable River",146.89,36296.48
"44844","44844","043001040203","NY","Middle West Branch Ausable River",143.58,35478.27
"44845","44845","043001040204","NY","Outlet Taylor Pond",47.77,11805.03
"44846","44846","043001040205","NY","Black Brook",81.48,20133.29
"44847","44847","043001040206","NY","Lower West Branch Ausable River",84.25,20817.72
"44848","44848","043001040301","NY","Palmer Brook-Ausable River",81.16,20054.83
"44849","44849","043001040302","NY","Ausable River",128,31630.17
"44850","44850","042900070104","NY","Winslow Brook-Salmon River",93.87,23195.55
"44851","44851","042900070101","NY","Hatch Brook",103.34,25535.56
"44852","44852","042900070102","NY","Ingraham Stream-Salmon River",161.73,39963.24
"44853","44853","042900070103","NY","Duane Stream",56.68,14006.37
"44854","44854","042900070201","NY","Headwaters Little Salmon River",39.79,9831.89
"44855","44855","042900070202","NY","East Branch Little Salmon River",42.96,10616.33
"44856","44856","042900070203","NY","Develin Brook-Little Salmon River",62.34,15404.88
"44857","44857","042900070204","NY","Farrington Brook",62.13,15353.31
"44858","44858","042900070205","NY","Town of Bombay-Little Salmon River",52.27,12916.41
"44859","44859","042900070301","NY","Branch Brook",49.57,12248.1
"44860","44860","042900070302","NY","Plum Brook-Salmon River",78.46,19388.64
"44861","44861","042900070303","NY","East Branch Deer Creek",63.92,15795.33
"44862","44862","042900070304","NY","West Branch Deer Creek",86.63,21406.32
"44863","44863","043001010101","NY","Headwaters Halfway Creek",48.28,11929.05
"44864","44864","043001010102","NY","Hadlock Pond",50.11,12382.49
"44865","44865","043001010103","NY","Halfway Creek",130.82,32326.72
"44866","44866","043001010104","NY","Wood Creek-Lake Champlain Canal",153.23,37864.72
"44867","44867","042900020402","NY","Muskellunge Lake-Indian River",61.78,15266.95
"44868","44868","042900020502","NY","Butterfield Lake-Black Creek",46.47,11483.9
"44869","44869","042900020401","NY","Soapstone Creek-Indian River",51.05,12615.6
"44870","44870","042900020403","NY","Bostwick Creek-Indian River",80.09,19789.88
"44871","44871","042900020503","NY","Birch Creek",64.22,15870.27
"44872","44872","042900020504","NY","Fish Creek",93.47,23098.14
"44873","44873","042900040201","NY","Pleasant Lake Stream-Middle Branch Grass River",82.71,20438.66
"44874","44874","042900040202","NY","South Branch Grass River",162.18,40074.35
"44875","44875","043001060201","NY","Ray Brook",40.86,10097.47
"44876","44876","043001060202","NY","Sumner Brook",143.84,35544.79
"44877","44877","043001060203","NY","Moose Creek-Saranac River",121.71,30076.34
"44878","44878","043001060301","NY","Upper North Branch Saranac River",74.05,18298.24
"44879","44879","043001060302","NY","Alder Brook",63.9,15790.31
"44880","44880","043001060303","NY","Middle North Branch Saranac River",116.33,28745.88
"44881","44881","042900040303","NY","Tracy Brook-Little River",45.87,11335.32
"44882","44882","042900040406","NY","Harrison Creek-Grass River",75.28,18602.99
"44883","44883","042900040501","NY","Town of Madrid-Grass River",71.93,17774.91
"44884","44884","042900040502","NY","McConnell Creek-Grass River",95.56,23612.88
"44885","44885","042900040401","NY","Tanner Creek",98.56,24355.16
"44886","44886","042900040404","NY","Nettle Creek",42.46,10491.64
"44888","44888","042900040405","NY","Line Creek",45.56,11256.89
"44889","44889","042900050101","NY","South Inlet",84.35,20844.46
"44890","44890","042900050102","NY","Marion River",86.14,21284.8
"44891","44891","042900050103","NY","Raquette Lake",160.2,39585.8
"44892","44892","042900050104","NY","Moose Pond",68.71,16979.02
"44893","44893","042900050105","NY","Forked Lake-Raquette River",97.26,24034.61
"44894","44894","042900050201","NY","Upper Cold River",104.03,25707.1
"44897","44897","042900050203","NY","Lower Cold River",77.94,19258.76
"44898","44898","042900050402","NY","Stony Creek",81.66,20178.42
"44899","44899","042900050301","NY","Salmon River",56.51,13962.87
"44900","44900","042900050303","NY","Raquette River-Long Lake",138.77,34290.34
"44901","44901","042900050401","NY","Moose Creek",49.11,12136.33
"44902","44902","042900050403","NY","Palmer Brook-Raquettte River",45.64,11277.63
"44903","44903","042900050404","NY","Follensby Pond-Raquette River",99.06,24478.01
"44904","44904","042900050405","NY","Bog Stream",51.51,12728.58
"44905","44905","042900050406","NY","Round Lake Stream",144.51,35708.42
"44906","44906","042900050407","NY","Bog River",147.34,36409.55
"44907","44907","042900050302","NY","Big Brook",104.61,25848.97
"44908","44908","042900050408","NY","Wolf Pond",53.32,13175.45
"44909","44909","042900050409","NY","Jenkins Brook-Tupper Lake",151.62,37464.87
"44910","44910","042900050501","NY","Dead Creek",57.14,14118.78
"44911","44911","042900050503","NY","Willis Brook-Jordan River",51.57,12743.22
"44912","44912","042900050504","NY","Potter Brook-Jordan River",72.56,17930.75
"44913","44913","042900050505","NY","Ellis Brook-Raquettte River",87.52,21626.5
"44914","44914","042900050506","NY","Joe Indian Inlet",55.06,13604.62
"44915","44915","042900050507","NY","Cold Brook-Raquette River",87.39,21594.9
"44916","44916","042900050601","NY","Cold Brook",52.21,12900.63
"44917","44917","042900050602","NY","Dead Creek-Raquette River",96.6,23871.34
"44918","44918","042900050603","NY","Parkhurst Brook",44.73,11053.67
"44919","44919","042900050604","NY","Stafford Brook-Raquette River",122.11,30173.74
"44920","44920","042900050701","NY","Upper Trout Brook",77.67,19192.79
"44932","44932","043001010302","NY,VT","Finel Hollow Brook-Poultney River",99.08,24483.03
"44934","44934","043001010304","NY,VT","Castleton River",133.34,32948.43
"44936","44936","043001060304","NY","Lower North Branch Saranac River",75.86,18745.73
"44937","44937","043001060401","NY","Union Falls Pond-Saranac River",170.81,42208.53
"44938","44938","043001060402","NY","Silver Lake-Saranac River",62.11,15348.54
"44939","44939","043001060501","NY","True Brook",58.07,14348.64
"44940","44940","043001060502","NY","Behan Brook-Saranac River",110.74,27364.36
"44941","44941","043001060503","NY","Kelly Brook-Saranac River",76.14,18814.17
"44942","44942","043001060504","NY","Saranac River",97.98,24210.18
"44952","44952","042900010402","NY","French Creek",72.67,17956.55
"44958","44958","042900010405","NY","Crooked Creek",40.81,10085.51
"44962","44962","042900010406","NY","Chippewa Creek",99.98,24706.51
"44969","44969","042900010602","CN,NY","Prescott-Saint Lawrence River",207.85,51361.41
"44970","44970","042900080102","CN,NY","Iroquois Dam-Saint Lawrence River",170.37,42099.52
"44971","44971","042900080203","NY","Coles Creek",46.62,11519.89
"44972","44972","042900080104","CN,NY","Ogden Island-Saint Lawrence River",97.24,24028.86
"44981","44981","042900070306","CN,NY","Town of Fort Covington-Salmon River",41.4,10230.11
"44982","44982","043001080102","NY","South Bay",53.37,13187.86
"44983","44983","043001080205","NY","Outlet Lake George",140.53,34724.86
"44984","44984","043001080101","NY","Mount Hope Brook-South Bay Creek",64.64,15972.09
"44985","44985","043001080204","NY","Sabbath Day Point-Lake George",79.82,19724
"44986","44986","043001080103","NY","Mill Bay-Mill Brook",30,7413.35
"44987","44987","043001080104","NY,VT","Charter Brook-Lake Champlain",164.76,40712.98
"44988","44988","043001080206","NY","La Chute",71.67,17710.97
"44990","44990","043001080302","NY","Putnam Creek",160.35,39624.08
"44991","44991","043001080303","NY","Bullwagga Bay",71.08,17564.59
"44992","44992","043001080304","NY,VT","McKenzie Brook-Lake Champlain",182.29,45043.58
"44993","44993","043001080601","NY","Mill Brook",72.71,17966.38
"44994","44994","043001080701","NY","Upper Boquet River",122.43,30252.6
"44995","44995","043001080702","NY","Black River",71.49,17664.95
"44996","44996","043001080703","NY","Middle Boquet River",132.4,32715.79
"44997","44997","043001080704","NY","Spruce Mill Brook",76.73,18961.09
"44998","44998","043001090302","CN,NY,VT","Little River-Richelieu River ",83.4,20609.54
"44999","44999","043001080201","NY","Headwater Lake George",149.42,36923.22
"45002","45002","043001080602","NY,VT","Hoisington Brook-Lake Champlain",250.65,61935.76
"45004","45004","043001080707","NY","Lower Boquet River",119.95,29639.55
"45006","45006","043001080706","NY","Outlet North Branch Boquet River",66.83,16512.9
"45007","45007","043001080705","NY","Headwaters North Branch Boquet River",118.35,29243.96
"45009","45009","043001081601","NY","Willsboro Bay",64.03,15823.08
"45012","45012","043001081301","NY","Headwaters Little Ausable River",66.44,16416.9
"45014","45014","043001081302","NY","Outlet Little Ausable River",126.16,31175.73
"45015","45015","043001081402","NY","Outlet Salmon River",58.48,14450.98
"45017","45017","043001081505","CN,NY","Bullis Brook-Great Chazy River",147.42,36428.79
"45019","45019","043001081507","CN,NY","Outlet Great Chazy River",47.03,11621.02
"45024","45024","043001081604","CN,NY,VT","Lake Champlain",922.87,228045.03
"45043","45043","043001090301","CN,NY","Lacolle River",126.19,31182.98
"45086","45086","043001090201","CN,NY","Headwaters Acadie River",127.12,31411.84
"45093","45093","043001010307","NY,VT","Poultney River-Head of Lake Champlain",110.56,27319.4
"45095","45095","043001010305","NY,VT","Mud Brook-Poultney River",40.24,9943.97
"45121","45121","043001081501","NY","Headwaters Great Chazy River",92.49,22855.75
"45122","45122","043001081602","NY","Dead Creek",111.55,27565.04
"45123","45123","043001081502","NY","Headwaters North Branch Great Chazy River",165.82,40975.83
"45125","45125","043001081603","NY","Little Chazy River",140.2,34645.21
"45126","45126","043001081504","NY","King Brook-Great Chazy River",158.9,39265.97
"45127","45127","043001081503","NY","North Branch Great Chazy River",94.51,23353.16
"45131","45131","043001081506","NY","Corbeau Creek",72.18,17836.36
"45175","45175","041300020804","NY","Village of Fillmore-Genesee River",33.98,8395.42
"45176","45176","041300020802","NY","Shongo Creek-Genesee River",76.18,18824.69
"45177","45177","041300020803","NY","Rush Creek",106.73,26372.95
"45178","45178","041300020901","NY","Headwaters Canaseraga Creek",55.46,13703.55
"45179","45179","041300020902","NY","Sugar Creek",46.71,11542.7
"45180","45180","041300020904","NY","Mill Creek",107.95,26674.56
"45181","45181","041300020905","NY","Stony Brook-Canaseraga Creek",84.82,20959.08
"45182","45182","041300020906","NY","Bradner Creek",47.22,11669.27
"45184","45184","041300020907","NY","Twomile Creek",65.08,16081.95
"45186","45186","041300020908","NY","Mud Creek-Canaseraga Creek",87.52,21627.04
"45187","45187","041300020909","NY","Headwaters Keshequa Creek",82.56,20400.6
"45188","45188","041300020910","NY","Keshequa Creek",95.94,23708.01
"45189","45189","041300020911","NY","Canaseraga Creek",105.33,26026.84
"45190","45190","041300021001","NY","Hamlet of Portageville-Genesee River",53.37,13187.39
"45191","45191","041300021002","NY","Wolf Creek-Genesee River",74.29,18357.29
"45193","45193","041300021003","NY","Eastover Brook-Genesee River",58.38,14425.96
"45195","45195","041300021004","NY","Silver Lake",44.83,11077.19
"45197","45197","041300021005","NY","Outlet Silver Lake-Genesee River",76.85,18990.4
"45198","45198","041300030101","NY","Upper Conesus Creek",75.58,18675.81
"45227","45227","041300030205","NY","Honeoye Lake-Honeoye Creek",136.76,33794.89
"45228","45228","041300030204","NY","Hemlock Outlet",42.86,10590.7
"45229","45229","041300030206","NY","Bebee Creek-Honeoye Creek",92.73,22914.03
"45230","45230","041300030301","NY","Spring Brook-Honeoye Creek",121.52,30028.58
"45231","45231","041300030401","NY","Headwaters Oatka Creek",100.9,24933.58
"45232","45232","041300030402","NY","Pearl Creek-Oakta Creek",146.91,36301.14
"45233","45233","041300030403","NY","White Creek-Oatka Creek",102.9,25428
"45234","45234","041300030404","NY","Mud Creek",42.24,10438.28
"45312","45312","041300030203","NY","Hemlock Lake",112.36,27765.55
"45313","45313","041300030102","NY","Middle Conesus Creek",106.36,26281.38
"45314","45314","041300030103","NY","Lower Conesus Creek",56.82,14039.78
"45315","45315","041300030201","NY","Honeoye Inlet",47.85,11822.83
"45317","45317","041300030202","NY","Canadice Lake-Canadice Outlet",45.35,11205.71
"45342","45342","041300030502","NY","Jaycox Creek-Genesee River",103.74,25635.07
"45343","45343","041300030405","NY","City of Le Roy-Oatka Creek",74.71,18460.28
"45344","45344","041300030406","NY","Oatka Creek",90.78,22433.35
"45345","45345","041300030501","NY","Beards Creek",120.37,29744.7
"45346","45346","041300030503","NY","Browns Creek-Genesee River",75.33,18614.02
"45347","45347","041300030606","NY","Black Creek",41.5,10254.89
"45348","45348","041300030701","NY","Little Black Creek",53.72,13274.36
"45349","45349","041300030702","NY","Red Creek",57.88,14301.23
"45350","45350","041401010101","NY","Rice Creek",48.35,11947.7
"45357","45357","042900050706","NY","Hutchins Creek-Raquette River",128.53,31761.42
"45358","45358","042900060409","NY","Town of Hogansburg-Saint Regis River",68.76,16992.02
"45444","45444","041401010203","NY","Sterling Creek",48.99,12105.43
"45445","45445","041401010103","NY","Ninemile Creek",97.62,24123.57
"45446","45446","041401010201","NY","Sterling Valley Creek",72.54,17925.84
"45447","45447","041401010202","NY","Headwaters Sterling Creek",89.77,22183.49
"45448","45448","041401010301","NY","Wolcott Creek",89.47,22109.11
"45449","45449","041401010401","NY","Sodus Creek",51.89,12822.32
"45451","45451","041401010402","NY","Sodus Bay",87.49,21619.51
"45482","45482","020302020401","NY","Connetquot River",90.42,22342.36
"45517","45517","041401010705","NY","Irondequoit Creek",39.44,9744.81
"45550","45550","041401020302","NY","North Branch Sandy Creek",92.24,22793.8
"45551","45551","041401020202","NY","Headwaters South Sandy Creek",106.79,26388.26
"45552","45552","041401020203","NY","South Sandy Creek",78.03,19280.8
"45553","45553","041401020301","NY","Gulf Stream",48.29,11932.9
"45554","45554","041401020303","NY","Headwaters Sandy Creek",112.86,27887.39
"45555","45555","041401020304","NY","Fish Creek-Sandy Creek",62.67,15484.87
"45556","45556","041401020401","NY","Skinner Creek",71.35,17629.76
"45557","45557","041401020402","NY","Lindsey Creek",49.03,12115.37
"45558","45558","041401020403","NY","Little Sandy Creek",72.18,17835.97
"45559","45559","041401020404","NY","North Pond",36.96,9132.95
"45560","45560","041401020405","NY","Deer Creek",71.95,17778.24
"45566","45566","041401010601","NY","Town of Williamson-Salmon Creek",48.02,11865.35
"45567","45567","041401010501","NY","Headwaters Salmon Creek",63.67,15734.22
"45568","45568","041401010702","NY","Railroad Mills",46.45,11477.67
"45569","45569","041401010703","NY","Allen Creek",81.7,20188.45
"45570","45570","041401010704","NY","Thomas Creek-Irondequoit Creek",133.75,33049.85
"45571","45571","041401020101","NY","Headwaters Stony Creek",47.31,11689.67
"45572","45572","041401020102","NY","Stony Creek",60.12,14857.04
"45573","45573","041401020201","NY","Raystone Creek",85.9,21225.15
"45598","45598","020302020405","NY","East Channel-Range Channel",126.93,31365.91
"45599","45599","020302020403","NY","Sampawams Creek",59.6,14728.03
"45600","45600","020302020404","NY","Carlls River",100.31,24786.73
"45672","45672","041401020501","NY","Headwaters Mad River",42.08,10397.77
"45673","45673","041401020502","NY","Mad River",96.54,23855.01
"45674","45674","041401020503","NY","Mill Stream",37.52,9270.19
"45675","45675","041401020504","NY","North Branch Salmon River",72.81,17991.85
"45676","45676","041401020601","NY","Headwaters Salmon River",109.21,26986.47
"45677","45677","041401020602","NY","Prince Brook-Salmon River",77.88,19245.55
"45678","45678","041401020701","NY","Beaverdam Brook",44.66,11036.51
"45696","45696","020302020407","NY","West Channel-Dickerson Channel",106.51,26318.1
"45918","45918","042900080403","CN,NY","Ile Christatie-Saint Lawrence River",180.26,44542.68
"45930","45930","043002010303","CN,NY","Briggs Creek-Beaver Creek",90.16,22279.32
"48840","48840","042701010806","NY","Grand Island-Tonawanda Channel-Niagara River",112.62,27829.67
"50550","50550","042701010808","CN,NY","Niagara Falls-Niagara River",73.54,18173.26
"50552","50552","042701010807","CN,NY","Gill Creek-Niagara River",49.75,12294.31
"50554","50554","042701010802","CN,NY","Frenchman's Creek-Niagara River",61.27,15140.01
"50607","50607","042900080402","CN,NY","Cornwall Island-Saint Lawrence River",153.86,38019.02
"52523","52523","042800020101","CN,NY","Amherst Island",102.4,25302.79
"53485","53485","020200030801","MA,NY","Headwaters Little Hoosic River",103.74,25634.95
"53486","53486","020200030802","NY,VT","Little Hoosic River",90.73,22420.81
"53487","53487","020200030605","MA,NY,VT","Hemlock Brook-Hoosic River",126.89,31354.06
"55215","55215","041401010206","NY","Amherst Island-Frontal Lake Ontario",71.38,17637.3
"55219","55219","041201010404","NY,PA","Twelvemile Creek-Frontal Lake Erie",112.85,27885.41
"55223","55223","041403020102","NY","Fox Creek-Frontal Lake Ontario",53.68,13263.92
"55224","55224","041403020402","NY","Muskellunge Creek-Frontal Lake Ontario",65.46,16175.97
"55225","55225","042600000102","CN,MI,NY,OH,PA","041202000102-Frontal Lake Erie",388.57,96016.49
"55226","55226","042900020501","NY","Jewett Creek",49.5,12230.98
"55227","55227","041201010401","NY,PA","Freelings Creek-Frontal Lake Erie",83.1,20534.97
"55234","55234","041201010202","NY","Scott Creek-Frontal Lake Erie",51.97,12841.88
"55241","55241","041201030603","NY","Big Sister Creek",62.45,15430.83
"55242","55242","041300010103","NY","Northrup Creek",63.86,15781.35
"55243","55243","041300010204","NY","Salmon Creek",99.34,24546.69
"55244","55244","041300010306","NY","Brighton Cliff-Frontal Lake Ontario",35.34,8732.11
"55245","55245","041300010603","NY","Keg Creek-Frontal Lake Ontario",80.21,19820.52
"55246","55246","041300010801","NY","Hopkins Creek-Frontal Lake Ontario",63.74,15750.18
"55247","55247","041300010902","CN,NY","Fourmile Creek-Frontal Lake Ontario",97.3,24042.67
"55248","55248","041401010204","NY","Red Creek",68.21,16856.07
"55249","55249","041401010707","NY","West Creek-Frontal Lake Ontario",77.23,19083.85
"55250","55250","041401010205","NY","Blind Sodus Creek-Frontal Lake Ontario",11.28,2787.67
"55252","55252","041401010302","NY","Mudge Creek",67.35,16641.76
"55253","55253","041401010503","NY","Mink Creek-Frontal Lake Ontario",64.21,15865.96
"55254","55254","041401010706","NY","Irondequoit Bay",47.18,11657.6
"55255","55255","041401020103","NY","Little Stony Creek-Frontal Lake Ontario",79.96,19757.74
"55256","55256","041401020305","NY","Sandy Creek",99.1,24488.8
"55261","55261","042900010407","CN,NY","Wheeler Creek",1044.62,258131.81
"55262","55262","041300010206","NY","Cowsucker Creek-Frontal Lake Ontario",52.49,12970.39
"55263","55263","042900010403","NY","Mullet Creek",65.16,16100.55
"55271","55271","042800020102","CN,NY","Point Peninsula-Frontal Lake Ontario",415.02,102552.85
"55272","55272","042800020200","CN,NY","Lake Ontario",18840.16,4655500.98
"55273","55273","042600000200","CN,MI,NY,OH,PA","Lake Erie",25737.98,6359988.31
"55508","55508","020501040205","NY","Lower Bennetts Creek",58.55,14467.69
"55509","55509","041300020201","NY","Upper Dyke Creek",50.74,12537.86
"55514","55514","041300020202","NY","Middle Dyke Creek",65.41,16164.07
"55515","55515","020200080204","NY","Hunns Lake Creek-Wappinger Creek",103.74,25634.36
"55517","55517","020200020501","NY","Madison Creek-East Stony Creek",33.28,8224.61
"55518","55518","020200031103","NY","Anthony Kill",111.32,27507.54
"55519","55519","020200040402","NY","Indian River",69.33,17130.76
"55536","55536","020200050101","NY","Gooseberry Creek-Schoharie Creek",69.91,17274.75
"55537","55537","020200050203","NY","Bear Kill",66.72,16487.86
"55539","55539","020200060908","NY","Plattekill Creek-Esopus Creek",148.97,36811.45
"55540","55540","020301020101","CT,NY","Kensico Reservoir",37.94,9375.1
"55541","55541","020301010301","CT,NY","Titicus River",63.48,15686.7
"55542","55542","020301010306","NY","Kisco River",47.27,11679.71
"63687","63687","020501010503","NY","Middle Otego Creek",69.84,17257.44
"63774","63774","020501011001","NY","Upper Ouleout Creek",55.2,13639.55
"63775","63775","020501010908","NY","Middle Unadilla River",134.88,33329.08
"63777","63777","020501011004","NY","Handsome Brook",70.36,17385.2
"63781","63781","020501010909","NY","Guilford Creek",58.23,14390.07
"63782","63782","020501010910","NY","Lower Unadilla River",160.05,39548.23
"63804","63804","020200020104","NY","County Line Brook",38.95,9624.1
"63806","63806","020200020105","NY","Jimmy Creek-East Branch Sacandaga River",63.76,15754.96
"63808","63808","020200020201","NY","Fall Stream",51.84,12808.92
"63809","63809","020200020205","NY","Devorse Creek-West Branch Sacandaga River",109.67,27099.17
"63837","63837","020501011005","NY","Lower Ouleout Creek",50.34,12440.3
"63882","63882","020501011002","NY","Treadwell Creek",64.76,16003.74
"63883","63883","020501011003","NY","Middle Ouleout Creek",42.95,10612.96
"63912","63912","020200020303","NY","Kunjamuk River",89.49,22114.54
"63913","63913","020200020403","NY","North Branch West Stony Creek",66.83,16513.1
"63940","63940","020301030103","NJ,NY","Lower Wanaque River",121.2,29948.02
"63942","63942","020301030102","NJ,NY","Ringwood River",46.65,11528.57
"63943","63943","020301030203","NJ,NY","Mahwah River",67.29,16627.08
"63944","63944","020301030204","NJ,NY","Middle Ramapo River",90.49,22360.56
"63945","63945","020301030701","NJ,NY","Hohokus Brook",53.02,13101.75
"63948","63948","020301030903","NJ,NY","Upper Hackensack River",97.35,24056.79
"63997","63997","020501010504","NY","Lower Otego Creek",84.78,20949.44
"64060","64060","020200020505","NY","Tenant Creek",30.63,7569.08
"64062","64062","020200020502","NY","Hill Creek-East Stony Creek",45.6,11267.49
"64073","64073","020200020503","NY","South Brook",38.05,9402.67
"64075","64075","020200020506","NY","Bear Creek-East Stony Creek",48.49,11983
"64117","64117","020501011101","NY","Otsdawa Creek",52.84,13056.57
"64158","64158","020501011102","NY","Brier Creek-Susquehanna River",83.81,20708.66
"64159","64159","020501011103","NY","Sand Hill Creek-Susquehanna River",66.93,16538.06
"64167","64167","020200070206","NJ,NY","Rutgers Creek",106.12,26223.41
"64168","64168","020200070207","NJ,NY","Lower Pochuck Creek-Wallkill River",130.84,32331.47
"64172","64172","020301010404","NJ,NY","Sparkill Creek-Hudson River",150.6,37213.16
"64197","64197","020501011202","NY","Kelsey Brook",108.87,26902.78
"64198","64198","020501011105","NY","Martin Brook-Susquehanna River",48.46,11975.49
"64199","64199","020501011201","NY","Bennettsville Creek",103.71,25626.68
"64276","64276","020501011204","NY","Wylie Brook",65.01,16063.41
"64322","64322","020501011203","NY","Yaleville Brook-Susquehanna River",129.42,31979.75
"64390","64390","020301010405","NJ,NY","East River-Hudson River",210.18,51936.3
"64391","64391","020301030101","NJ,NY","Upper Wanaque River",106.59,26338.38
"64392","64392","020301030702","NJ,NY","Upper Saddle River",58.59,14476.87
"64393","64393","020301030902","NJ,NY","Pascack Brook",76.22,18835
"64426","64426","020501020101","NY","Fabius Brook-West Branch Tioughnioga Creek",99.16,24502.66
"64427","64427","020501011207","NY","Ouaquaga Creek-Susquehanna River",70.81,17496.67
"64430","64430","020501011208","NY","Occanum Creek-Susquehanna River",95.13,23508.18
"64437","64437","020501011313","NY","Park Creek-Susquehanna River",98.75,24401.7
"64447","64447","020501010406","NY","Lower Charlotte Creek",39.33,9718.25
"64482","64482","020301040205","NJ,NY","Upper Bay-The Narrows",103.8,25650.7
"64515","64515","020501020105","NY","Cheningo Creek",80.2,19817.12
"64522","64522","020501010501","NY","West Branch Otego Creek",51.01,12604.65
"64526","64526","020501010502","NY","Upper Otego Creek",77.02,19031.64
"64559","64559","020401040505","NJ,NY,PA","Shingle Kill-Delaware River",113.26,27988.31
"64598","64598","020501020201","NY","Cold Brook",40.72,10062.27
"64704","64704","020501010602","NY","Shadow Brook-Frontal Hyde Bay",50.26,12418.79
"64706","64706","020501010604","NY","Red Creek-Susquehanna River",122.77,30337.22
"64771","64771","050100020101","NY","Headwaters Conewango Creek",57.82,14288.04
"64772","64772","050100020103","NY","Conewango Swamp-Conewango Creek",46.13,11398.73
"64824","64824","020501010605","NY","Goodyear Lake-Susquehanna River",110.46,27296.03
"64850","64850","020501010606","NY","Oneonta Creek-Susquehanna River",62.11,15347.26
"64855","64855","020501010701","NY","Upper Wharton Creek",54.86,13556.98
"64861","64861","050100020204","NY","Ball Creek-Chautauqua Lake",75.54,18666.41
"64862","64862","050100020201","NY","Dewittville Creek",37.29,9215.2
"64868","64868","050100020202","NY","Big Inlet-Chautauqua Lake",83.15,20547.29
"64877","64877","050100020205","NY","Goose Creek",76.69,18950.7
"64878","64878","050100020302","NY","Mill Creek",63.78,15760.27
"64961","64961","050100020402","NY","Cherry Creek-Conewango Creek",66.62,16461.73
"64962","64962","050100020304","NY","Middle Cassadaga Creek",84.26,20820.41
"64963","64963","050100020305","NY","Lower Cassadaga Creek",62.06,15335.35
"64964","64964","050100020403","NY","Clear Creek",86.79,21445.26
"65008","65008","020501010702","NY","Middle Wharton Creek",87.1,21522.65
"65016","65016","020501010802","NY","Middle Butternut Creek",114.49,28290.63
"65018","65018","020501010703","NY","Lower Wharton Creek",98.38,24310.83
"65020","65020","020501010801","NY","Upper Butternut Creek",87.94,21729.71
"65022","65022","020501010803","NY","Lower Butternut Creek",135.19,33405.89
"65132","65132","020501010904","NY","Beaver Creek",86.2,21301.28
"65133","65133","020501010901","NY","North Winfield Creek",40.44,9993.12
"65136","65136","020501010903","NY","Headwaters Unadilla River",109.42,27038.62
"65184","65184","020501010905","NY","Upper Unadilla River",96.16,23762.13
"65317","65317","020501010907","NY","Great Brook",67.45,16667.97
"65335","65335","020200040808","NY","Lower East Canada Creek",82.48,20380.34
"65349","65349","020200020101","NY","Second Pond Brook-East Branch Sacandaga River",75.51,18660.01
"65350","65350","020200020102","NY","Kibby Brook-East Branch Sacandaga River",68.89,17022.22
"65385","65385","020200040709","NY","Crum Creek-Mohawk River",103.16,25492.25
"65386","65386","020200040707","NY","Beaver Brook-Mohawk River",48.09,11882.59
"65387","65387","020200040708","NY","Nowadaga Creek",85.77,21193.68
"65388","65388","020200040801","NY","Headwaters East Canada Creek",103.17,25493.29
"65389","65389","020200040802","NY","North Creek",48.15,11899.13
"65390","65390","020200040803","NY","Upper East Canada Creek",116.35,28751.9
"65391","65391","020200040805","NY","Sprite Creek",127.27,31449.52
"65392","65392","020200040806","NY","Spruce Creek",132.59,32763.44
"65393","65393","020200040807","NY","Middle East Canada Creek",89.13,22023.81
"65394","65394","020200040903","NY","Fort Plain-Otsquago Creek",91.22,22541.05
"65395","65395","020200040904","NY","Peck Lake-Caroga Creek",126.42,31239.77
"65396","65396","020200040905","NY","North Creek-Caroga Creek",110.74,27363.38
"65418","65418","050100010801","NY","Windfall Creek-Allegheny River",71.43,17651.84
"65419","65419","050100010802","NY","Little Valley Creek",123.27,30461.58
"65420","65420","050100010804","NY","Bucktooth Run-Allegheny River",113.96,28159.97
"65444","65444","020501040410","NY","Goodhue Creek",32.5,8031.48
"65445","65445","020501040411","NY","Lower Canisteo River",114.92,28397.4
"65446","65446","020501030704","NY,PA","Sackett Creek-Susquehanna River",47.2,11662.14
"65448","65448","020501040501","NY","Young Hickory Hollow",36.17,8937.56
"65484","65484","020501030203","NY,PA","Middle Chocohut Creek",51.64,12760.24
"65486","65486","020501030501","NY,PA","Apalachin Creek",112.76,27864.52
"65489","65489","020501030605","NY,PA","Lower Cayuta Creek",78.53,19404.42
"65491","65491","020200041006","NY","Auries Creek-Mohawk River",121.39,29995.94
"65492","65492","020200041101","NY","Kayaderosseras Creek-Mohawk River",85.2,21052.42
"65493","65493","020200041102","NY","South Chuctanunda Creek",84.28,20825.35
"65494","65494","020200041103","NY","North Chuctanunda Creek",112.5,27798.52
"65495","65495","020200041104","NY","Evas Kill-Mohawk River",109.62,27086.6
"65496","65496","020200041105","NY","Sandsea Kill-Mohawk River",83.22,20563.59
"65503","65503","050100011001","NY,PA","East Branch Little Brokenstraw Creek",37.39,9238.88
"65506","65506","020200050105","NY","Little West Kill-Schoharie Creek",80.9,19991.34
"65524","65524","020200041003","NY","Yatesville Creek-Mohawk River",91.87,22700.85
"65525","65525","020200040909","NY","Mother Creek-Mohawk River",81,20015.84
"65526","65526","020200041001","NY","Headwaters Flat Creek",111.11,27455.06
"65527","65527","020200041002","NY","Flat Creek-Mohawk River",99.39,24559
"65539","65539","020200031003","NY","Sunkauissia Creek",57.74,14267.85
"65540","65540","020200031006","NY","Hoosic River",39.48,9754.61
"65541","65541","020200031101","NY","McAuley Brook-Hudson River",111.95,27664.56
"65569","65569","020200060407","NY","Mill Creek-Hudson River",68.38,16896.38
"65570","65570","050100011101","NY,PA","Coffee Creek",65.06,16077.85
"65571","65571","020200060404","NY","Schodack Creek",81.55,20151.77
"65602","65602","020501050105","NY","Goff Creek",63.56,15706.11
"65604","65604","020501050102","NY","Twelvemile Creek",66.02,16315.11
"65608","65608","020501050103","NY","Neils Creek",78.71,19449.95
"65610","65610","020501050104","NY","Reynolds Creek-Cohocton River",105.9,26167.83
"65611","65611","020501050106","NY","Tenmile Creek-Cohocton River",97.46,24082.07
"65613","65613","020501050201","NY","Upper Fivemile Creek",68.53,16933.71
"65615","65615","020501050202","NY","Middle Fivemile Creek",54.03,13351.78
"65617","65617","020501050203","NY","Lower Fivemile Creek",55.11,13616.81
"65619","65619","020501050204","NY","Campbell Creek",101.91,25181.31
"65621","65621","020501050205","NY","Stocking Creek",70.52,17425.15
"65624","65624","020501050206","NY","Knight Creek-Cohocton River",69.73,17231.79
"65625","65625","020200030101","NY,VT","West Branch Black Creek",79.67,19687.75
"65628","65628","020200030204","NY,VT","Camden Creek",46.13,11400.1
"65629","65629","020200030205","NY,VT","Green River-Batten Kill",148.17,36613.39
"65655","65655","020501030702","NY,PA","Middle Wappasening Creek",59.08,14599.68
"65656","65656","020501030103","NY","Crocker Creek",44.22,10927.45
"65671","65671","020501040806","NY,PA","Holden Creek",32.87,8123.01
"65676","65676","020501040808","NY,PA","MIddle Cowanesque River",109.95,27169.83
"65687","65687","020501030201","NY","Little Choconut Creek-Susquehanna River",78.4,19373.33
"65688","65688","020501030104","NY","Middle Nanticoke Creek",69.08,17069.91
"65689","65689","020501030105","NY","Lower Nanticoke Creek",60.26,14889.58
"65723","65723","020501030502","NY","Little Nanticoke Creek",61.95,15307.49
"65724","65724","050100011201","NY,PA","Quaker Run-Allegheny River",80,19768.96
"65727","65727","050100020501","NY,PA","Upper Stillwater Creek",61.38,15166.95
"65728","65728","020501030703","NY,PA","Lower Wappasening Creek",42.75,10564.25
"65729","65729","050100020504","NY,PA","Kiantone Creek",59.47,14695.2
"65738","65738","050100020505","NY,PA","Storehouse Run-Conewago Creek",89.75,22177.74
"65766","65766","020200050301","NY","Mine Kill",46.25,11427.74
"65826","65826","020501030204","NY","Lower Chocohut Creek",45.58,11262.39
"65828","65828","020501030205","NY","Patterson Creek-Susquehanna River",60.95,15060.36
"65860","65860","050100040102","NY,PA","Darrow Brook-West Branch French Creek",48.44,11969.24
"65934","65934","020200060806","NY","Shingle Kill-Catskill Creek",82.06,20277.71
"65973","65973","020200020701","NY","Beecher Creek",26.36,6513.4
"66009","66009","020501030303","NY","Willseyville Creek",100.67,24876.2
"66010","66010","020501030206","NY","Tracy Creek-Susquehanna River",47.72,11792.15
"66012","66012","020501030301","NY","Upper Catatonk Creek",78.99,19519.28
"66014","66014","020501030302","NY","South Branch Catatonk Creek",71.67,17710.36
"66017","66017","020501030304","NY","Middle Catatonk Creek",58.88,14550.43
"66022","66022","020501030305","NY","Lower Catatonk Creek",80.36,19857.7
"66023","66023","020501030401","NY","Headwaters East Branch Owego Creek",47.23,11670.19
"66025","66025","020501030402","NY","Upper East Branch Owego Creek",66.37,16399.63
"66026","66026","020501030403","NY","Wilson Creek",41.6,10280.54
"66027","66027","020200060903","NY","Stony Clove Creek",84.08,20776.65
"66028","66028","020501030404","NY","Middle East Branch Owego Creek",50.63,12511.74
"66055","66055","041402020103","NY","Point Rock Creek",56.63,13993.52
"66056","66056","041402020104","NY","Mud Brook-East Branch Fish Creek",95.45,23586.87
"66058","66058","041402020204","NY","Middle West Branch Fish Creek",87.89,21718.12
"66059","66059","041402020205","NY","Little River",135.76,33546.8
"66060","66060","041402020206","NY","Lower West Branch Fish Creek",95.23,23532.6
"66061","66061","041402020301","NY","Canada Creek",87.43,21604.74
"66063","66063","041402020302","NY","Headwaters Wood Creek",95.81,23675.87
"66064","66064","041402020303","NY","Stony Creek",55.96,13826.95
"66065","66065","041402020304","NY","Fish Creek",69.17,17092.91
"66066","66066","041402020305","NY","Wood Creek",89.33,22072.88
"66067","66067","041402020401","NY","Headwaters Oneida Creek",89.36,22081.4
"66071","66071","041402020403","NY","Taylor Creek-Oneida Creek",109.21,26985.94
"66172","66172","020501050308","NY","Hodgmans Creek-Cohocton River",23.07,5700.32
"66271","66271","020501030405","NY","Upper West Branch Owego Creek",55.04,13599.78
"66273","66273","020501030406","NY","Middle West Branch Owego Creek",45.78,11311.26
"66292","66292","020200050703","NY","Town of Esperance-Schoharie Creek",71.69,17714.74
"66314","66314","020501040502","NY","Upper Troups Creek",41.76,10318.79
"66316","66316","020501040909","NY","Glendening Creek",47.26,11679.08
"66361","66361","020501050101","NY","Punky Hollow-Cohocton River",92.35,22819.63
"66397","66397","020501030407","NY","Doolittle Creek",44.14,10906.37
"66399","66399","020501030408","NY","Lower West Branch Owego Creek",55.96,13827.92
"66401","66401","020501030409","NY","Lower East Branch Owego Creek-Owego Creek",93.33,23062.25
"66410","66410","020200041109","NY","Stony Creek-Mohawk River",119.05,29417.29
"66412","66412","020200041108","NY","Poentic Kill-Mohawk River",102.29,25275.24
"66413","66413","020200041110","NY","Shakers Creek-Mohawk River",126.85,31344.37
"66490","66490","020200020702","NY","Sand Creek",37.63,9297.55
"66492","66492","020200020703","NY","Paul Creek",55.49,13711.57
"66493","66493","020200020704","NY","Daly Creek",69.1,17074.28
"66494","66494","020200030103","NY","Black Creek",84.2,20807.44
"66495","66495","020200030301","NY","Whitaker Brook",51.14,12637.37
"66496","66496","020200030302","NY","Fly Creek",46.22,11421.57
"66497","66497","020200030303","NY","Batten Kill",98.34,24301.2
"66522","66522","020501040504","NY,PA","Lower Troups Creek",55.56,13729.2
"66523","66523","020501030706","NY,PA","Parks Creek-Susquehanna River",58.39,14427.87
"66524","66524","020501040503","NY,PA","Middle Troups Creek",42.23,10434.21
"66525","66525","020501040801","NY,PA","Headwaters Cowanesque River",98.34,24300.09
"66550","66550","020200050102","NY","Red Kill-Schoharie Creek",72.35,17878.32
"66551","66551","020200050103","NY","East Kill",94.26,23291.48
"66595","66595","020200030404","NY","Geyser Brook",80.24,19828.29
"66596","66596","020200030402","NY","Glowegee Creek",67.95,16791.49
"66597","66597","020200030405","NY","Bog Meadow Brook",60.63,14981.17
"66598","66598","020200030407","NY","Drummond Creek-Fish Creek",72.84,17998.6
"66599","66599","020200030408","NY","Fish Creek",80.85,19978.11
"66600","66600","020200030501","NY","Sturdevant Creek-Hudson River",144.92,35810.33
"66601","66601","020200030502","NY","Clendon Brook-Hudson River",54.45,13455.95
"66602","66602","020200030504","NY","North Branch Snook Kill",50.68,12524.19
"66603","66603","020200030505","NY","Snook Kill",137.22,33906.99
"66604","66604","020200030506","NY","Glens Falls Feeder Canal-Hudson River",56.05,13849.12
"66605","66605","020200030507","NY","Moses Kill",141.49,34963.55
"66606","66606","020200030508","NY","Slocum Creek-Hudson River",94.82,23431.3
"66607","66607","020200030902","NY","Owl Kill",95.11,23501.56
"66645","66645","020501040809","NY,PA","Lower Cowanesque River",86.42,21355.23
"66646","66646","020501050504","NY,PA","Hammond Creek",76.36,18869.39
"66648","66648","020501050505","NY,PA","Mudlick Creek",61.99,15318.4
"66649","66649","020501050506","NY,PA","South Creek",114.93,28400.68
"66650","66650","020501050507","NY,PA","Seeley Creek",121.21,29951.59
"66689","66689","020200050104","NY","West Kill",81.14,20049.7
"66718","66718","020200050201","NY","Headwaters Batavia Kill",109.89,27153.74
"66746","66746","020200031004","NY","Otter Creek",40.93,10114.21
"66747","66747","020200031001","NY","Wampecack Creek",50.25,12415.93
"66748","66748","020200031002","NY","Nipmoose Brook-Hoosic River",110.4,27280.68
"66749","66749","020200031102","NY","Cooley Kill",50.12,12384.24
"66750","66750","020200031105","NY","Deep Kill",40.67,10048.6
"66751","66751","020200031106","NY","McDonald Creek-Hudson River",101.92,25184.9
"66752","66752","020200040102","NY","Lansing Kill",81.58,20158.1
"66756","66756","020200050202","NY","Lewis Creek-Batavia Kill",79.44,19630.49
"66788","66788","020501050603","NY,PA","Lower Bentley Creek",45.04,11129.52
"66882","66882","020501020203","NY","Factory Creek",41.83,10335.41
"66883","66883","020501050605","NY,PA","Shoemaker Mountain-Chemung River",34.02,8407.16
"66884","66884","020501020204","NY","Otter Creek",38.65,9549.56
"66887","66887","020501020205","NY","Dry Creek-West Branch Tioughnioga River",49.4,12206.78
"66891","66891","020501020302","NY","Mud Creek",79.07,19537.38
"66892","66892","020501020303","NY","Upper Otselic River",147.57,36466.01
"66893","66893","020501020304","NY","Brakel Creek",49.06,12123.73
"66894","66894","020200050204","NY","Manor Kill",89.47,22108.5
"66895","66895","020501020305","NY","Middle Otselic River",129.56,32013.78
"66896","66896","020501020306","NY","Merrill Creek",55.29,13663.05
"66898","66898","020501020307","NY","Lower Otselic River",97.6,24117.58
"66899","66899","020501020401","NY","Trout Brook",104.2,25747.18
"66948","66948","020501050607","NY,PA","Dry Brook-Chemung River",95.11,23502.78
"66949","66949","041300020103","NY,PA","Headwaters Genesee River",116.33,28744.51
"66950","66950","041300020301","NY,PA","Marsh Creek",88.57,21886.01
"66951","66951","041300020302","NY,PA","Cryder Creek",41.68,10298.17
"66953","66953","041300020303","NY,PA","Marsh Creek-Genesee River",69.47,17167.2
"66989","66989","020200050302","NY","Platter Kill-Schoharie Creek",65.36,16150.27
"67019","67019","020501020405","NY","Culver Creek-Dudley Creek",82.41,20362.96
"67020","67020","020501020402","NY","Gridley Creek",41.68,10298.36
"67021","67021","020501020607","NY","Thompson Creek-Chenango River",49.26,12172.11
"67022","67022","020501020403","NY","Upper Tioughnioga River",90.84,22446.02
"67023","67023","020501020404","NY","Jennings Creek",37.57,9284.18
"67024","67024","020501020406","NY","Middle Tioughnioga River",67.33,16636.64
"67026","67026","020501020407","NY","Halfway Brook",56.35,13923.9
"67040","67040","020501020408","NY","Lower Tioughnioga River",65.56,16201.22
"67041","67041","020501020502","NY","Middle Sangerfield River",43.08,10646.51
"67043","67043","020501020503","NY","Lower Sangerfield River",28.62,7071.45
"67044","67044","020501040104","NY","Lower Canacadea Creek",31.19,7707.07
"67045","67045","020501020504","NY","Callahan Brook-Chenango River",63.53,15699.52
"67047","67047","020501020505","NY","Payne Brook",70.82,17499
"67048","67048","020501020506","NY","Eaton Brook-Chenango River",117.56,29048.45
"67049","67049","020501020507","NY","South Lebanon Brook-Cold Spring Brook",39.45,9747.18
"67050","67050","020501020508","NY","Crooked Brook-Pleasant Brook",61.04,15083.71
"67051","67051","020501020509","NY","Stone Mill Brook-Chenango River",60,14826.14
"67052","67052","020501020601","NY","Pleasant Brook",37.05,9154.09
"67054","67054","020501020602","NY","Handsome Brook",61.98,15314.86
"67056","67056","020501020603","NY","Mad Brook-Chenango River",75.85,18743.98
"67062","67062","020501020604","NY","East Branch Canasawacta Creek",67.2,16605.43
"67096","67096","050100010401","NY","Headwaters Ischua Creek",74.6,18434.57
"67097","67097","050100010310","NY,PA","Knapp Creek",83.02,20513.88
"67098","67098","050100010402","NY","Saunders Creek-Ischua Creek",70.57,17438.96
"67099","67099","050100010404","NY","Storrs Creek-Icshua Creek",105.83,26151.64
"67105","67105","041201030602","NY","Headwaters Big Sister Creek",65.77,16252.89
"67118","67118","020501030601","NY","Pony Hollow Creek",44.24,10933.03
"67119","67119","020501040201","NY","Woodward  Hollow",32.65,8068.82
"67120","67120","020501030503","NY","Pumpelly Creek-Susquehanna River",61.73,15253.22
"67121","67121","020200050305","NY","Cole Brook-Schoharie Creek",58.32,14411.96
"67122","67122","020501030504","NY","Chambers Creek-Pipe Creek",120.35,29739.29
"67123","67123","020501030505","NY","Hunts Creek-Susquehanna River",78.58,19418
"67124","67124","020501030602","NY","Headwaters Cayuta Creek",105.5,26069.31
"67125","67125","020501030603","NY","Upper Cayuta Creek",87.98,21741.2
"67126","67126","020501030604","NY","Middle Cayuta Creek",52.79,13043.78
"67127","67127","020501030705","NY","Ellis Creek",43.77,10816.89
"67128","67128","020200050401","NY","Keyser Kill",42.12,10407.37
"67129","67129","020501040101","NY","McHenry Valley Creek",30.57,7555.08
"67131","67131","020501040102","NY","Karr Valley Creek",40.93,10114.36
"67135","67135","020501040103","NY","Upper Canacadea Creek",50.72,12532.82
"67184","67184","020501020608","NY","Gilmore Brook-Chenango River",54.14,13378.72
"67185","67185","020501020605","NY","Fly Creek-Chenango River",60.12,14855.77
"67186","67186","020501020606","NY","Canasawacta Creek",93.31,23057.54
"67187","67187","020501020609","NY","Turner Creek-Fly Meadow Creek",74.67,18452.12
"67188","67188","020501020610","NY","Lyon Brook-Chenango River",52.71,13026.14
"67279","67279","020501020701","NY","Headwaters Genegantslet Creek",54.8,13540.16
"67295","67295","020501020704","NY","Lower Genegantslet Creek",58.79,14526.35
"67300","67300","020501020702","NY","Upper Genegantslet Creek",43.04,10635.26
"67301","67301","020501020703","NY","Middle Genegantslet Creek",113.5,28045.4
"67302","67302","020501020801","NY","Bowman Creek",69.19,17098.2
"67303","67303","020501020802","NY","Mill Brook-Chenango River",41.72,10310.41
"67304","67304","020501020803","NY","Padget Brook-Bear Brook",62.63,15476.88
"67305","67305","020501020804","NY","Wheeler Brook-Chenango River",70.24,17355.57
"67306","67306","020501020805","NY","Spring Brook-Chenango River",113.27,27988.96
"67307","67307","020501020806","NY","Ockerman Brook-Chenango River",43.19,10672.19
"67309","67309","020501020807","NY","Page Brook",91.25,22549.41
"67338","67338","020501040203","NY","Middle Bennetts Creek",39.95,9872.34
"67355","67355","020200040103","NY","Stringer Brook-Mohawk River",81.94,20247.07
"67356","67356","020200040104","NY","Wells Creek",66.11,16336.6
"67357","67357","020200040201","NY","Headwaters Oriskany Creek",76.03,18788.24
"67358","67358","020200040203","NY","Middle Oriskany Creek",67.58,16698.32
"67359","67359","020200040205","NY","Lower Oriskany Creek",82.98,20504.62
"67360","67360","020200040302","NY","Wheelers Creek-Mohawk River",52.88,13066.72
"67374","67374","020200050702","NY","Cripplebush Creek-Schoharie Creek",58.1,14357.73
"67388","67388","020501040301","NY","South Branch Tuscarora Creek",50.94,12587.61
"67390","67390","020501040202","NY","Upper Bennetts Creek",58.05,14343.27
"67392","67392","020501040204","NY","Purdy Creek",58.69,14501.57
"67399","67399","020501040302","NY","Upper Tuscarora Creek",82.24,20321.35
"67400","67400","020501040303","NY","North Branch Tuscarora Creek",81.43,20122.83
"67401","67401","020501040304","NY","Middle Tuscarora Creek",42.65,10539.25
"67404","67404","020200050402","NY","Panther Creek",70.84,17505.35
"67433","67433","020200040403","NY","Metcalf Brook",40.51,10010.13
"67462","67462","020501030101","NY","Upper Nanticoke Creek",61.41,15175.88
"67463","67463","020501020808","NY","Osborne Creek",64.56,15953.09
"67464","67464","020501020809","NY","Castle Creek",78.59,19420.61
"67465","67465","020501020810","NY","Thomas Creek-Chenango River",81.99,20261.17
"67466","67466","020501030102","NY","East Branch Nanticoke Creek",59.19,14626.07
"67467","67467","050100020405","NY","Little Conewengo Creek",79.9,19743.43
"67470","67470","050100020406","NY","Indian Brook-Conewango Creek",100.63,24865.74
"67473","67473","050100020502","NY","Lower Stillwater Creek",83.6,20658.99
"67495","67495","050100040302","NY","Alder Bottom Creek-French Creek",95.53,23605.81
"67503","67503","020200040309","NY","Mud Creek-Saquoit Creek",69.51,17175.62
"67504","67504","020200040310","NY","Crane Creek-Mohawk River",80.83,19973.62
"67505","67505","020200040401","NY","Headwaters West Canada Creek",96.15,23759.46
"67533","67533","050100010407","NY","Olean Creek",69.26,17114.69
"67534","67534","020501040305","NY","Elk Creek",31.61,7810.04
"67536","67536","050100010502","NY","Haskell Creek",82.82,20464.23
"67538","67538","050100010503","NY","Fivemile Creek",97.9,24192.49
"67540","67540","020200040407","NY","Vly Brook-South Branch West Canada Creek",53.95,13331.47
"67541","67541","020200040405","NY","Big Brook-West Canada Creek",64.33,15896.96
"67542","67542","020200040406","NY","Headwaters South Branch West Canada Creek",88.5,21869.93
"67543","67543","020200040501","NY","Fourmile Brook",67.39,16652.84
"67544","67544","020200040502","NY","Concklin Brook-West Canada Creek",78.88,19491.63
"67545","67545","020200040503","NY","Mill Creek",81.67,20181.86
"67546","67546","020200040504","NY","Headwaters Black Creek",75.93,18762.2
"67547","67547","020200040505","NY","Ash Creek-Black Creek",84.74,20939.06
"67548","67548","020200040506","NY","Cincinnati Creek",130.15,32160.76
"67549","67549","020200040507","NY","Hinckley Reservoir-West Canada Creek",111.25,27489.79
"67562","67562","020501040403","NY","Seeley Creek",40.97,10123.61
"67564","67564","020501040306","NY","Lower Tuscarora Creek",43.24,10685.76
"67566","67566","020501040401","NY","Lime Kiln Creek",53.77,13286.21
"67567","67567","020501040404","NY","Big Creek",47.79,11808.51
"67568","67568","020501040405","NY","Crosby Creek",25.77,6368.25
"67569","67569","020501040406","NY","Upper Canisteo River",73.26,18102.55
"67570","67570","020501040407","NY","Colonel Bills Creek",72.58,17934.32
"67571","67571","020501040408","NY","Middle Canisteo River",124.74,30824.08
"67605","67605","020401010403","NY,PA","Factory Creek-Delaware River",57.41,14186.81
"67606","67606","020401010406","NY,PA","Pea Brook-Delaware River",93.5,23104.89
"67607","67607","020401010501","NY,PA","Hankins Creek-Delaware River",108.26,26751.93
"67608","67608","020401010506","NY,PA","Beaverdam Creek-Delaware River",63.29,15640.3
"67609","67609","020401010604","NY,PA","Peggy Run-Delaware River",98.47,24333.56
"67610","67610","020401010606","NY,PA","Westcolang Creek-Delaware River",50.55,12490.28
"67611","67611","020501011209","NY,PA","Cascade Creek-Susquehanna River",75.62,18684.95
"67612","67612","020501011304","NY,PA","Lower Starrucca Creek",61.96,15311.23
"67632","67632","020200040601","NY","White Creek",49.71,12284.54
"67633","67633","020200040602","NY","Shed Brook-West Canada Creek",125.68,31055.88
"67634","67634","020200040603","NY","City Brook-West Canada Creek",61.05,15085.72
"67635","67635","020200040604","NY","North Creek-West Canada Creek",99.78,24656.84
"67636","67636","020200040701","NY","Sterling Creek",49.44,12218.02
"67637","67637","020200040702","NY","Ferguson Creek-Mohawk River",47.55,11749.5
"67638","67638","020200040703","NY","Moyer Creek",51.88,12819.08
"67682","67682","050100010604","NY,PA","Bolivar Run-Tunungwant Creek",69.37,17142.49
"67684","67684","050100010701","NY","Upper Great Valley Creek",101.93,25188.16
"67685","67685","050100010702","NY","Middle Great Valley Creek",49.79,12303.96
"67687","67687","050100010704","NY","Wrights Creek",91.19,22532.97
"67692","67692","020501040409","NY","Tracy Creek",25.07,6196.07
"67703","67703","020501011311","NY,PA","Little Snake Creek",79.34,19606.42
"67704","67704","020501011307","NY,PA","Trowbridge Creek",42.57,10519.1
"67705","67705","020501011308","NY,PA","Mitchell Creek-Susquehanna River",113.99,28166.57
"67706","67706","020501011310","NY,PA","Snake Creek",126.29,31206.83
"67707","67707","020501011312","NY,PA","Carlin Creek",72.21,17842.53
"67710","67710","020501050207","NY","Smith Run-Cohocton River",53.41,13196.8
"67712","67712","020501050301","NY","Tobehanna Creek",42.8,10575.99
"67714","67714","020501050302","NY","Lamoka Lake-Mud Creek",93.39,23076.04
"67726","67726","020200060304","NY","Moordener Kill",83.11,20537.61
"67727","67727","020200060305","NY","Papscanee Creek-Hudson River",53.23,13154.54
"67729","67729","020200060401","NY","Vloman Kill",79.3,19594.64
"67739","67739","020200060804","NY","Bowery Creek-Catskill Creek",106.15,26229.25
"67767","67767","020200060805","NY","Basic Creek",111.65,27589.57
"67802","67802","020501050303","NY","Mud Creek",74.2,18334.51
"67803","67803","020501050304","NY","Michigan Creek",57.49,14206.61
"67804","67804","020501050305","NY","Dry Run",47.55,11750.57
"67820","67820","020200060405","NY","Vlockie Kill-Hudson River",52.76,13037.71
"67821","67821","020200060406","NY","Coxsackie Creek",74.8,18482.28
"67823","67823","020200060501","NY","Agawamuck Creek",59.24,14637.52
"67833","67833","020200060502","NY","North Creek",57.28,14153.85
"67835","67835","020200060503","NY","Hollowville Creek-Claverack Creek",46.38,11459.85
"67848","67848","020200060902","NY","Woodland Creek-Esopus Creek",149.65,36980.1
"67849","67849","020200060808","NY","Hans Vosen Kill-Catskill Creek",127.52,31509.68
"67850","67850","020200060901","NY","Birch Creek-Esopus Creek",123.19,30441.69
"67851","67851","020200060904","NY","Beaver Kill-Esopus Creek",140.28,34663.66
"67852","67852","020200060906","NY","Stony Creek-Esopus Creek",138.66,34263.47
"67854","67854","020200060907","NY","Saw Kill",108.3,26762.43
"67855","67855","020200061003","NY","Punch Brook-Roeliff Jansen Kill",124.02,30645.74
"67857","67857","020200061004","NY","Shekomeko Creek",76.46,18892.43
"67858","67858","020200061005","NY","Fall Kill-Roeliff Jansen Kill",91.74,22669.16
"67904","67904","020200070401","NY","Masonic Creek-Wallkill River",122.03,30153.16
"67905","67905","020200070402","NY","Mannayunk Kill-Wallkill River",76.28,18848.42
"67906","67906","020200070403","NY","Tin Brook",51.37,12694.26
"67916","67916","020501050401","NY","Post Creek",89.53,22123.34
"67917","67917","020501050306","NY","Meads Creek",133.68,33032.45
"67918","67918","020501050307","NY","Curtis Creek-Cohocton River",116.27,28729.87
"67921","67921","020200060506","NY","Mud Creek-Claverack Creek",89.75,22177.9
"67922","67922","020200060504","NY","Headwaters Taghkanic Creek",109.33,27016.67
"67923","67923","020200060602","NY","Black River-Kinderhook Creek",80.72,19945.61
"67924","67924","020200060604","NY","Tackawasick Creek-Kinderhook Creek",130.4,32223.68
"67925","67925","020200060605","NY","Green Brook-Kinderhook Creek",78.35,19360.25
"67926","67926","020200060606","MA,NY","Stony Kill",110.88,27399.12
"67927","67927","020200060607","NY","Kline Kill",100.15,24747.3
"67928","67928","020200060608","NY","Valatie Kill",104.37,25790.59
"67929","67929","020200060609","NY","Stockport Creek-Kinderhook Creek",64.01,15817.52
"67930","67930","041201020108","NY","Buttermilk Creek",79.49,19643.59
"67931","67931","041201020109","NY","Spring Brook-Cattaraugus Creek",64.76,16003.14
"67932","67932","041201020201","NY","Connoisarauley Creek",56.3,13912.72
"67933","67933","041201020202","NY","Spooner Creek-Cattaraugus Creek",67.07,16573.07
"67934","67934","041201020203","NY","Mansfield Creek",98.72,24393.12
"67935","67935","041201020204","NY","Headwaters South Branch Cattaraugus Creek",66.03,16315.59
"67936","67936","041201020205","NY","South Branch Cattaraugus Creek",101.26,25022.41
"67937","67937","041201020206","NY","Waterman Brook-Cattaraugus Creek",72.48,17910.15
"67956","67956","020200061103","NY","Stony Creek",54.87,13558.02
"67960","67960","020200061006","NY","Klein Kill-Roeliff Jansen Kill",119.23,29462.37
"67962","67962","020200061101","NY","Murderers Creek-Hudson River",106.99,26438.85
"67963","67963","020200080101","NY","Landsman Kill",60.91,15050.87
"67964","67964","020200080102","NY","Black Creek",89.49,22114.34
"67965","67965","020200080103","NY","Crum Elbow Creek",50.41,12456.22
"67966","67966","020200080104","NY","Fallsburg Creek-Hudson River",105.96,26184.08
"67967","67967","020200061102","NY","Sawyer Kill-Hudson River",96.87,23937.2
"67968","67968","020200061104","NY","Lakes Kill-Saw Kill",67.98,16799.28
"67969","67969","020200070204","NY","Quaker Creek",72.25,17852.47
"67970","67970","020200070205","NY","Indigot Creek",49.21,12159.8
"67994","67994","020200070405","NY","Muddy Kill-Wallkill River",136.37,33696.5
"67995","67995","020200070406","NY","Kleine Kill-Wallkill River",113.19,27970.3
"67996","67996","020200070407","NY","Swarte Kill-Wallkill River",85.1,21028.02
"67997","67997","020200070504","NY","Sandburg Creek",153.57,37947.41
"67998","67998","020200070601","NY","Mill Brook",51.49,12723.18
"67999","67999","020200070602","NY","Rochester Creek",87.51,21624.7
"68000","68000","020200080105","NY","Fall Kill",48.83,12066.91
"68001","68001","020200080201","NY","Little Wappinger Creek",86.64,21409.59
"68027","68027","020501050405","NY","Hendy Creek-Chemung River",48.83,12067.16
"68028","68028","020501050402","NY","Cutler Creek-Chemung River",44.34,10956.05
"68032","68032","020501050403","NY","Sing Sing Creek",91.31,22564.16
"68040","68040","020501050404","NY","Whisky Creek-Chemung River",144.35,35669.59
"68044","68044","020501050501","NY","North Branch Newtown Creek",48.26,11926.17
"68046","68046","020501050502","NY","Upper Newtown Creek",84.29,20828.22
"68049","68049","020501050503","NY","Lower Newtown Creek",73.9,18260.29
"68050","68050","020501050508","NY","Coldbrook Creek-Chemung River",47,11613.1
"68051","68051","020501050604","NY","Baldwin Creek",106.41,26294.28
"68059","68059","041201020207","NY","North Branch Clear Creek",52.55,12984.76
"68060","68060","041201020208","NY","Clear Creek",92.17,22775.17
"68061","68061","041201020209","NY","Thatcher Brook-Cattaraugus Creek",116.19,28712.18
"68062","68062","041201030101","NY","Headwaters Cayuga Creek",82.3,20337.72
"68063","68063","041201030102","NY","Upper Cayuga Creek",51.71,12778.94
"68064","68064","041201030103","NY","Little Buffalo Creek",69.45,17160.56
"68066","68066","041201030104","NY","Middle Cayuga Creek",46.17,11409.78
"68067","68067","041201030105","NY","Lower Cayuga Creek",79.65,19681.16
"68068","68068","041201030201","NY","Headwaters Buffalo Creek",67.17,16596.98
"68069","68069","041201030202","NY","Beaver Meadow Creek-Buffalo Creek",69.39,17146.44
"68118","68118","020200080202","NY","Cold Spring Creek-Wappinger Creek",69.3,17123.92
"68119","68119","020200080205","NY","Great Spring Creek-Wappinger Creek",109.89,27155.38
"68120","68120","020200080206","NY","Wappinger Lake-Wappinger Creek",88.78,21937.28
"68121","68121","020200080302","NY","Clove Brook-Fishkill Creek",66.9,16530.92
"68122","68122","020200080303","NY","Whortlekill Creek-Fishkill Creek",113.33,28005.59
"68123","68123","020200080304","NY","Sprout Creek",141.84,35049.35
"68124","68124","020200080305","NY","Clove Creek",51.59,12747.91
"68125","68125","020200080306","NY","Wiccopee Creek-Fishkill Creek",82.12,20291.8
"68126","68126","020200080401","NY","Black Meadow Creek",36.44,9005.6
"68127","68127","020200080402","NY","Otter Kill",108.36,26775.33
"68128","68128","020200080403","NY","Cromline Creek",79.88,19737.8
"68129","68129","020200080405","NY","Woodbury Creek",57.33,14166.3
"68130","68130","020200080406","NY","Silver Stream-Moodna Creek",115.76,28605.75
"68131","68131","020200080501","NY","Lattintown Creek",51.38,12695.84
"68132","68132","020200080502","NY","Quassaic Creek",132.17,32659.54
"68133","68133","020200080503","NY","Breakneck Brook-Hudson River",107.59,26586.65
"68144","68144","041201030301","NY","Sprague Brook-West Branch Cazenovia Creek",64.99,16058.84
"68145","68145","041201030302","NY","Headwaters East Branch Cazenovia Creek",80.06,19782.99
"68146","68146","041201030303","NY","West Branch Cazenovia Creek",88.99,21989.06
"68147","68147","041201030304","NY","East Branch Cazenovia Creek",65.24,16120.27
"68174","68174","041201020102","NY","Headwaters Cattaraugus Creek",110.97,27420.78
"68175","68175","041201020103","NY","Headwaters Elton Creek",76.72,18957.54
"68176","68176","041201020104","NY","Lime Lake Outlet",46.36,11456.6
"68177","68177","041201020105","NY","Elton Creek",63.64,15725.05
"68178","68178","041201020106","NY","Hosmer Brook-Cattaraugus Creek",66.13,16341.48
"68179","68179","041201020107","NY","Dresser Creek-Cattaraugus Creek",58.78,14525.81
"68197","68197","041201030206","NY","Buffalo Creek",40.98,10126.77
"68198","68198","041201030203","NY","Hunter Creek",45.51,11245.95
"68199","68199","041201030204","NY","Sheldon Creek-Buffalo Creek",85.44,21111.92
"68200","68200","041201030205","NY","Pond Brook-Buffalo Creek",68.56,16941.86
"68201","68201","041201030305","NY","Cazenovia Creek",61.08,15092.17
"68202","68202","041201030501","NY","Headwaters Eighteenmile Creek",53.5,13220.91
"68203","68203","041201030502","NY","Upper Eighteenmile Creek",78.77,19465.03
"68204","68204","041201030503","NY","Headwaters South Branch Eighteenmile Creek",65.67,16226.95
"68205","68205","041201030504","NY","South Branch Eighteenmile Creek",40.59,10029.46
"68206","68206","041201030505","NY","Middle Eighteenmile Creek",39.42,9741.4
"68251","68251","020301010102","NY","Annsville Creek",53.2,13144.86
"68253","68253","020301010101","NY","Peekskill Hollow Creek",125.26,30953.57
"68255","68255","020301010103","NY","Cedar Pond Brook",46.05,11378.13
"68256","68256","020301010104","NY","Minisceongo Creek",49.27,12175.71
"68257","68257","020301010201","NY","Muddy Brook",46.75,11552.89
"68258","68258","020301010202","NY","Upper East Branch Croton River",59.33,14660.54
"68259","68259","020301010205","NY","Middle Branch Croton River",68.81,17003.68
"68260","68260","020301010206","NY","West Branch Croton River",141.31,34918.5
"68261","68261","020301010304","NY","Stone Hill River",58.64,14490.55
"68262","68262","020301010305","NY","Muscoot River",83.83,20714.34
"68263","68263","020301010307","NY","Bailey Brook-Croton River",134.38,33206.95
"68264","68264","020301010401","NY","Sparta Brook-Hudson River",63.19,15613.64
"68265","68265","020301010402","NY","Pocantico River",38.32,9470.08
"68266","68266","020301010403","NY","Saw Mill River",67.64,16713.18
"68267","68267","020301020102","NY","Upper Bronx River",76.45,18890.1
"68322","68322","041300010201","NY","Brockport Creek-Otis Creek",51.45,12713.36
"68323","68323","041300010202","NY","Moorman Creek",46.36,11455.6
"68324","68324","041300010203","NY","West Creek",39.06,9651.4
"68445","68445","041300010301","NY","West Branch Sandy Creek",73.85,18248.96
"68446","68446","041300010302","NY","East Branch Sandy Creek-Sandy Creek",111.37,27520.06
"68447","68447","041300010404","NY","Fish Creek",49.44,12216.39
"68448","68448","041300010405","NY","Glenwood Lake-Oak Orchard Creek",61.53,15203.57
"68449","68449","041300010406","NY","Otter Creek",54.08,13364.41
"68450","68450","041300010407","NY","Town of Knowlesville-Oak Orchard Creek",53.4,13195.26
"68451","68451","041300010502","NY","Upper Johnson Creek",105.01,25948.31
"68453","68453","041300010503","NY","Middle Johnson Creek",62.92,15547.23
"68913","68913","041402011003","NY","Headwaters Virgil Creek",42.19,10425.35
"69069","69069","020200050504","NY","Ox Kill-Fox Creek",49.38,12202.47
"69078","69078","020200050505","NY","King Creek-Fox Creek",53.09,13117.58
"69177","69177","020200060203","NY","Black Creek",53.11,13123.34
"69179","69179","020200060702","NY","Kiskatom Brook",47.53,11744.67
"69237","69237","020200050404","NY","Little Schoharie Creek",63.06,15582.78
"69251","69251","020200050405","NY","Stony Brook-Schoharie Creek",86.16,21289.39
"69462","69462","020200050501","NY","Headwaters Fox Creek",44.66,11036.06
"69463","69463","020200050502","NY","Switz Kill",75.62,18687.29
"69491","69491","020200050704","NY","Wilsey Creek-Schoharie CReek",64.5,15937.27
"69492","69492","020200050705","NY","Irish Creek-Schoharie Creek",59.81,14778.49
"69493","69493","020200060101","NY","Dyken Pond-Poesten Kill",65.93,16291.43
"69494","69494","020200060102","NY","Bonesteel Creek-Poesten Kill",59.26,14643.67
"69521","69521","041402011302","NY","Mill Creek",80.38,19863.48
"69534","69534","020200050603","NY","Schenevus Creek",34.77,8590.94
"69590","69590","020200050602","NY","West Creek",79.17,19563.36
"69591","69591","020200050601","NY","Headwaters West Creek",59.47,14694.83
"69603","69603","020501010302","NY","Elk Creek",85.6,21151.27
"69609","69609","020501010303","NY","Middle Schenevus Creek",61.6,15222.44
"69623","69623","020200060202","NY","Indian House Creek-Normans Kill",60.3,14899.78
"69624","69624","020200060103","NY","Quacken Kill",80.33,19850.49
"69626","69626","020200060104","NY","Sweet Milk Creek-Poeston Kill",44.03,10880.69
"69627","69627","020200060201","NY","Bonny Brook-Normans Kill",82.74,20445.81
"69628","69628","020200060205","NY","Hunger Kill-Normans Kill",64.72,15992.78
"69629","69629","020200060206","NY","Vly Creek-Normans Kill",104.01,25701.4
"69630","69630","020200060301","NY","Wynants Kill",86.63,21407.36
"69631","69631","020200060302","NY","Rensselaer Lake-Hudson River",127.52,31510.58
"69632","69632","020200060303","NY","Mill Creek",41.77,10321.57
"69657","69657","020200060801","NY","Lake Creek-Catskill Creek",144.77,35774.55
"69658","69658","020200060701","NY","Stony Brook-Kaaterskill Creek",57.44,14193.4
"69659","69659","020200060803","NY","Tenmile Creek",94.97,23467.52
"69704","69704","020200050701","NY","Fly Creek",56.37,13928.66
"69706","69706","020200050605","NY","Punch Kill-Cobelskill Creek",123.23,30451.99
"69750","69750","041402011101","NY","Big Salmon Creek",129.32,31955.75
"69751","69751","041402011008","NY","Middle Cayuga Inlet",47.11,11640.72
"69753","69753","041402011009","NY","Headwaters Sixmile Creek",83.96,20745.98
"69754","69754","041402011010","NY","Lower Cayuga Inlet",102.45,25316.01
"69755","69755","041402011102","NY","Salmon Creek",101.75,25143.54
"69756","69756","041402011103","NY","Willow Creek-Cayuga Lake",115.08,28436.38
"69757","69757","041402011104","NY","Hencoop Creek-Taughannock Creek",105.26,26009.98
"69758","69758","041402011105","NY","Bolter Creek-Taughannock Creek",67.92,16782.22
"69759","69759","041402011106","NY","Boardman Creek-Cayuga Lake",91.85,22697.77
"69760","69760","041402011107","NY","Lively Run-Cayuga Lake",146.63,36231.95
"69761","69761","020501010203","NY","Middle Cherry Valley Creek",53.06,13111.95
"69765","69765","020501010204","NY","Lower Cherry Valley Creek",59.56,14716.59
"69781","69781","020501010301","NY","Upper Schenevus Creek",102.28,25275.01
"69830","69830","041402011204","NY","Yawger Creek",64.52,15943.73
"69831","69831","041402011201","NY","Shelldrake Creek-Cayuga Lake",121.38,29992.95
"69832","69832","041402011202","NY","Paines Creek-Cayuga Lake",97.72,24148.03
"69833","69833","041402011203","NY","Red Creek-Cayuga Lake",146.98,36319.59
"69834","69834","041402011205","NY","Demont Creek-Cayuga Lake",105.13,25978.8
"69835","69835","041402011301","NY","Headwaters Owasco Inlet",98.37,24307.51
"69836","69836","041402011303","NY","Hemlock Creek-Owasco Inlet",125.91,31113.28
"69837","69837","041402011304","NY","Dutch Hollow Brook",76.19,18827.19
"69838","69838","041402011305","NY","Owasco Lake",142.33,35169.87
"69839","69839","041402011306","NY","Owasco River",50.83,12559.91
"69852","69852","041402011406","NY","Crane Brook",120.26,29715.79
"69858","69858","020501010304","NY","Lower Schenevus Creek",60.91,15050.38
"69912","69912","041402011404","NY","Black Brook-Montezuma Marsh",99.4,24561.62
"69913","69913","041402011401","NY","Pond Brook",45.39,11217.09
"69914","69914","041402011402","NY","Black Brook",48.05,11874.53
"69915","69915","041402011403","NY","Melvin Brook-Clyde River",121.94,30131.48
"69916","69916","041402011405","NY","Sleepy Hollow-Clyde River",68.02,16808.33
"69917","69917","041402011407","NY","Kipp Island-Seneca River",55.39,13686.68
"69918","69918","041402011408","NY","Black Creek",105.41,26048.55
"69919","69919","041402011409","NY","Howland Island-Seneca River",122.07,30163.85
"69920","69920","041402011501","NY","Otisco Lake",109.62,27087.51
"69921","69921","041402011502","NY","Tyler Hollow-Ninemile Creek",80.8,19965.13
"69922","69922","041402011503","NY","Geddes Brook-Ninemile Creek",109.11,26960.74
"69923","69923","041402011504","NY","Headwaters Onondaga Creek",107.99,26683.96
"69924","69924","041402011505","NY","West  Branch Onondaga Creek",68.83,17008.55
"69925","69925","041402011506","NY","Hemlock Creek-Onondaga Creek",53.35,13184.24
"69926","69926","041402011507","NY","Furnace Brook-Onondaga Creek",55.29,13661.7
"69927","69927","041402011508","NY","North Branch Ley Creek",54.54,13477.47
"69928","69928","041402011509","NY","Onondaga Lake",107.33,26522.19
"69929","69929","041402011601","NY","Putnam Brook",66.14,16343.25
"69930","69930","041402011602","NY","Cold Spring Brook",66.22,16364.06
"69957","69957","020501010402","NY","Middle Brook",91.45,22597.93
"70014","70014","041402011603","NY","Muskrat Creek",64.39,15910.3
"70038","70038","041402011604","NY","Grout Brook-Skaneateles Lake",113.13,27956.03
"70039","70039","020501010404","NY","Kortright Creek",72.7,17964.45
"70041","70041","020501010405","NY","Middle Charlotte Creek",113.52,28052.59
"70043","70043","041402011605","NY","Outlet Skaneateles Lake",75.5,18656.72
"70045","70045","041402011606","NY","Skaneateles Creek",65.61,16213.35
"70046","70046","041402011607","NY","Stark Pond-Seneca River",58.98,14574.66
"70047","70047","041402011608","NY","Carpenters Brook",62.38,15414.17
"70048","70048","041402011609","NY","Dead Creek",58.39,14428.34
"70049","70049","041402011610","NY","Cross Lake-Seneca River",116.27,28729.76
"70050","70050","041402011611","NY","Crooked Brook-Seneca River",92.26,22797.7
"70153","70153","041402020105","NY","Florence Creek",47.38,11708.69
"70154","70154","041402020102","NY","Headwaters East Branch Fish Creek",116.63,28818.76
"70155","70155","041402020106","NY","Fall Brook-East Branch Fish Creek",48.44,11970.28
"70156","70156","041402020107","NY","East Branch Fish Creek",50.71,12531.09
"70157","70157","041402020201","NY","Headwaters Mad River",79.19,19569.01
"70158","70158","041402020202","NY","Upper West Branch Fish Creek",84.86,20968.19
"70159","70159","041402020203","NY","Mad River",42.82,10581.55
"70213","70213","041402020804","NY","Threemile Creek-Frontal Oneida Lake",39.57,9779.02
"70250","70250","041402020503","NY","Lower Cowaselon Creek",61.36,15163.13
"70251","70251","041402020404","NY","Oneida Creek",84.98,20999.78
"70252","70252","041402020501","NY","Upper Cowaselon Creek",75.39,18628.45
"70253","70253","041402020502","NY","Middle Cowaselon Creek",54.17,13385.92
"70254","70254","041402020504","NY","Canaseraga Creek",86.47,21366.9
"70255","70255","041402020602","NY","West Branch Limestone Creek",64.53,15945.02
"70256","70256","041402020603","NY","Middle Limestone Creek",58.51,14458.46
"70257","70257","041402020605","NY","Butternut Creek",74.35,18371.77
"70258","70258","041402020606","NY","Lower Limestone Creek",52.9,13071.49
"70259","70259","041402020702","NY","Cazenovia Lake-Chittenango Creek",94.35,23314.13
"70260","70260","041402020703","NY","Brinkerhoff Hill-Chittenango Creek",45.83,11324.75
"70261","70261","041402020704","NY","Pools Brook-Chittenango Creek",75.77,18723.21
"70262","70262","041402020705","NY","Chittenango Creek",79.03,19527.87
"70263","70263","041402020801","NY","Hall Brook-Frontal Oneida Lake",46.25,11427.53
"70264","70264","041402020802","NY","Black Creek-Frontal Oneida Lake",60.33,14907.38
"70265","70265","041402020803","NY","Scriba Creek",115.07,28435.49
"70299","70299","041402020807","NY","Mead Creek-Frontal Oneida Lake",83.59,20654.8
"70306","70306","041402020905","NY","Oneida River",105.59,26091.24
"70307","70307","041402030101","NY","Ox Creek",82.19,20309.63
"70376","70376","041402020808","NY","Oneida Lake",207.84,51359.45
"70377","70377","041402020805","NY","Big Bay Creek",64.61,15964.44
"70378","70378","041402020806","NY","Little Bay Creek-Frontal Oneida Lake",34.85,8611.66
"70379","70379","041402020901","NY","Caughdenoy Creek",47.9,11837.35
"70380","70380","041402020902","NY","Mud Creek",78.45,19385.34
"70381","70381","041402020903","NY","Sixmile Creek",73.88,18255.83
"70382","70382","041402030102","NY","Village of Phoenix-Oswego River",75.17,18574.26
"70383","70383","041402030103","NY","Waterhouse Creek-Oswego River",39.38,9730.22
"70384","70384","041402030201","NY","Lake Neatahwanta",47.47,11729.67
"70385","70385","041402030202","NY","Headwaters Black Creek",46.41,11468.87
"70386","70386","041402030203","NY","Black Creek",41.38,10224.84
"70387","70387","041402030204","NY","Oswego River",44.62,11026.94
"70804","70804","020401010306","NY","Sands Creek",46.85,11576.99
"70805","70805","020401010404","NY","Basket Creek",58.35,14419.35
"70806","70806","020401010502","NY","North Branch Callicoon Creek",93.73,23160.41
"70807","70807","020401010503","NY","Upper East Branch Callicoon Creek",85.68,21171.3
"70808","70808","020401010504","NY","Middle East Branch Callicoon Creek",63.19,15615.02
"70809","70809","020401010505","NY","Lower East Branch Callicoon Creek",47.69,11785.38
"70810","70810","020401010603","NY","Tenmile River",126.06,31149.8
"70811","70811","020401020101","NY","Little Beaver Kill",78.39,19370.78
"70908","70908","020401020202","NY","Middle Beaver Kill",126.1,31158.95
"70909","70909","020401020201","NY","Upper Beaver Kill",129.55,32012.62
"70911","70911","020401020203","NY","Tennanah Lake-Trout Brook",51.16,12640.73
"70912","70912","020401020204","NY","Lower Beaver Kill",129.57,32017.74
"70913","70913","020401020301","NY","Batavia Kill",49.91,12332.7
"70914","70914","020401020302","NY","Pleasant Valley Brook-East Branch Delaware River",129.17,31918.39
"70915","70915","020401020303","NY","Vly Creek-Bush Kill",122.29,30219.34
"70916","70916","020401020304","NY","Dry Brook",91.01,22488.67
"70917","70917","020401020305","NY","Platte Kill",91.52,22615
"70918","70918","020401020401","NY","Mill Brook",65.55,16197.96
"70919","70919","020401020402","NY","Tremper Kill-Pepacton Reservoir",97.15,24005.75
"70920","70920","020401020404","NY","Murphy Hill Brook-Pepacton Reservoir",83.36,20597.99
"70921","70921","020401020501","NY","Wilson Hollow Brook-Downs Brook",70.14,17332.55
"70922","70922","020401020502","NY","Trout Brook-East Branch Delaware River",97.42,24071.86
"70923","70923","020401020503","NY","Baxter Brook-East Branch Delaware River",69.19,17097.67
"71008","71008","020401040101","NY","Middle Mongaup River",48.02,11865.66
"71016","71016","020401020505","NY","Fish Creek-East Branch Delaware River",50.07,12372.43
"71017","71017","020401020507","NY","Peas Eddy Brook-East Branch Delaware River",61.81,15273.91
"71018","71018","020401040103","NY","West Branch Mongaup River",69.96,17286.62
"71019","71019","020401040105","NY","Black Lake Creek",99.34,24546.29
"71020","71020","020401040106","NY","Black Brook",50.82,12557.78
"71021","71021","020401040107","NY","Rio Reservoir-Mongaup River",83.19,20557.56
"71022","71022","020401040202","NY","Pine Kill",44.17,10914.06
"71023","71023","020401040203","NY","Basher Kill",79.49,19642.82
"71024","71024","020401040301","NY","West Branch Neversink River",89.22,22047.19
"71025","71025","020401040304","NY","Sheldrake Stream",78.54,19408.28
"71114","71114","020501010102","NY","Herkimer Creek-Canadarago Lake",106.8,26390.75
"71116","71116","020501010103","NY","Oaks Creek",100.63,24866.51
"71118","71118","020501010201","NY","Pleasant Brook",58.62,14485.35
"71119","71119","041402010903","NY","Wilson Creek-Seneca Lake",115.14,28450.6
"71121","71121","041402010904","NY","Castle Creek-Seneca Lake",79.79,19715.32
"71222","71222","041402011002","NY","Middle Fall Creek",64.25,15877.06
"71223","71223","041402010905","NY","Silver Creek-Seneca River",124.83,30846.76
"71224","71224","041402010906","NY","Sucker Brook-Seneca River",66.71,16483.96
"71225","71225","041402011001","NY","Upper Fall Creek",104.85,25909.15
"71226","71226","041402011004","NY","Egypt Creek-Virgil Creek",63.05,15581.07
"71227","71227","041402011005","NY","Lower Fall Creek",59.11,14605.33
"71229","71229","041402011006","NY","Upper Cayuga Inlet",96.77,23912.03
"71230","71230","041402011007","NY","Enfield Creek",79.24,19581.14
"71254","71254","020501010202","NY","Upper Cherry Valley Creek",66.33,16391.14
"80291","80291","011000050604","CT,NY","Great Brook-Housatonic River",103.76,25638.44
"80292","80292","011000050503","CT,NY","Outlet Webatuck Creek",78.66,19436.18
"80293","80293","011000050801","CT,NY","Headwaters Still River",102.48,25323.91
"80329","80329","011000050201","MA,NY","Williams River",114.39,28266.06
"80330","80330","011000050202","MA,NY","Green River",137.84,34061.09
"80337","80337","011000050505","NY","Swamp River",123.8,30591.29
"81146","81146","011000050305","CT,MA,NY","Salmon Creek",98.47,24332.14
"81147","81147","011000050401","CT,NY","Macedonia Brook",45.49,11241.48
"81148","81148","011000050402","CT,NY","Furnace Brook-Housatonic River",160.48,39655.63
"81149","81149","011000050502","CT,NY","Mudge Pond Brook",49.05,12119.31
"85942","85942","020200030604","MA,NY","Green River",111.47,27544.12
"85943","85943","020200060601","MA,NY","West Brook-Kinderhook Creek",104.64,25858.12
"85945","85945","020200060603","MA,NY","Wyomanock Creek",79.28,19589.7
"98565","98565","020200040705","NY","Fulmer Creek",67.63,16712.82
"98566","98566","041402020402","NY","Sconondoa Creek",100.59,24856.87
"98567","98567","020200040202","NY","Upper Oriskany Creek",71.95,17778.99
"98620","98620","020200010607","NY","Alder Brook-Schroon River",59.11,14606.36
"98621","98621","020501011205","NY","Cornell Creek-Susquehanna River",80.49,19888.8
"98622","98622","043001080203","NY","Indian Brook-Lake George",154.96,38291.93
"98623","98623","020200080203","NY","East Branch Wappinger Creek",86.28,21321.04
"98625","98625","020501020102","NY","East Branch Tioughnioga Creek",118.19,29206.41
"98626","98626","041402020904","NY","Lake Temalo-Fish Creek",49.15,12146.45
"98627","98627","020501020103","NY","Labrador Creek",36.78,9088.15
"98628","98628","011000050506","CT,NY","Tenmile River",109.03,26941.86
"98629","98629","020501010403","NY","Upper Charlotte Creek",98.67,24381.58
"98630","98630","020301010105","NY","Furnace Brook-Hudson River",150.97,37306.3
"98632","98632","042900050202","NY","Ermine Brook-Moose Creek",39.61,9788.82
"98682","98682","020501010401","NY","Center Brook",41.12,10160.76
"98715","98715","020501011206","NY","Belden Brook-Susquehanna River",91.73,22666.23
"98727","98727","020501020301","NY","Headwaters Otselic River",111.07,27445.73
"98728","98728","020401010206","NY","Trout Creek",128.24,31688.98
"98729","98729","020200040308","NY","Roberts Creek-Saquoit Creek",91.98,22727.66
"98730","98730","020501011104","NY","Carrs Creek",77.15,19065.12
"98731","98731","020501010101","NY","Ocquionis Creek",58.83,14537.81
"98732","98732","020401010307","NY,PA","Balls Creek-West Branch Delaware River",94.47,23344.47
"98733","98733","020200040902","NY","Headwaters Otsquago Creek",67.74,16738.06
"98734","98734","041402020604","NY","Headwaters Butternut Creek",112.91,27900.23
"98735","98735","020401010205","NY","Beers Brook-West Branch Delaware River",126.87,31350.77
"98736","98736","020401010302","NY","Upper Oquaga Creek",90.29,22311.83
"98738","98738","011000050203","CT,MA,NY","Hubbard Brook",129.81,32076.18
"98739","98739","041402020601","NY","Upper Limestone Creek",83.42,20612.74
"98741","98741","020401010303","NY","Lower Oquaga Creek",84.63,20913.46
"98742","98742","020501010902","NY","West Branch Unadilla River",63.57,15708.29
"98746","98746","020200010106","NY","Newcomb River",51.26,12666.81
"98748","98748","020501020501","NY","Upper Sangerfield River",87.37,21589.22
"98749","98749","020401010101","NY","Town Brook-West Branch Delaware River",83.31,20586.32
"98750","98750","020200080505","NY","Foundry Brook-Hudson River",99.19,24510.65
"98752","98752","041402020701","NY","Headwaters Chittenango Creek",56.97,14077.03
"98754","98754","020200050303","NY","Wharton Hollow Creek",38.66,9551.89
"98755","98755","020200070203","NJ,NY","Upper Pochuck Creek",91.08,22506.68
"98756","98756","020501010601","NY","Cripple Creek",41.69,10301.25
"98758","98758","020200040204","NY","Deans Creek",80.4,19866.93
"98760","98760","020200061001","MA,NY","Headwaters Roeliff Jansen Kill",102.23,25261.61
"99010","99010","011000060405","CT,NY","Horseneck Brook-Frontal Long Island Sound",94.83,23433.7
"99015","99015","020301020202","NY","Sheldrake River-Mamaroneck River",74.18,18329.5
"103069","103069","041504010101","NY","Headwaters Halfway Creek",11929,48.27499294
"103070","103070","041504010102","NY","Hadlock Pond",12382,50.10822052
"103071","103071","041504010103","NY","Halfway Creek",32327,130.8228432
"103072","103072","041504010104","NY","Wood Creek-Lake Champlain Canal",37865,153.2343539
"103073","103073","041504010105","NY","Lake Champlain Canal",33103,133.9632066
"103076","103076","041504010203","NY,VT","Wells Brook-Mettawee River",33443,135.339139
"103077","103077","041504010204","NY,VT","Indian River",23667,95.77703562
"103078","103078","041504010205","NY,VT","Mettawee River",37569,152.0364833
"103133","103133","041504040101","NY","Headwaters East Branch Ausable River",27100,109.669906
"103134","103134","041504040102","NY","Johns Brook",12571,50.87307706
"103135","103135","041504040103","NY","Upper East Branch Ausable River",25059,101.4102647
"103136","103136","041504040104","NY","Middle East Branch Ausable River",37808,153.0036829
"103137","103137","041504040105","NY","Lower East Branch Ausable River",24275,98.2375265
"103138","103138","041504040201","NY","Chubb River",26498,107.2336963
"103139","103139","041504040202","NY","Upper  West Branch Ausable River",36296,146.8848306
"103140","103140","041504040203","NY","Middle West Branch Ausable River",35478,143.5744991
"103141","103141","041504040204","NY","Outlet Taylor Pond",11805,47.7731823
"103142","103142","041504040205","NY","Black Brook",20133,81.47543238
"103143","103143","041504040206","NY","Lower West Branch Ausable River",20818,84.24753148
"103144","103144","041504040301","NY","Palmer Brook-Ausable River",20055,81.1597773
"103145","103145","041504040302","NY","Ausable River",31630,128.0021818
"103161","103161","041504060101","NY","Fish Creek Ponds",21781,88.14465766
"103162","103162","041504060102","NY","Upper Saranac Lake",26812,108.5044103
"103163","103163","041504060103","NY","Cold Brook",12602,50.99852972
"103164","103164","041504060104","NY","Lower Saranac Lake-Saranac River",31678,128.1964311
"103165","103165","041504060201","NY","Ray Brook",10097,40.86114542
"103166","103166","041504060202","NY","Sumner Brook",35545,143.8456387
"103167","103167","041504060203","NY","Moose Creek-Saranac River",30076,121.7133614
"103168","103168","041504060301","NY","Upper North Branch Saranac River",18298,74.04944428
"103169","103169","041504060302","NY","Alder Brook",15790,63.8999194
"103170","103170","041504060303","NY","Middle North Branch Saranac River",28746,116.3310376
"103171","103171","041504060304","NY","Lower North Branch Saranac River",18746,75.86243756
"103172","103172","041504060401","NY","Union Falls Pond-Saranac River",42208,170.8098669
"103173","103173","041504060402","NY","Silver Lake-Saranac River",15348,62.11120728
"103174","103174","041504060501","NY","True Brook",14349,58.06839414
"103175","103175","041504060502","NY","Behan Brook-Saranac River",27364,110.738277
"103176","103176","041504060503","NY","Kelly Brook-Saranac River",18814,76.13762404
"103177","103177","041504060504","NY","Saranac River",24210,97.9744806
"103207","103207","041504080101","NY","Mount Hope Brook-South Bay Creek",15972,64.63644792
"103208","103208","041504080102","NY","South Bay",13188,53.36998968
"103209","103209","041504080103","NY","Mill Brook",7413,29.99937318
"103210","103210","041504080104","NY,VT","Charter Brook-Lake Champlain",40713,164.7598112
"103211","103211","041504080201","NY","Headwater Lake George",36923,149.4222118
"103212","103212","041504080202","NY","Northwest Bay Brook",19742,79.89311012
"103213","103213","041504080203","NY","Indian Brook-Lake George",38291,154.9583163
"103214","103214","041504080204","NY","Sabbath Day Point-Lake George",19724,79.82026664
"103215","103215","041504080205","NY","Outlet Lake George",34725,140.5272135
"103216","103216","041504080206","NY","La Chute",17711,71.67393746
"103218","103218","041504080302","NY","Putnam Creek",39622,160.3446869
"103219","103219","041504080303","NY","Bullwagga Bay",17565,71.0830959
"103220","103220","041504080304","NY,VT","McKenzie Brook-Lake Champlain",45268,183.1932585
"103225","103225","041504080601","NY","Mill Brook",17966,72.70588676
"103226","103226","041504080602","NY,VT","Hoisington Brook-Lake Champlain",62000,250.90532
"103227","103227","041504080701","NY","Upper Bouquet River",30252,122.4256087
"103228","103228","041504080702","NY","Black River",17627,71.33400122
"103229","103229","041504080703","NY","Middle Bouquet River",32716,132.3970718
"103230","103230","041504080704","NY","Spruce Mill Brook",18961,76.73251246
"103231","103231","041504080705","NY","Headwaters North Branch Bouquet River",29244,118.3463738
"103232","103232","041504080706","NY","North Branch Bouquet River",16513,66.82579918
"103233","103233","041504080707","NY","Lower Bouquet River",29639,119.9448835
"103253","103253","041504081301","NY","Headwaters Little Ausable River",16417,66.43730062
"103254","103254","041504081302","NY","Little Ausable River",31176,126.1649074
"103255","103255","041504081401","NY","Headwaters Salmon River",28709,116.1813037
"103256","103256","041504081402","NY","Salmon River",14451,58.48117386
"103257","103257","041504081501","NY","Headwaters Great Chazy River",22856,92.49503216
"103258","103258","041504081502","NY","Headwaters North Branch Great Chazy River",40974,165.8160416
"103259","103259","041504081503","NY","North Branch Great Chazy River",23353,94.50632158
"103260","103260","041504081504","NY","King Brook-Great Chazy River",39266,158.9040048
"103261","103261","041504081505","CN,NY","Bullis Brook-Great Chazy River",36429,147.4230629
"103262","103262","041504081506","NY","Corbeau Creek",17836,72.17979496
"103263","103263","041504081507","CN,NY","Outlet Great Chazy River",11551,46.74527986
"103264","103264","041504081601","NY","Willsboro Bay",15823,64.03346578
"103265","103265","041504081602","NY,VT","Dead Creek",27565,111.5516959
"103266","103266","041504081603","NY,VT","Little Chazy River",34645,140.2034647
"103267","103267","041504081604","NY,VT","Lake Champlain",227514,920.717306
